{"178877":"adnkronos.com#?#.cont-ev-list:-abp-has(.title-channel:-abp-contains(in Evidenza))","178950":"agi.it#?#.agi-article-card:-abp-has(.article-category:-abp-contains(BRANDED CONTENT))","179027":"cronacadiverona.com#?#.td_block_template_1:-abp-has(.td-block-title-wrap:-abp-contains(Banner))","179114":"forum-wranglermania.com#?#.box:has(.box-head:-abp-contains(WM Sponsor))","179182":"guadagna.net#?#center:-abp-has(a:-abp-contains(Esponi i tuoi banner sul forum))","179253":"ilpiccolo.net#?#.article:has(div.categories:-abp-contains(pubbliredazionale))","179327":"ilprogettistaindustriale.it#?#.td_block_wrap:-abp-has(span:-abp-contains(Contenuti sponsorizzati))","179417":"impiego24.it#?#.boxAnnunci:-abp-has(h4:-abp-contains(Annuncio pubblicitario))","179486":"investire.biz#?#.container-fluid.py-3.bg-white-color.pl-5.pr-5:-abp-has(.text-black.weight-400.mb-0:-abp-contains(I Nostri Partners))","179611":"lalaziosiamonoi.it#?#.testo > div:-abp-has(b:-abp-contains(PARTNERS COMMERCIALI))","179684":"laleggepertutti.it#?#.cl-amp-important-information:-abp-has(div:-abp-contains(Annuncio pubblicitario))","179778":"laleggepertutti.it#?#.custom-html:-abp-has(div:-abp-contains(Annuncio pubblicitario))","179855":"logisticanews.it#?#.td_block_wrap:-abp-has(a:-abp-contains(Contenuti sponsorizzati))","179931":"lospiffero.com#?#.article-blog-default:-abp-has(span:-abp-contains(CONTENUTO SPONSORIZZATO))","180015":"mediamarkt.ch,mediaworld.it#?#li[data-index-number]:-abp-has([data-test=\"mms-product-card\"]:-abp-contains(Sponsorizzati))","180128":"paginegialle.it#?#.search-itm:-abp-has(.search-itm__label:-abp-contains(annuncio))","180202":"pharmacyscanner.it#?#.similar-post-holder:-abp-has(.categoria:-abp-contains(Post sponsorizzato))","180290":"radioluna.it#?#.feat-widget-wrap:-abp-has(div:-abp-contains(INFORMAZIONE REDAZIONALE))","180368":"repubblica.it#?#.block.is-postit:has(.block__overtitle:-abp-contains(Contenuti promozionali))","180458":"technofashion.it#?#.td_block_wrap:-abp-has(span:-abp-contains(Advertorial))","180525":"tgcom24.mediaset.it#?#div[data-testid=\"section\"]:-abp-has(span:-abp-contains(Contenuto sponsorizzato))","180619":"tuttoandroid.net#?#.card.dark:-abp-has(span:-abp-contains(Adv))"}