{"8770":"thewindowsclub.com##.entry-content > div > strong:has-text(find & fix Windows error)","9136":"2-spyware.com,novirus.uk,faravirus.ro,uirusu.jp,virusi.hr,wubingdu.cn,avirus.hu,ioys.gr,odstranitvirus.cz,tanpavirus.web.id,utanvirus.se,virukset.fi,losvirus.es,virusler.info.tr,semvirus.pt,lesvirus.fr,senzavirus.it,dieviren.de,viruset.no,usunwirusa.pl,zondervirus.nl,bedynet.ru,virusai.lt,virusi.bg,viirused.ee,udenvirus.dk##.attention-button-wrap:has-text(Reimage)","10295":"2-spyware.com,novirus.uk,faravirus.ro,uirusu.jp,virusi.hr,wubingdu.cn,avirus.hu,ioys.gr,odstranitvirus.cz,tanpavirus.web.id,utanvirus.se,virukset.fi,losvirus.es,virusler.info.tr,semvirus.pt,lesvirus.fr,senzavirus.it,dieviren.de,viruset.no,usunwirusa.pl,zondervirus.nl,bedynet.ru,virusai.lt,virusi.bg,viirused.ee,udenvirus.dk##th:has-text(/^Detection$/)","10668":"2-spyware.com,novirus.uk,faravirus.ro,uirusu.jp,virusi.hr,wubingdu.cn,avirus.hu,ioys.gr,odstranitvirus.cz,tanpavirus.web.id,utanvirus.se,virukset.fi,losvirus.es,virusler.info.tr,semvirus.pt,lesvirus.fr,senzavirus.it,dieviren.de,viruset.no,usunwirusa.pl,zondervirus.nl,bedynet.ru,virusai.lt,virusi.bg,viirused.ee,udenvirus.dk##th:has-text(/^Detection$/) + td","12529":"2-spyware.com,novirus.uk,faravirus.ro,uirusu.jp,virusi.hr,wubingdu.cn,avirus.hu,ioys.gr,odstranitvirus.cz,tanpavirus.web.id,utanvirus.se,virukset.fi,losvirus.es,virusler.info.tr,semvirus.pt,lesvirus.fr,senzavirus.it,dieviren.de,viruset.no,usunwirusa.pl,zondervirus.nl,bedynet.ru,virusai.lt,virusi.bg,viirused.ee,udenvirus.dk##.nfc-bottom-right:has-text(Reimage)","12911":"2-spyware.com,novirus.uk,faravirus.ro,uirusu.jp,virusi.hr,wubingdu.cn,avirus.hu,ioys.gr,odstranitvirus.cz,tanpavirus.web.id,utanvirus.se,virukset.fi,losvirus.es,virusler.info.tr,semvirus.pt,lesvirus.fr,senzavirus.it,dieviren.de,viruset.no,usunwirusa.pl,zondervirus.nl,bedynet.ru,virusai.lt,virusi.bg,viirused.ee,udenvirus.dk##a:has-text(Reimage)","16805":"howtoremove.guide##.entry-content > div:has-text(Special Offer)","17044":"howtoremove.guide###alt_content_main_div > p:has-text(SpyHunter)","17632":"2-spyware.com,novirus.uk,faravirus.ro,uirusu.jp,virusi.hr,wubingdu.cn,avirus.hu,ioys.gr,odstranitvirus.cz,tanpavirus.web.id,utanvirus.se,virukset.fi,losvirus.es,virusler.info.tr,semvirus.pt,lesvirus.fr,senzavirus.it,dieviren.de,viruset.no,usunwirusa.pl,zondervirus.nl,bedynet.ru,virusai.lt,virusi.bg,viirused.ee,udenvirus.dk##a:has-text(SpyHunter)"}