{"1085":"15min.lt#?#script + div:not(.header):-abp-has(+ .wrapper)","1413":"aina.lt#?#div[data-vc-full-width]:-abp-has(div[id^=aina_lt_300x250_])","1632":"aina.lt#?#.bdaia-widget:-abp-has(a[href*=farming])","3003":"aruodas.lt#?#.obj-cont dt:-abp-contains( Reklama/)","3469":"automokyklos.lt#?#.col-md-4.col-sm-6:-abp-has(> ._slot)","9414":"itiketini-faktai.online##center:has-text(Reklama)","12927":"lzinios.lt#?#.fl-row:-abp-has(iframe[src*=reklama])","18911":"suvalkai.lt#?#.widget_text:-abp-has(a:not([href*=\"suvalkai.\"]))","25266":"15min.lt#?#.col-18.no-padding.vl-auto-row:-abp-has(iframe)","25512":"technologijos.lt#?#.portlet_block:has-text(Partneriai)","26404":"kaunozinios.lt#?##sidebar1 > div:has-text(mods)","26495":"klaipedoszinios.lt,xn--iauliinios-z9b5t9e.lt#?#.td_block_wrap:has-text(/^Nuorodos/)","29430":"lkl.lt##.partner-item:upward(.bg-gray-100)"}