{"1594":"1-st.com.pl,agrojd.com,agrospec.pl,arx.pl,aspel.com.pl,babysensepolska.pl,bikeman.pl,bosch.com.pl,browamator.pl,comarch-esklep.pl,cudnydom.pl,e-oazakrakow.pl,elabrick24.pl,esklep.brandvital.eu,estetiq.pl,galerialazienek.pl,haczykowo.pl,kolorowymotylek.pl,kopalniasrebra.com,kran.tychy.pl,ksiegarniarubikon.pl,nygus.pl,oftadirect.pl,ogrodekdziadunia.pl,papier24h.pl,papieryczerpane.pl,profesjonalne-nawadnianie.pl,selene.pl,sklep-narzedzia.pl,sklep.abydos.pl,sklep.agro-eko.com.pl,sklep.agromasz.pl,sklep.balcamp.pl,sklep.benedetto.com.pl,sklep.budowniczy.com.pl,sklep.centrumbhpwpp.eu,sklep.dalimex.pl,sklep.kotrak.com,sklep.kskd.pl,sklep.mebloart.eu,sklep.miodyapis.pl,sklep.phalanxgames.pl,sklep.rol-mech.pl,sklep.salvatti.pl,sklep.sigma-max.pl,sklep.stalco.pl,sklepoptima.pl,spawalniczy-sklep.pl,swiatkoralikow.pl,swiatkoralikow2.pl,texasclub.pl,tvprodukt.pl,wierzynek.pl,workstyle.pl,wphmilitaria.pl#?#div[class*=\"config\"][class*=\"messages\" i]:-abp-contains(/((cookies? i podobnych)|((P|p)lik(i|ów) \"?cookies\"?)|(RODO))/)","7887":"7siekier.pl#?#[id^=comp][data-block-level-container=\"PopupContainer\"]:-abp-contains(cookies)","12657":"aa.org.pl#?#.ramka_box > p:-abp-has(> font > a[href*=\"/HTTP_cookie\"])","12927":"abook.com.pl#?#div.left-sideblock > .sideblock-inner:-abp-has(a[href*=\"/node/125\"])","18699":"adventure-sky.pl,agrobialowieza.pl,aluzja.gorzow.pl,artgos.pl,basenklodzko.pl,biblioteka.gmina.pl,biblioteka.kroscienko-nad-dunajcem.pl,biennalepasteli.pl,bsmuszyna.com,cadvision.pl,cieniawa-ski.pl,ck.przemysl.pl,diagmed.info.pl,dworbartnika.pl,gbp.zwierzyn.pl,goralskiedomki.pl,hostgrafia.pl,interauto.krakow.pl,iwulskadent.pl,karczmawedworze.pl,klodzko.pl,kmdentalexperts.pl,kontestator.eu,ksiegarnia-astex.pl,mojawww.com,muzeum.belchatow.pl,osrodek-terapii.com,pensjonat-szarotka.pl,perlamazur.pl,pieninypoland.pl,powiat-wieruszowski.pl,protos.pl,puch-kotlowski.pl,restauracjaflis.pl,slawex.net.pl,swiatdeski.pl,szczawnica-belweder.pl,szkolaswidnik.edu.pl,tadex-pol.pl,tomiicars.com.pl,transport.krzysko.pl,treningkrakow.pl,tukan.info.pl,vagaru.pl,wikar.pl,willamagiera.pl#?#.widget.type-10:not([id]):-abp-contains(/(cookies?|ciasteczk?a?|rodo|gdpr)/i)","20206":"aerlingus.com#?#.bg-tealGreen-opacity:-abp-has(#cookie-desc)","20433":"aforyzmy-cytaty.pl,agencjacentrum.pl,alfianco.pl,avioner.pl,baza-krs.pl,bip.lsi.net.pl,carq.pl,czerkawski.com.pl,doniczki-poznan.pl,hotfrog.pl,hotpay.pl,kalkulator-so.pl,koraliki.pl,kupbilet.pl,life.wigry.org.pl,luczak.pl,markoweszyby.pl,microhost.pl,moja-grecja.pl,ogloszeniachojnice.com,playtube.pl,postrabbit.pl,r-gol.com,rj.metropoliaztm.pl,sgpm.krakow.pl,swiat-czekolady.com.pl,upolujebooka.pl,xerima.com.pl,zaufanekliniki.pl,zawady.com.pl,zawady19.pl#?#.alert:-abp-contains(cookie)","21311":"agatravel.com.pl#?#body > #top ~ div[style^=\"background\"]:-abp-has(a[href*=\"/polityka_prywatnosci\"])","22611":"agrishop.pl,alibiuro.pl,asta-net.pl,domowa.tv,izodom2000.pl,jedynkafryzjerstwo.pl,molkip.pl,print-me.pl,spark.pl,twojezdrowie.pl#?#div[id^=\"elementor-popup-modal-\"]:-abp-contains(/cookies?|rodo|gdpr|ciastecze?ka?/i)","22860":"agro-mig.pl#?#.popup:-abp-has(a[href*=\"40\"]:-abp-contains(Polityce prywatności))","23072":"agronomberries.pl,dobrarelacja.pl,lajtmobile.pl,polutowani.pl,projektowanie-wnetrz-online.pl,termyszaflary.com#?#div[id^=\"elementor-popup-modal-\"]:-abp-has(a[href*=\"polityka-prywatnosci\"])","27591":"alles.pl,e-marilyn.pl#?#.alert:-abp-contains(ciasteczek)","28377":"allthejobs.pl#?#header > div.container-fluid:nth-of-type(2):-abp-has(a[href=\"/privacy-policy\"])","31093":"apartamentyborowcowa.pl#?#.sppb-alert-success.sppb-alert:-abp-has(> a:not([href]))","32900":"archiwumbip.krzemieniewo.pl#?#table font small:-abp-contains(używa cookies)","33202":"arena.pl#?##__next > footer ~ .MuiPaper-root:-abp-has(a[href*=\"Polityka-Plik%C3%B3w-Cookies\"].MuiLink-root)","33468":"artim.com.pl#?#td[valign=\"top\"] > div[webpartid].ms-WPbody:-abp-contains(pliki cookies)","34717":"atelierba.com.pl,e-moda.com.pl#?##content-wrap > div:first-child:-abp-contains(plików cookie)","35842":"augustowogloszenia.pl,barlineknoclegi.pl,barlinekogloszenia.pl,bartoszycenoclegi.pl,bartoszyceogloszenia.pl,bedzinogloszenia.pl,belchatowogloszenia.pl,belchatowpraca.pl,bialapodlaskaogloszenia.pl,bialapodlaskapraca.pl,bialobrzegiogloszenia.pl,bialogardogloszenia.pl,bialystokpraca.pl,bielawaogloszenia.pl,bielsknoclegi.pl,bielskobialaogloszenia.pl,bielskobialapraca.pl,bierunogloszenia.pl,bilgorajnoclegi.pl,bilgorajogloszenia.pl,bochniapraca.pl,boleslawiecnoclegi.pl,boleslawiecogloszenia.pl,braniewoogloszenia.pl,brodnicanoclegi.pl,brzegnoclegi.pl,brzegogloszenia.pl,brzeskonoclegi.pl,brzeskoogloszenia.pl,brzezinyogloszenia.pl,brzozowogloszenia.pl,buskonoclegi.pl,buskozdrojogloszenia.pl,bydgoszczogloszenia.pl,bydgoszczpraca.pl,bytomnoclegi.pl,bytomogloszenia.pl,bytompraca.pl,bytowogloszenia.pl,bytowpraca.pl,checinyogloszenia.pl,chelmnoclegi.pl,chelmogloszenia.pl,chelmpraca.pl,chodziezogloszenia.pl,chojnicepraca.pl,chorzownoclegi.pl,chorzowogloszenia.pl,chorzowpraca.pl,choszcznoogloszenia.pl,chrzanowogloszenia.pl,ciechanownoclegi.pl,ciechanowogloszenia.pl,ciechocineknoclegi.pl,cieszynogloszenia.pl,czaplinekogloszenia.pl,czarnkowogloszenia.pl,czerskogloszenia.pl,czestochowaogloszenia.pl,czluchowogloszenia.pl,dabrowapraca.pl,dabrowatarnowskaogloszenia.pl,debicanoclegi.pl,debicapraca.pl,drawskonoclegi.pl,drawskopomorskieogloszenia.pl,dzialdowonoclegi.pl,dzierzoniownoclegi.pl,dzierzoniowogloszenia.pl,elblagpraca.pl,elknoclegi.pl,elkogloszenia.pl,elkpraca.pl,fajnenoclegipoznan.pl,gdanskpraca.pl,gdyniapraca.pl,gizyckonoclegi.pl,gliwicenoclegi.pl,gliwiceogloszenia.pl,gliwicepraca.pl,glogowogloszenia.pl,glogowpraca.pl,glubczyceogloszenia.pl,gnieznonoclegi.pl,gnieznoogloszenia.pl,gnieznopraca.pl,goldapogloszenia.pl,goleniowogloszenia.pl,golub-dobrzynogloszenia.pl,goraogloszenia.pl,gorliceogloszenia.pl,gorzownoclegi.pl,gorzowogloszenia.pl,gorzowpraca.pl,gostyninogloszenia.pl,gostynogloszenia.pl,grajewonoclegi.pl,grodzisknoclegi.pl,grodziskpraca.pl,grodziskwielkopolskiogloszenia.pl,grojecnoclegi.pl,grojecogloszenia.pl,grudziadzogloszenia.pl,grudziadzpraca.pl,gryficenoclegi.pl,gryficeogloszenia.pl,gryfinonoclegi.pl,hajnowkaogloszenia.pl,hrubieszowogloszenia.pl,ilawanoclegi.pl,inowroclawnoclegi.pl,inowroclawogloszenia.pl,inowroclawpraca.pl,iwonicznoclegi.pl,janowlubelskiogloszenia.pl,jarocinnoclegi.pl,jarocinpraca.pl,jaroslawnoclegi.pl,jaroslawogloszenia.pl,jasloogloszenia.pl,jaworogloszenia.pl,jaworznopraca.pl,jedrzejowogloszenia.pl,jeleniagoranoclegi.pl,jeleniagoraogloszenia.pl,job365.pl,kaliszpraca.pl,kamiennagoraogloszenia.pl,kamienpomorskiogloszenia.pl,karpaczogloszenia.pl,kartuzyogloszenia.pl,katowicepraca.pl,kazimierzawielkaogloszenia.pl,kedzierzynkozleogloszenia.pl,kepnonoclegi.pl,kepnoogloszenia.pl,ketrzynogloszenia.pl,kielceogloszenia.pl,kielcepraca.pl,klobuckogloszenia.pl,klodzkoogloszenia.pl,kluczborkogloszenia.pl,kolbuszowaogloszenia.pl,kolnoogloszenia.pl,kolobrzegogloszenia.pl,kolobrzegpraca.pl,kolonoclegi.pl,koloogloszenia.pl,koninnoclegi.pl,koninogloszenia.pl,koninpraca.pl,konskienoclegi.pl,kopalinonoclegi.pl,kosciannoclegi.pl,koscierzynaogloszenia.pl,kostrzynnoclegi.pl,kostrzynogloszenia.pl,koszalinnoclegi.pl,koszalinogloszenia.pl,koszalinpraca.pl,kozieniceogloszenia.pl,krakowofertypracy.pl,krakowogloszenia.com,krapkowiceogloszenia.pl,krasnikogloszenia.pl,krasnystawnoclegi.pl,krasnystawogloszenia.pl,krosnonoclegi.pl,krosnoodrzanskieogloszenia.pl,krosnopraca.pl,krotoszynogloszenia.pl,krynicazdrojogloszenia.pl,kutnoogloszenia.pl,kwaterychalupy.pl,kwaterydabki.pl,kwaterydarlowo.pl,kwateryhel.pl,kwateryjantar.pl,kwateryjaroslawiec.pl,kwateryjastrzebiagora.pl,kwaterykielce.pl,kwaterymiedzywodzie.pl,kwaterymragowo.pl,kwateryopole.pl,kwaterypuck.pl,kwateryrzeszow.pl,kwaterysarbinowo.pl,kwidzynnoclegi.pl,kwidzynogloszenia.pl,kwidzynpraca.pl,lancutogloszenia.pl,laskogloszenia.pl,leborknoclegi.pl,lecznanoclegi.pl,leczycaogloszenia.pl,legionowoogloszenia.pl,legnicanoclegi.pl,legnicaogloszenia.pl,legnicapraca.pl,leskoogloszenia.pl,lesznonoclegi.pl,lesznoogloszenia.pl,lesznopraca.pl,lezajskogloszenia.pl,lidzbarkogloszenia.pl,limanowaogloszenia.pl,lipnoogloszenia.pl,lipskoogloszenia.pl,lobezogloszenia.pl,lodzogloszenia.pl,lodzpraca.pl,lokalneogloszenia.com,lomzanoclegi.pl,lomzapraca.pl,losiceogloszenia.pl,lowiczogloszenia.pl,lubaczowogloszenia.pl,lubanogloszenia.pl,lubartownoclegi.pl,lubartowogloszenia.pl,lubin365.pl,lubinogloszenia.pl,lubinpraca.pl,lubliniecogloszenia.pl,lubliniecpraca.pl,lublinogloszenia.pl,lublinpraca.pl,lubonogloszenia.pl,lukownoclegi.pl,lukowogloszenia.pl,lwowekslaskiogloszenia.pl,makowmazowieckiogloszenia.pl,malborknoclegi.pl,malborkogloszenia.pl,markiogloszenia.pl,miechowogloszenia.pl,miedzychodogloszenia.pl,miedzyrzeczogloszenia.pl,mielecpraca.pl,mikolajkiogloszenia.pl,mikolowogloszenia.pl,milanoweknoclegi.pl,miliczogloszenia.pl,mlawanoclegi.pl,modlinnoclegi.pl,monkiogloszenia.pl,moragogloszenia.pl,mszczonownoclegi.pl,mysleniceogloszenia.pl,myslenicepraca.pl,mysliborzogloszenia.pl,myslowicepraca.pl,myszkownoclegi.pl,nakloogloszenia.pl,namyslowogloszenia.pl,nidzicaogloszenia.pl,niepolomicenoclegi.pl,niskoogloszenia.pl,noclegialeksandrow.pl,noclegibialapodlaska.pl,noclegibialobrzegi.pl,noclegibialogora.pl,noclegibielawa.pl,noclegiblonie.pl,noclegibobolice.pl,noclegibobolin.pl,noclegibobrka.pl,noclegibochnia.pl,noclegibraniewo.pl,noclegibrenna.pl,noclegibrwinow.pl,noclegibukowina-tatrzanska.pl,noclegibytow.pl,noclegicetniewo.pl,noclegichlapowo.pl,noclegichoczewo.pl,noclegichojnice.pl,noclegiczarna-gora.pl,noclegidabrowa.pl,noclegidunajec.pl,noclegigarwolin.pl,noclegigorakalwaria.pl,noclegigrudziadz.pl,noclegihrubieszow.pl,noclegijaslo.pl,noclegijaworki.pl,noclegijedrzejow.pl,noclegijugow.pl,noclegikedzierzyn.pl,noclegikluczbork.pl,noclegikolistygron.pl,noclegikrasnik.pl,noclegilegionowo.pl,noclegilesko.pl,noclegilezajsk.pl,noclegilidzbark.pl,noclegilimanowa.pl,noclegilomianki.pl,noclegilubaczow.pl,noclegilubawka.pl,noclegilubiatowo.pl,noclegimalinka.pl,noclegimiastko.pl,noclegimiasto.pl,noclegimiedzyrzecz.pl,noclegimielec.pl,noclegiminsk.pl,noclegimyslenice.pl,nocleginadarzyn.pl,nocleginieporet.pl,nocleginosal.pl,nocleginowogard.pl,noclegiolawa.pl,noclegiolesnica.pl,noclegiolkusz.pl,noclegiorzysz.pl,noclegiostroleka.pl,noclegiostrowiec.pl,noclegiostrowmazowiecka.pl,noclegiotwock.pl,noclegipabianice.pl,noclegipiechowice.pl,noclegipiekary.pl,noclegipiotrkow.pl,noclegipiwniczna.pl,noclegiplock.pl,noclegipodkowa.pl,noclegipolczyn.pl,noclegipruszkow.pl,noclegiprzasnysz.pl,noclegipulawy.pl,noclegirabkazdroj.pl,noclegiradzyn.pl,noclegirusinowo.pl,noclegirypin.pl,noclegisanok.pl,noclegisiemiatycze.pl,noclegisierpc.pl,noclegiskarzysko.pl,noclegiskierniewice.pl,noclegisoblowka.pl,noclegisokolka.pl,noclegisokolow.pl,noclegisrebrnagora.pl,noclegisroda.pl,noclegisromowce.pl,noclegistalowawola.pl,noclegistarachowice.pl,noclegistargard.pl,noclegistarszow.pl,noclegistronie.pl,noclegiswarzedz.pl,noclegiswieradow-zdroj.pl,noclegiszczawnik.pl,noclegitarnobrzeg.pl,noclegitczew.pl,noclegitomaszow.pl,noclegitrzebnica.pl,noclegitychy.pl,noclegitylicz.pl,noclegiustrzyki.pl,noclegiwagrowiec.pl,noclegiwarka.pl,noclegiwielun.pl,noclegiwlodawa.pl,noclegiwolsztyn.pl,noclegiwyszkow.pl,noclegizambrow.pl,noclegizawiercie.pl,noclegizawoz.pl,noclegizgierz.pl,noclegizgorzelec.pl,noclegizlotow.pl,noclegiznin.pl,noclegizwolen.pl,nowasologloszenia.pl,nowemiastolubawskieogloszenia.pl,nowogardogloszenia.pl,nowydworgdanskiogloszenia.pl,nowydwormazowieckiogloszenia.pl,nowysacznoclegi.pl,nowysaczogloszenia.pl,nowysaczpraca.pl,nowytargogloszenia.pl,nowytomyslogloszenia.pl,nysanoclegi.pl,nysapraca.pl,obornikiogloszenia.pl,ofertypracyczestochowa.pl,ofertypracyolsztyn.pl,ofertypracyradom.pl,ofertypracyradomsko.pl,ofertypracyszczecin.pl,ofertypracywroclaw.pl,ogloszeniaaleksandrow.pl,ogloszeniabialystok.com,ogloszeniabielsk.pl,ogloszeniablonie.pl,ogloszeniabochnia.pl,ogloszeniabrodnica.pl,ogloszeniabrwinow.pl,ogloszeniachelmno.pl,ogloszeniachojnice.com,ogloszeniadabrowa.pl,ogloszeniadebica.com,ogloszeniadobremiasto.pl,ogloszeniadrezdenko.pl,ogloszeniadzialdowo.pl,ogloszeniaelblag.com,ogloszeniagdansk.com,ogloszeniagdynia.com,ogloszeniagizycko.pl,ogloszeniagrajewo.pl,ogloszeniagrodzisk.pl,ogloszeniagryfino.pl,ogloszeniailawa.com,ogloszeniajarocin.pl,ogloszeniakalisz.com,ogloszeniakatowice.com,ogloszeniakonskie.pl,ogloszeniakoscian.pl,ogloszeniakrosno.com,ogloszenialebork.pl,ogloszenialeczna.pl,ogloszenialomianki.pl,ogloszenialomza.com,ogloszeniamiastko.pl,ogloszeniamielec.com,ogloszeniamilanowek.pl,ogloszeniaminsk.pl,ogloszeniamlawa.pl,ogloszeniamragowo.pl,ogloszeniamszczonow.pl,ogloszeniamyszkow.pl,ogloszenianadarzyn.pl,ogloszenianysa.com,ogloszeniaolecko.pl,ogloszeniaolesnica.com,ogloszeniaolesno.pl,ogloszeniaostrow.pl,ogloszeniaozarow.pl,ogloszeniaozorkow.pl,ogloszeniapiastow.pl,ogloszeniapiekary.pl,ogloszeniaplock.com,ogloszeniapodkowa.pl,ogloszeniapruszcz.pl,ogloszeniaprzasnysz.pl,ogloszeniaprzemysl.com,ogloszeniaradom.com,ogloszeniaskarzysko.pl,ogloszeniaskawina.pl,ogloszeniaskierniewice.pl,ogloszeniaslawno.pl,ogloszeniasrem.pl,ogloszeniasroda.pl,ogloszeniastarachowice.pl,ogloszeniastarogard.pl,ogloszeniaswiebodzin.pl,ogloszeniaswiecie.pl,ogloszeniaszczecin.com,ogloszeniaszczytno.pl,ogloszeniatarnobrzeg.com,ogloszeniatychy.com,ogloszeniawabrzezno.pl,ogloszeniawagrowiec.pl,ogloszeniawegorzewo.pl,ogloszeniawolomin.pl,ogloszeniawroclaw.com,ogloszeniawyszkow.pl,ogloszeniazakopane.com,ogloszeniazambrow.pl,ogloszeniazary.pl,olawaogloszenia.pl,olesnicapraca.pl,olkuszogloszenia.pl,olsztynogloszenia.pl,opatowogloszenia.pl,opocznoogloszenia.pl,opolelubelskieogloszenia.pl,opoleogloszenia.pl,opolepraca.pl,ostrodanoclegi.pl,ostrodaogloszenia.pl,ostrolekaogloszenia.pl,ostrolekapraca.pl,ostrowiecogloszenia.pl,ostrowiecswietokrzyskiogloszenia.pl,ostrownoclegi.pl,ostrowogloszenia.pl,ostrzeszowogloszenia.pl,oswiecimnoclegi.pl,oswiecimogloszenia.pl,otwockogloszenia.pl,ozorkownoclegi.pl,pabianiceogloszenia.pl,pabianicepraca.pl,pajecznoogloszenia.pl,parczewogloszenia.pl,piasecznonoclegi.pl,piasecznoogloszenia.pl,piasecznopraca.pl,piastownoclegi.pl,pilanoclegi.pl,pilaogloszenia.pl,pilapraca.pl,pinczowogloszenia.pl,piotrkowogloszenia.pl,pisznoclegi.pl,piszogloszenia.pl,pleszewogloszenia.pl,plockpraca.pl,plonsknoclegi.pl,plonskogloszenia.pl,poddabienoclegi.pl,poddebiceogloszenia.pl,pokojekazimierzdolny.pl,pokojelubliniec.pl,pokojerybnik.pl,pokojeskawina.pl,pokojezagan.pl,polczynzdrojogloszenia.pl,policeogloszenia.pl,polkowicenoclegi.pl,polkowiceogloszenia.pl,poznanogloszenia.com,poznanpraca.pl,pracaaleksandrowkujawski.pl,pracaaugustow.pl,pracabaranowo.pl,pracabartoszyce.pl,pracabedzin.pl,pracabialobrzegi.pl,pracabialogard.pl,pracabielanywroclawskie.pl,pracabielskpodlaski.pl,pracabierun.pl,pracabilgoraj.pl,pracablonie.pl,pracaboleslawiec.pl,pracabraniewo.pl,pracabrodnica.pl,pracabrzeg.pl,pracabrzesk.pl,pracabrzeziny.pl,pracabrzozow.pl,pracabuk.pl,pracabusko.pl,pracachelmno.pl,pracachodziez.pl,pracachoszczno.pl,pracachrzanow.pl,pracaciechanow.pl,pracacieszyn.pl,pracaczarnkow.pl,pracaczluchow.pl,pracadabrowatarnowska.pl,pracadlugoleka.pl,pracadopiewo.pl,pracadrawskopomorskie.pl,pracadzialdowo.pl,pracadzierzoniow.pl,pracagadki.pl,pracagarwolin.pl,pracagizycko.pl,pracaglubczyce.pl,pracagoldap.pl,pracagoleniow.pl,pracagolub-dobrzyn.pl,pracagora.pl,pracagorlice.pl,pracagostyn.pl,pracagrajewo.pl,pracagrodziskwielkopolski.pl,pracagrojec.pl,pracagryfice.pl,pracagryfino.pl,pracahajnowka.pl,pracahrubieszow.pl,pracailawa.pl,pracajanowlubelski.pl,pracajaroslaw.pl,pracajaslo.pl,pracajastrzebie.pl,pracajawor.pl,pracajedrzejow.pl,pracajelczlaskowice.pl,pracajeleniagora.pl,pracakamiennagora.pl,pracakamienpomorski.pl,pracakartuzy.pl,pracakatywroclawskie.pl,pracakazimierzawielka.pl,pracakedzierzynkozle.pl,pracakepno.pl,pracaketrzyn.pl,pracaklobuck.pl,pracaklodzko.pl,pracakluczbork.pl,pracakolbuszowa.pl,pracakolno.pl,pracakolo.pl,pracakomorniki.pl,pracakonskie.pl,pracakornik.pl,pracakoscian.pl,pracakoscierzyna.pl,pracakozienice.pl,pracakrapkowice.pl,pracakrasnik.pl,pracakrasnystaw.pl,pracakrosnoodrzanskie.pl,pracakrotoszyn.pl,pracakrynica.pl,pracakutno.pl,pracalancut.pl,pracalask.pl,pracalebork.pl,pracaleczna.pl,pracaleczyca.pl,pracalegionowo.pl,pracalesko.pl,pracalezajsk.pl,pracalidzbarkwarminski.pl,pracalimanowa.pl,pracalipno.pl,pracalipsko.pl,pracalobez.pl,pracalomianki.pl,pracalosice.pl,pracalowicz.pl,pracalubaczow.pl,pracaluban.pl,pracalubartow.pl,pracalubon.pl,pracalukow.pl,pracalwowekslaski.pl,pracamakowmazowiecki.pl,pracamalbork.pl,pracamazury.pl,pracamiastko.pl,pracamiasto.pl,pracamiechow.pl,pracamiedzychod.pl,pracamiedzyrzecz.pl,pracamikolajki.pl,pracamikolow.pl,pracamilanowek.pl,pracamilicz.pl,pracaminsk.pl,pracamlawa.pl,pracamogilno.pl,pracamonki.pl,pracamragowo.pl,pracamszczonow.pl,pracamysliborz.pl,pracamyszkow.pl,pracanaklo.pl,pracanamyslow.pl,pracanidzica.pl,pracanisko.pl,pracanowasol.pl,pracanowemiastolubawskie.pl,pracanowydworgdanski.pl,pracanowydwormazowiecki.pl,pracanowytarg.pl,pracanowytomysl.pl,pracaoborniki.pl,pracaolawa.pl,pracaolecko.pl,pracaolesno.pl,pracaolkusz.pl,pracaolsztynek.pl,pracaopatow.pl,pracaopoczno.pl,pracaopolelubelskie.pl,pracaostroda.pl,pracaostrow.pl,pracaostrowiec.pl,pracaostrowmazowiecka.pl,pracaostrzeszow.pl,pracaoswiecim.pl,pracaotwock.pl,pracaozarow.pl,pracaozarowmazowiecki.pl,pracapajeczno.pl,pracaparczew.pl,pracapiastow.pl,pracapiekary.pl,pracapinczow.pl,pracapiotrkow.pl,pracapisz.pl,pracapleszew.pl,pracaplonsk.pl,pracapoddebice.pl,pracapolice.pl,pracapolkowice.pl,pracaproszowice.pl,pracaprudnik.pl,pracapruszczgdanski.pl,pracapruszkow.pl,pracaprzasnysz.pl,pracaprzeworsk.pl,pracaprzezmierowo.pl,pracaprzysucha.pl,pracapszczyna.pl,pracapuck.pl,pracapultusk.pl,pracapyrzyce.pl,pracarabkazdroj.pl,pracaradziejow.pl,pracaradzynpodlaski.pl,pracarawa.pl,pracarawicz.pl,pracaropczyce.pl,pracarudaslaska.pl,pracaryki.pl,pracarypin.pl,pracasandomierz.pl,pracasanok.pl,pracasejny.pl,pracasepolno.pl,pracasiemianowice.pl,pracasiemiatycze.pl,pracasierpc.pl,pracaskarzyskokamienna.pl,pracaskierniewice.pl,pracaslawno.pl,pracaslubice.pl,pracaslupsk.pl,pracasokolka.pl,pracasokolow.pl,pracasokolowpodlaski.pl,pracasopot.pl,pracasosnowiec.pl,pracasrem.pl,pracasroda.pl,pracasrodaslaska.pl,pracastargard.pl,pracastarogard.pl,pracastaszow.pl,pracastrykow.pl,pracastrzelcekrajenskie.pl,pracastrzelceopolskie.pl,pracastrzelin.pl,pracastrzyzow.pl,pracasuchabeskidzka.pl,pracasuchylas.pl,pracasulecin.pl,pracaswidnik.pl,pracaswidwin.pl,pracaswiebodzin.pl,pracaswiecie.pl,pracaswietochlowice.pl,pracaswinoujscie.pl,pracaszamotuly.pl,pracasztum.pl,pracaszydlowiec.pl,pracatarnowopodgorne.pl,pracatarnowskiegory.pl,pracatomaszowlubelski.pl,pracatrzebnica.pl,pracatuchola.pl,pracaturek.pl,pracatychy.pl,pracaustrzyki.pl,pracawabrzezno.pl,pracawadowice.pl,pracawagrowiec.pl,pracawalcz.pl,pracawegorzewo.pl,pracawegrow.pl,pracawieliczka.pl,pracawielun.pl,pracawieruszow.pl,pracawlodawa.pl,pracawloszczowa.pl,pracawodzislawslaski.pl,pracawolkakosowska.pl,pracawolomin.pl,pracawolow.pl,pracawolsztyn.pl,pracawschowa.pl,pracawysokiemazowieckie.pl,pracawyszkow.pl,pracazabkowice.pl,pracazagan.pl,pracazakopane.pl,pracazambrow.pl,pracazawiercie.pl,pracazdunskawola.pl,pracazlotoryja.pl,pracazlotow.pl,pracaznin.pl,pracazuromin.pl,proszowiceogloszenia.pl,prudnikogloszenia.pl,pruszczgdanskiogloszenia.pl,pruszcznoclegi.pl,pruszkowogloszenia.pl,przemyslnoclegi.pl,przemyslpraca.pl,przeworskogloszenia.pl,przysuchaogloszenia.pl,pszczynaogloszenia.pl,puckogloszenia.pl,pulawyogloszenia.pl,pulawypraca.pl,pultusknoclegi.pl,pultuskogloszenia.pl,pyrzyceogloszenia.pl,raciborznoclegi.pl,raciborzogloszenia.pl,raciborzpraca.pl,radomnoclegi.pl,radomskonoclegi.pl,radomskoogloszenia.pl,radziejowogloszenia.pl,radzyminogloszenia.pl,radzyminpraca.pl,radzynpodlaskiogloszenia.pl,rawamazowieckaogloszenia.pl,rawanoclegi.pl,rawiczogloszenia.pl,ropczyceogloszenia.pl,rudaslaskaogloszenia.pl,rusinowonoclegi.pl,rybnikogloszenia.pl,rybnikpraca.pl,rykiogloszenia.pl,rypinogloszenia.pl,rzeszowogloszenia.com,rzeszowpraca.pl,sandomierzogloszenia.pl,sanokogloszenia.pl,sejnyogloszenia.pl,sepolnokrajenskieogloszenia.pl,serocknoclegi.pl,siedlcenoclegi.pl,siedlceogloszenia.pl,siedlcepraca.pl,siemianowiceogloszenia.pl,siemiatyczeogloszenia.pl,sieradznoclegi.pl,sieradzogloszenia.pl,sieradzpraca.pl,sierpcogloszenia.pl,skawinapraca.pl,slubiceogloszenia.pl,slupcaogloszenia.pl,slupcapraca.pl,slupsknoclegi.pl,slupskogloszenia.pl,sochaczewogloszenia.pl,sochaczewpraca.pl,sokolkaogloszenia.pl,sokolowpodlaskiogloszenia.pl,sopotogloszenia.pl,sosnowiecogloszenia.pl,sremnoclegi.pl,srodaslaskaogloszenia.pl,stalowawolaogloszenia.pl,stalowawolapraca.pl,starachowicepraca.pl,stargardogloszenia.pl,starogardgdanskiogloszenia.pl,staszowogloszenia.pl,strykowogloszenia.pl,strzelcekrajenskieogloszenia.pl,strzelceopolskieogloszenia.pl,strzelinogloszenia.pl,strzyzowogloszenia.pl,suchabeskidzkaogloszenia.pl,sulecinogloszenia.pl,suwalkinoclegi.pl,suwalkiogloszenia.pl,suwalkipraca.pl,swarzedzogloszenia.pl,swarzedzpraca.pl,swidnicaogloszenia.pl,swidnicapraca.pl,swidnikogloszenia.pl,swidwinogloszenia.pl,swietochlowiceogloszenia.pl,swinoujscieogloszenia.pl,szamotulyogloszenia.pl,szczecineknoclegi.pl,szczecinekogloszenia.pl,szczecinekpraca.pl,szczytnonoclegi.pl,szczytnopraca.pl,sztumogloszenia.pl,sztutowonoclegi.pl,szwecjapraca.pl,szydlowiecogloszenia.pl,tanienoclegitorun.pl,tarczynogloszenia.pl,tarnobrzegpraca.pl,tarnowogloszenia.com,tarnowpraca.pl,tarnowskiegoryogloszenia.pl,tczewogloszenia.pl,tczewpraca.pl,tomaszowlubelskiogloszenia.pl,tomaszownoclegi.pl,tomaszowogloszenia.pl,tomaszowpraca.pl,torunogloszenia.pl,torunpraca.pl,trew.pl,trzciankaogloszenia.pl,trzebnicaogloszenia.pl,tucholaogloszenia.pl,turekogloszenia.pl,tychyogloszenia.pl,ustrzykidolneogloszenia.pl,wadowiceogloszenia.pl,walbrzychogloszenia.pl,walbrzychpraca.pl,walczogloszenia.pl,warkaogloszenia.pl,warszawaofertypracy.pl,warszawaogloszenia.com,wegorzewonoclegi.pl,wegrowogloszenia.pl,wejherowoogloszenia.pl,wejherowopraca.pl,wieliczkaogloszenia.pl,wielunogloszenia.pl,wieruszowogloszenia.pl,wloclawekogloszenia.pl,wloclawekpraca.pl,wlodawaogloszenia.pl,wloszczowaogloszenia.pl,wodzislawslaskiogloszenia.pl,wolominnoclegi.pl,wolowogloszenia.pl,wolsztynogloszenia.pl,wronkinoclegi.pl,wronkiogloszenia.pl,wrzesniaogloszenia.pl,wrzesniapraca.pl,wschowaogloszenia.pl,wysokiemazowieckieogloszenia.pl,zabkowiceogloszenia.pl,zabrzeogloszenia.pl,zabrzepraca.pl,zaganogloszenia.pl,zamoscnoclegi.pl,zamoscogloszenia.pl,zamoscpraca.pl,zarypraca.pl,zawiercieogloszenia.pl,zdunskawolaogloszenia.pl,zgierzogloszenia.pl,zgierzpraca.pl,zgorzelecogloszenia.pl,zgorzelecpraca.pl,zielonagoraogloszenia.pl,zielonagorapraca.pl,zlotoryjaogloszenia.pl,zlotowogloszenia.pl,zlotystoknoclegi.pl,zninogloszenia.pl,zoryogloszenia.pl,zorypraca.pl,zurominogloszenia.pl,zwolenogloszenia.pl,zyrardowogloszenia.pl,zyrardowpraca.pl,zywiecogloszenia.pl,zywiecpraca.pl#?#.alert:-abp-has(a[href*=\"/polityka-cookies\"] ~ a[href*=\"/polityka\"])","57063":"babysensepolska.pl,barline.eu,estetiq.pl,nails.pl,swiatkoralikow2.pl,tvprodukt.pl#?#div[class*=\"config\"][class*=\"messages\" i]:-abp-contains(/(cookies? i podobnych)|((P|p)lik(i|ów) \"?cookies\"?|RODO)/)","58674":"banbye.com#?#.v-dialog__content:-abp-contains(cookies)","59882":"beesafe.pl#?##root > div > div > div > .MuiGrid-root.container:only-child:-abp-has(a[href*=\"/polityka-prywatnosci/\"])","60705":"berendsen.pl#?#body > div[id]:-abp-has(a[title=\"Cookies policy\"])","60767":"berlitz.com#?##gatsby-focus-wrapper > div:first-child > div:first-child > div:first-child:-abp-has(a[href*=\"/warunki-uzytkowania\"])","60929":"beskidy24.pl#?#body > div:nth-child(-n+7):not([id], [class], [style]):-abp-has(> a[href*=\"cookies\"]:only-child)","61239":"bethesda.net#?#visor-alert[name=\"visor-alert\"] > div[class=\"\"] > div > div:last-child:-abp-has(> a[href$=\"/cookie-policy\"])","61744":"bia.pl,openkontakt.com,szu.pl#?#body table .poz > div:-abp-contains(pliki cookies)","63654":"binance.com#?##__APP ~ div[class^=\"css-\"]:-abp-has(> div > a[href=\"/pl/privacy\"])","64352":"bip1.sokolow-mlp.pl#?#table[style*=\"width\"][style*=\"500\"][border=\"1\"]:-abp-has(th[scope=\"col\"] > p > strong > span:-abp-contains(COOKIES))","64742":"bip.gminadynow.pl#?##footer > p:-abp-contains(używa cookies)","65283":"bip.um.szczytno.pl#?#.td_content_html p:-abp-has(span[style*=\"font\"] > strong > span[style*=\"background-color\"]:-abp-contains(/plików cookies/i))","66871":"blikomania.pl#?#.modal-wrapper:-abp-contains(plików cookies)","67331":"blogger.com#?#[aria-label=\"Powiadomienia z Bloggera\"]:-abp-contains(cookie)","67996":"bok.polsatbox.pl#?#.shellContainer:-abp-has([id*=\"rodo\"], [class*=\"gdpr\"])","68425":"bonami.pl#?#body > div[class] ~ div[class] > div[class]:only-child > div[class]:only-child:-abp-has(> p[class]:-abp-contains(używa plików cookie))","68958":"booksy.com#?##page > footer ~ div[class]:-abp-contains(cookie)","70125":"bslapy.pl#?#body > table:first-child > tbody:-abp-contains(Cookies)","72848":"canva.com#?##root main ~ div:last-child:-abp-has(> div > div > span > [href=\"https://about.canva.com/terms-of-use/\"] ~ [href=\"https://about.canva.com/cookies-policy/\"])","73013":"canva.com#?#div[aria-live=\"polite\"]:-abp-has(> div span a[href*=\"/policies/cookies-policy/\"])","74291":"centrumsportu.com.pl#?##panel_popup.panel_popup:-abp-has(.artykul)","75830":"cire.pl#?##root > header ~ header ~ div[class*=\" \"]:-abp-has(> div div:first-child:-abp-contains(/^Informacja na stronę$/))","75945":"cire.pl#?##root > header ~ header ~ div[class*=\" \"]:-abp-has(> div p:first-child:-abp-contains(/plików cookie$/))","76582":"ckmir.com.pl#?#p:-abp-contains(cookie)","78346":"crimedistrict.com#?#body > div > div[style*=\"position\"][style*=\"absolute\"] > div[style*=\"float\"][style*=\"left\"]:-abp-has(~ [style*=\"float\"][style*=\"left\"] > a[href*=\"cookie\"] > img[src*=\"cookie\"])","80055":"czytamyetykiety.pl#?##root main > div[class]:not([id], :empty):-abp-has(a[href=\"/polityka-prywatnosci/\"])","80369":"dajar.pl#?##__next > #__app__ > div:first-child > div:-abp-has(> div button[data-test=\"accept-cookies-button\"])","82296":"diag.pl#?#div[class*=\"MuiPaper\"]:-abp-contains(Dbamy o Twoją prywatność)","85840":"dropbox.com#?##top-notification-bar-container:-abp-has(#eu-cookie-bar)","86620":"dyktanda.pl#?##modal:-abp-contains(pliki cookie)","86665":"dyktanda.pl#?##modal:-abp-has(h3:-abp-contains(plików cookie))","87123":"dziekanat.ewspa.edu.pl#?#div.info:-abp-has(> a[href*=\"/cookies.html\"])","87232":"dzwignice.info#?#body > div:first-of-type:-abp-has(a[href$=\"/polityka-prywatnosci\"])","87340":"e-bidfood.pl#?##app > div[class*=\"styles\"]:-abp-has(> p > a[href=\"/service-terms\"])","87501":"e-dukacja.pl#?#div.content-box:-abp-has(.red:-abp-contains(pliki cookies))","90157":"eblik.pl#?#.page_content_info:-abp-has(#cookie_info_max)","90210":"eboa.satfilm.pl#?#.ui-notificationbar:-abp-contains(cookie)","91105":"edcom.biz.pl#?#div[align=\"center\"] > table tr:first-child td[bgcolor=\"#333333\"]:-abp-contains(cookies)","91585":"edytor-serwis.com.pl#?#body > table:first-of-type table:first-of-type tr:first-child td:first-child > span:-abp-has(> a[href*=\"/eds_cookies.html\"]:last-child)","92587":"elauber.pl#?#.notifications-wrapper ~ div > div:-abp-has(> div > span ~ a[href=\"/cookies_policy\"])","92708":"elearning-fusion.pl#?#.hustle-slidein-position--south:-abp-has(a[href*=\"/polityka-cookies/\"])","93672":"elk.gmina.pl#?#.spu-box:-abp-contains(plików cookies)","93949":"elubin.pl#?#.center > table > tbody > tr > td:-abp-has(a[href=\"http://www.elubin.pl/regulamin.html\"])","94073":"ematik.pl#?#table ~ table:-abp-has(td p > font > font > a[href*=\"faq_serwis\"])","94664":"eneba.com#?##app > div[class] > div[class]:-abp-has(> p > a:-abp-contains(polityce prywatności))","95569":"erejestracja.wizjav.pl#?#.el-dialog__wrapper:-abp-has(a[href*=\"wszystkoociasteczkach.pl\"])","95737":"esa.nask.pl#?#.ReactModalPortal:-abp-has(.cookies-greetings)","95903":"esky-pl.mozio.com#?##container > div ~ div:-abp-has(> div > span:-abp-contains(as cookies to))","98613":"faktury.autopay.pl#?#body > div[style]:first-of-type:not([id], [class]):-abp-contains(cookies)","100013":"fedex.com#?#fedex-alert:-abp-contains(cookie)","100761":"fiatklubpolska.pl#?##navbar_notice_1.restore > center:first-of-type:-abp-contains(cookies)","101495":"fitfood.pl#?##app > #wrapper > div[class]:not([id]):-abp-contains(plików cookie)","101872":"flex.orange.pl#?#div[style*=\"fixed\"]:-abp-has(a[href*=\"/view/cookies\"])","101940":"flex.orange.pl#?#footer h5:-abp-contains(Śledź nas)","102878":"forum.e-hodowca.pl#?##wrapcentre > table.tablebg:-abp-has(> tbody > tr > .cat > h4:-abp-contains(Informacje o plikach cookie))","103882":"fotoportal.poznan.pl#?#.info-bar:-abp-contains(cookies)","104294":"funclub.pl#?#body > div > div > div > div > div:-abp-contains(cookies)","105344":"garwolin.spolem.org.pl#?##colorbox:-abp-has(#rodo_width_hotfix)","105859":"gck-szczurowa.pl#?#div[style^=\"font-size:12px; background:rgb(255, 241, 168); \"]:-abp-contains(cookies)","107059":"gih.grajewo.pl#?##fancybox-wrap:-abp-contains(RODO)","107360":"gksglinik.pl#?#.t3-footer > div > div:first-child:-abp-has(p a[href=\"/index.php/bonus-pages/ochrona-danych-osobowych\"] > span)","107518":"glamour.pl,gotujmy.pl,mamotoja.pl,national-geographic.pl,party.pl,polki.pl,shopalike.pl,viva.pl,wizaz.pl#?#div[id^=\"sp_message_container\"]:-abp-has(iframe[src*=\"cdn.privacy-mgmt.com\"])","108448":"glosbe.com#?#body > .fixed:-abp-has([id*=\"cookieconsent\"])","108935":"gminawagrowiec.pl#?#.nyroModalCont:-abp-has(a[href*=\"klauzula\"] img[src*=\"rodo\"])","109013":"gminawagrowiec.pl#?#.nyroModalCont:-abp-has(a[href*=\"klauzula\"] img[src*=\"rodo\"]) ~ .nyroModalClose","110965":"grawerowanie-laserowe.com.pl,kopifax.pl#?#body > table:first-of-type:-abp-has(tr [href=\"cookies.htm\"])","113090":"hipets.com#?##__next > .MuiPaper-root.MuiPaper-elevation[style]:-abp-has(> div > div > div > a[href^=\"/polityka-prywatnosci\"])","116406":"info-kujawy.pl#?#div[class*=\"sidebar\"] > div.art-block:-abp-has(h6:-abp-contains(plików cookie))","116966":"inku.pl#?#div[id^=\"jet-popup-\"].jet-popup:-abp-has(a[href*=\"/polityka-prywatnosci\"])","117674":"investmap.pl#?##app > div[class*=\" \"] > div[class*=\" \"]:first-child:not(:empty):-abp-has(> span[class*=\" \"]:-abp-contains(plików cookies))","118099":"ipda.pl#?#section > div[class][style]:-abp-has(> a[href^=\"http://www.emu.com.pl/?polityka-prywatnosci\"])","118200":"ipkobiznes.pl#?##layout > div > div.svg > div > div:first-child:-abp-contains(cookies)","118313":"ipos.pl#?##gatsby-focus-wrapper > div[class*=\"css-\"] ~ div[class*=\"css-\"]:-abp-has(a[href*=\"/polityka-prywatnosci\"])","119605":"jakaoferta.pl#?#div.moOptinForm[style*=\"position:\"][style*=\"fixed\"]:-abp-contains(Ciasteczka)","120761":"juventus-academy.rzeszow.pl#?#div[id^=\"avatar-full-\"][id*=\"block\"]:-abp-has(.artykul strong:-abp-contains(OCHRONA DANYCH OSOBOWYCH))","120968":"k-mag.pl#?##modals-container:-abp-contains(RODO)","121104":"kagb.pl#?#.art-content-sidebar2 > .art-nostyle:first-child > p:-abp-contains(cookies)","121496":"karpaciak.pl,targowiak.pl,tarnowiaczek.pl#?#div.div_glowny:-abp-has(> a[href*=\"polityka\"] ~ a[href*=\"regulamin\"])","121606":"karpacz-bus.pl#?#body > table:first-of-type:-abp-has(.txtprywatnosc)","121748":"katrinex.pl#?#p.tiny_wyrozn1.tekst_bialy > em:-abp-contains(Prawo telekomunikacyjne)","121923":"kazar.com#?#.bottom-data:-abp-has(.cookie-info)","122714":"kino.mdkwagrowiec.pl#?##myModals:-abp-contains(RODO)","124247":"komunikaty.tp.pl,orange.pl#?##__next section > div div[class^=\"css-\"]:-abp-has(> div > div > strong:-abp-contains(Informacja o cookies))","125376":"krolewskie.pl#?##app > .swiper-container > section.wrapper:-abp-has(> div.content > span.text > a[href*=\"/polityka-cookies\"] ~ a[href*=\"/polityka-prywatnosci\"] ~ a[href=\"#cookie-settings\"])","125710":"krzemieniewo.pl#?#footer .subfooter small:-abp-contains(używa cookies)","125777":"krzemieniewo.pl,~www.krzemieniewo.pl#?#footer > div > div > p:-abp-contains(używa cookies)","126051":"krzywcza.edu.pl#?#body > :nth-child(-n+7):not([id], [class]):-abp-has(~ #dd-main:not(:first-child))","126234":"ksiaz-wlkp.pl#?##root footer ~ nav:-abp-has(> section > button)","126749":"kts.weszlo.com#?##__next > div[class]:-abp-has(> button ~ p:-abp-contains(korzysta z ciasteczek))","126872":"kubisa.pl#?##innertop .deepest.module > p:-abp-has(a[href*=\"/polityka-prywatnosci\"])","127440":"kursy24h.pl,salenawesela.pl,turystyka24h.pl#?#body > div[style]:first-child:-abp-has(> a[href*=\"/cookie\"])","127754":"laboratoria.net#?##colorbox:-abp-has(#rodoPopupClose)","128965":"legia.com#?##real-content > div[class]:not([class*=\"-\"], [class*=\"_\"]):-abp-contains(cookies)","129055":"legia.com#?##root > div > main#main ~ div[class]:-abp-contains(cookies)","129280":"legnickiepole.gisgminny.pl#?#.x-message-box.x-window:-abp-has(div[class*=\"header-title\"]:-abp-contains(pliki cookie))","131832":"lokalna24.pl#?##jm-right .custom > table:-abp-contains(RODO)","133369":"m.mapahandlu.pl#?#.ui-footer .ui-title:-abp-contains(pliki cookies)","133688":"magentatv.pl#?#nav[class^=\"styles__StyledNavBar-\"] > div[class^=\"styles__HeaderInfoBarStyled-\"]:-abp-has(> div[class^=\"styles__HeaderMessageStyled-\"] > div[class^=\"styles__HeaderText-\"] > p[class^=\"styles__ParagraphStyled-\"] > a[href*=\"/polityka-prywatnosci\"])","134107":"malwarebytes.com#?#.ce-banner:-abp-has(.gdpr-p)","134869":"mastersintime.pl#?#.bg-green-200:-abp-has(> [class*=\"cookie\"])","135260":"mazowia.eu#?##dymek239:-abp-has(a[href$=\"rodo.html\"])","135346":"mba.umlub.pl#?#.body-wrapper ~ div:-abp-contains(plików cookies)","135819":"media.netflix.com#?##__next > div[class*=\"css-\"]:first-of-type:-abp-has(> button)","135972":"mediaexpert.pl#?#.modal.dialog-wrapper:-abp-has(a[href=\"/s,zasady-przetwarzania-danych\"])","136058":"mediaexpert.pl#?#.wrapper:-abp-has(.cookie-box)","136144":"mediamarkt.pl#?#.layout > .wrapper:-abp-has(.cookie-box)","136197":"mediamarkt.pl#?#footer button:-abp-contains(Ciasteczka)","136398":"medserwis.pl#?#.popup-container:-abp-has(#coockie-agree-ok)","136494":"medyczny.store#?#.jconfirm:-abp-has(.pdcookie-right.btn)","136681":"megart.pl#?#body > div > div:-abp-contains(cookie)","137997":"mieszkanie.porowneo.pl,podroze.porowneo.pl#?##root > div[class^=\"sc-\"]:nth-last-child(-n+2):-abp-has(> button ~ div > a[href*=\"rules=polityka_prywatnosci\"])","138885":"mleasing.pl#?#.footer > div[class] + div[class]:last-child:-abp-has(a[href*=\"/polityka-prywatnosci\"])","139616":"moj.tauron.pl#?#.contact-box:last-child > div:last-child > div:only-child > p:only-child:-abp-has(a[href*=\"/polityka-plikow-cookie\"] ~ a[href*=\"/polityka-prywatnosci\"])","139991":"mojeppk.pl#?##root #main ~ div[class*=\" \"]:-abp-has(> div > div > img[src*=\"Cookies.\"])","140123":"mokka.pl#?##__next > div[class]:first-of-type:-abp-has(a[href*=\"/dokumenty/\"]:-abp-contains(prywatności))","140260":"molnlycke.pl#?#.footer .tinymce > p:nth-of-type(2):-abp-has(> a[href*=\"/cookie-policy/\"] ~ a[href*=\"/policies/\"])","140592":"moodle.uni.lodz.pl#?##block-region-side-post > .block.block_html:-abp-contains(plików cookies)","140683":"mopr.piekary.pl#?##fancybox-wrap:-abp-has(h3:-abp-contains(Ciasteczka))","141390":"motospace.pl#?##dimmed:-abp-has(~ #popupwindow)","141573":"mpoint.pl#?#.fancybox-wrap:-abp-has(#conditions_condition)","141927":"mubi.pl#?#div#root > div[class] > header ~ div[class]:not([id]):-abp-contains(plików cookies)","142301":"muzeum-belchatow.pl#?#.content:first-of-type:-abp-has(> p > a[href=\"klauzula-rodo.html\"])","142455":"muzeumjawor.pl#?#.warn:-abp-has(font:-abp-contains(plików cookies))","142991":"mzdik.radom.pl#?##webDataTime > span:-abp-has(a[href*=\"id=185\"])","143189":"mzn.jastrzebie.pl#?#.sp_popup_wrap:-abp-has([href=\"/index.php/polityka-prywatności\"])","144700":"nick.com.pl#?#section ~ .page-overlay:-abp-has(b:-abp-contains(pliki cookie))","145072":"nju.pl#?#footer > section ~ div:-abp-has(> section img[src=\"/images/cookies-large.png\"])","145214":"noaignite.pl#?#header > div:first-child > div.MuiGrid-container:first-child:-abp-has(a[href=\"/use-of-cookies\"])","145750":"norwegian.com#?#.alert:-abp-has(.cookie-disclaimer)","146493":"obozymlodziezowe.pl#?#header ~ div > div > div[class^=\"jss\"]:last-child:-abp-contains(cookies)","147232":"ogloszenia.debica.pl,ogloszenia.krosno.pl,ogloszenia.nowy-sacz.pl,ogloszenia.nowy-targ.pl,ogloszenia.przemysl.pl,ogloszenia.sandomierz.pl,ogloszenia.tarnow.pl,ogloszenia.zakopane.pl,ogloszeniadrobne.bytom.pl,ogloszeniadrobne.rzeszow.pl,ogloszeniadrobne.warszawa.pl,oswiecimiak.pl#?#div.div_glowny:-abp-has(> a[href*=\"=polityka\"] ~ a[href*=\"=regulamin\"])","147582":"ogloszenia.krakow.pl#?#div.div_glowny[style*=\"line-height\"][style*=\"verdana\"]:-abp-has(> a[href$=\"polityka\"] ~ a[href$=\"regulamin\"])","147746":"ohmydev.pl#?##__next > div[class^=\"jss\"][style*=\"transform\"]:-abp-has(img[src*=\"/cookies_logo\"])","147905":"oke.wroc.pl#?#div.loginbox:-abp-has(b:-abp-contains(Ta strona używa cookie))","148858":"onninen.pl#?##__next > footer > aside:-abp-has(a[href=\"/polityka-prywatnosci\"])","148934":"onninen.pl#?#footer ~ div:-abp-has(div[class*=\"Modal\"] fieldset:-abp-contains(Ustawienia plików cookie))","149495":"opiniolog.com#?#.modal[role=\"dialog\"]:-abp-contains(RODO)","151171":"outlook.live.com#?#.ms-Layer:-abp-has(> .ms-Layer-content > [role=\"dialog\"] a[href=\"https://privacy.microsoft.com/privacystatement\"])","151784":"paliwaolkop.pl#?#div:-abp-has(div > #cookieContent)","152373":"patronite.pl#?#body > div:not([id], [class]):-abp-has(> div[class^=\"modal-backdrop1\"] > div[data-view=\"ADVANCED\"])","152559":"paypo.pl#?##application > div > div > div:-abp-has(> div > div > h4:-abp-contains(plików cookies))","152649":"paypo.pl#?#main.main ~ div > div:-abp-has(> div > div > h4:-abp-contains(plików cookies))","153561":"perspektywy.pl#?##root > .App > div[class]:-abp-has(> svg[data-icon=\"user-shield\"])","154437":"pila.luteranie.pl#?#.grpelem.clearfix.PamphletWidget:-abp-contains(pliki cookie)","154566":"pilot.wp.pl#?##gatsby-focus-wrapper > div[class] > div[class*=\"sc-\"]:-abp-has(> div[class^=\"sc-\"]:-abp-has(a[href=\"https://onas.wp.pl/poufnosc.html#cookies\"]))","156319":"pl.pinterest.com#?#button[type=\"button\"].noButtonStyles:-abp-has(> div:-abp-contains(Prywatność))","157207":"plus.pl,plushbezlimitu.pl,polsatbox.pl#?#.modal-overlay:-abp-has(~ #rodo-popup-container)","157293":"plus.pl,plushbezlimitu.pl,polsatbox.pl#?#.modal-overlay:-abp-has(~ #rodo-popup-overlay)","158036":"podwawelem.eu#?#.rstbox.eb-dialog:-abp-has(a[href*=\"przetwarzamy-twoje-dane\"], a[href*=\"polityka-cookies\"])","158174":"poettinger.at#?#.mfp-ready.mfp-wrap:-abp-has(a[onclick*=\"AcceptCookie()\"])","158540":"poland.hoppygo.com#?##gatsby-focus-wrapper > .MuiBackdrop-root:-abp-has(.MuiBox-root a[href*=\"/HGPL_Ogolna_klauzula_informacyjna.pdf\"])","158908":"polonika.at,tominet.com.pl#?#table:-abp-has(#cookieMessageText)","159629":"popeyeschicken.pl#?#div[data-testid=\"footer\"]:-abp-has(div[class*=\"toast\"])","159760":"porowneo.pl#?#footer > div[class^=\"sc-\"]:nth-last-child(-n+2):-abp-has(> button ~ div > a[href*=\"rules=polityka_prywatnosci\"])","160157":"portgdansk.pl#?#body > table:first-of-type .verysmall:-abp-has(> a[href=\"polityka-plikow-cookies\"])","160627":"power.prz.edu.pl#?##serwis > div[style*=\"background\"]:first-of-type:-abp-contains(plików cookie)","160837":"powiat.elk.pl,sp.lubawa.pl#?#body > div:not([id], [class]):-abp-has(.nyroModalBg ~ .nyroModalCont)","161305":"poznanairport.pl#?#.alertBoxes__item:-abp-has(a[href*=\"/polityka-prywatnosci/\"])","161459":"ppuslugi.mf.gov.pl#?#div[id^=\"container\"] > .ControlGridLayout.DocViewLayout:-abp-has(> div > label > span:-abp-contains(Uwaga! Ta strona korzysta z plików cookies))","161817":"pracuj.pl#?#header > div[class]:not([id]):-abp-has(a[title=\"Zobacz Politykę Cookies\"])","162667":"profilki.pl#?#div.centering.tile:-abp-has(img[src=\"/img/lay/maskotka_ciastko.png\"])","163753":"przetargi.pse.pl#?##footer ~ div[role=\"presentation\"]:-abp-has(+ #window-1010)","164332":"pupgrodziskwlkp.pl#?##fancybox-wrap:-abp-has(img[src=\"/ckeditor_assets/pictures/197/content_informacja_rodo.png\"])","165805":"radiokierowcow.pl#?##__next > div[class^=\"styles__Wrapper-\"]:-abp-has(p > strong:last-child > a[href*=\"/Artykul/\"])","166269":"ranking.abczdrowie.pl#?##app > div > div > div > div:-abp-has(a[href=\"https://portal.abczdrowie.pl/strona/polityka-prywatnosci\"])","166524":"ratujtenczyn.org.pl#?##root > div[id] > .text > span:-abp-contains(plików cookie)","166664":"rbdo.com.pl#?##new_top_inside > div:first-child:-abp-has(> a[href*=\"#\"])","166733":"rck.pila.pl#?#.alert-message.alert:-abp-has(.plg_system_eprivacy_message)","166803":"rck.rydultowy.pl#?#.cherry-popup:-abp-has(a[href*=\"/cookies/\"])","166863":"realbus.pl#?#.alert:-abp-contains(🍪)","167340":"refunder.pl#?#.bg-white:-abp-has([href=\"/warunki#cookies\"])","168335":"rolflex.pl#?#footer > div[id^=\"mod\"]:-abp-contains(plików cookie)","168891":"rylko.com#?#.alert:-abp-has(a[href*=\"/ochrona-danych-osobowych\"])","169339":"samochod.porowneo.pl#?##root > #main-app-container > div[class^=\"sc-\"]:nth-last-child(-n+2):-abp-has(> button ~ div > a[href*=\"rules=polityka_prywatnosci\"])","169492":"samochody.pl#?#.react-portal:-abp-has(> div[class*=\"Modal\"] [class*=\"Cookies_box_\"] button)","170595":"semhub.pl,solarispobierowo.pl,solarisvilla.pl,toreja.pl,vivalamer.pl#?#.live.oxy-modal-backdrop:-abp-has(.ct-modal a[href=\"/polityka-prywatnosci/\"])","171151":"sferaplatinum.pl#?##page_content > div[class^=\"jss\"] > div:not([id], [class]) ~ div[class^=\"jss\"]:-abp-has(> button[aria-label=\"Close\"])","171528":"shopee.pl#?##main > div > div[class]:-abp-has(> div[class] > a[href*=\"help.shopee.pl\"])","171612":"shopee.pl#?#.app-container > div:-abp-has(> h4 ~ a[href*=\"help.shopee.pl\"])","172334":"sitn.pl#?#body > div:-abp-has(#cookie-close)","172400":"six-payment-services.com#?#.warning.state:-abp-has(.system-notification-text:-abp-contains(cookie))","172718":"sklep-elektronik.pl#?#.jconfirm:-abp-has(.pdcookie-show-submit.btn)","173777":"sklepygama24.pl#?#.client-modal:-abp-has(.cookies-modal)","173925":"skylark.up.poznan.pl#?#.alert:-abp-contains(Cookie)","174352":"smallpdf.com#?##app > div:last-child:-abp-has(button span:-abp-contains(Zezwól na wszystkie))","174715":"smwarmia.pl#?##boxes:-abp-has(> #dialog img[src*=\"danych-osobowych\"])","174870":"sneakershop.pl#?##tws_i_100000:-abp-has(.agree_dialog)","175450":"sonarhome.pl#?#.fixed:-abp-has(.cookies-scrollbar)","175855":"splendor24.pl#?#.box_custom:-abp-has(span:-abp-contains(PRYWATNOŚĆ))","176567":"spwygnanow.szkolnastrona.pl#?##fancybox-overlay:-abp-has(~ #fancybox-wrap a[href*=\",ochrona-danych-osobowych\"])","176675":"spwygnanow.szkolnastrona.pl#?##fancybox-wrap:-abp-has(a[href*=\",ochrona-danych-osobowych\"])","176763":"spzaduszniki.pl#?#.nyroModalCont:-abp-has(img[src*=\"bez_tytulu\"][title])","176832":"spzaduszniki.pl#?#.nyroModalCont:-abp-has(img[src*=\"bez_tytulu\"][title]) ~ .nyroModalClose","177373":"stara.biblioteka.jelenia-gora.pl#?#body > div[style*=\"position\"][style*=\"fixed\"]:not([id], [class]):-abp-has(a[href^=\"/cookie.php\"])","179470":"szkolawohyn.pl#?##imContent > div[style]:not([id], [class]):first-of-type:-abp-has(> div[id^=\"imCell\"][class^=\"imGrid\"] p > span ~ b > span:-abp-contains(pliki cookies))","179631":"szkolawohyn.pl#?##imSplashBox:-abp-has([src=\"images/klauzula-PNG.png\"])","180051":"szybkanauka.pro#?##tve_editor:-abp-contains(cookies)","180179":"tally-weijl.com#?#.fixed > .container:-abp-has(> div[class*=\"cookie\"])","180273":"targeo.pl#?#body > div[style^=\"position: absolute;\"]:not([id], [class]):-abp-contains(plików cookie)","181152":"temu.com##div:not([id], [class]):has(> div[class]:empty + div > div:has-text(Polityka prywatności))","181254":"temu.com##div:not([id], [class]):has(> div[role=\"dialog\"] > div[class]:empty + div > div:has-text(Polityka prywatności))","181377":"temu.com#?##message-wrapper.message-wrapper ~ div:-abp-has(> div > div > div > span ~ span:-abp-contains(cookie policy))","181671":"testuj.peugeot.pl#?#.content-site.main-section > .widget > .content > p:nth-of-type(2):-abp-contains(pliki cookies)","181783":"testuj.peugeot.pl#?#.widget a:-abp-contains(Zgoda na pliki Cookies)","182075":"tiktok.com#?#div[role*=\"alert\"][class*=\"BannerContainer\"]:-abp-has(a[href*=\"/privacy-policy\"])","183360":"travelcircus.pl#?##landingpage-app > div[class] > div[class] > div.header-navigation > div[width]:-abp-has(> div > div > div > h2 ~ div > div[style*=\"underline\"])","184018":"tst.pl#?#footer ~ div.fixed:-abp-has([href=\"/prywatnosc\"])","184758":"ugporaj.pl#?##fancybox-wrap:-abp-contains(iod)","185122":"upctv.pl#?#.notification:-abp-contains(pliki cookie)","185547":"vbhelp.pl#?##notices.notices li[id^=\"navbar\"]:-abp-has(a[href$=\"policy\"])","185862":"victoria-niemodlin.pl#?#body > table:-abp-has(.end a[href*=\"/polityka\"])","185931":"victoria-niemodlin.pl#?#body > table:-abp-has([class*=\"end\"] a[href*=\"/rodo.\"])","186613":"vitra.com#?#.modal__wrapper:-abp-has(button[data-test-id=\"acceptAllCookieSettings\"])","186854":"vod.warszawa.pl#?##root footer ~ div[class]:-abp-has(h2:-abp-contains(Szanujemy Twoją Prywatność))","187023":"vtc360.pl#?#.ggskin_text.info[style*=\"bottom\"] > div:-abp-has(> a[href=\"https://vulcan-tc.pl/privacy_policy\"])","187380":"wakacje.pl#?##__next > div[class^=\"sc-\"] > div:not([id], [class]) > div[class^=\"sc-\"]:-abp-has(> div[class^=\"sc-\"] > div[class^=\"sc-\"] > div[class^=\"sc-\"] > div[class^=\"sc-\"] > p[class^=\"sc-\"] > a[href=\"https://www.wakacje.pl/politykaprywatnosci.html\"])","188119":"web.skype.com#?#.info.notification:-abp-contains(cookie)","189836":"wsqn.pl#?#.infotext:-abp-has(.close_info_text)","190074":"www.google.com,www.google.pl#?##appbar.appbar > div:first-child > div:-abp-contains(/^Plików cookie i/) > div > *","190417":"x.com#?##layers > div[class*=\"css-\"][class*=\" r-\"] > div[style*=\"position:\"][style*=\"absolute\"] > div:only-child > div:only-child > div:only-child:-abp-has(> div:not(:only-child) > div:not(:only-child) > span:only-child:-abp-contains(cookies))","191519":"zawody.kuratorium.wroclaw.pl#?#footer ~ div:-abp-has(.card b:-abp-contains(RODO))","192348":"zima.peugeot.pl#?#.site-footer > .site-footer-content > p:nth-of-type(3):-abp-contains(plików cookies)","192447":"zimmermann.pl#?#table table div[style*=\"font-size:10px\"]:-abp-has(> br ~ a[href=\"gfx/politykaprywatnosci.jpg\"])","193140":"zsme.pl#?#form > center > table > tbody > tr:-abp-has(td:nth-of-type(2) > input)","193311":"zwg.pl#?#.main-bg table[width=\"100%\"]:-abp-has(> tbody > tr > .capmain:-abp-contains(/^(Klauzura informacyjna RODO|Powitanie)$/))","193432":"zwg.pl#?#.main-bg table[width=\"100%\"]:-abp-has(> tbody > tr > .capmain:-abp-contains(/^(Klauzura informacyjna RODO|Powitanie)$/)) + table.spacer[width=\"100%\"]","238199":"~1login.wp.pl,~poczta.wp.pl,wp.pl,~www.wp.pl#?##app > div > table > tbody > tr:nth-child(2) > td > span > div:-abp-has(> div[class] > div[class] > a[href=\"http://onas.wp.pl/poufnosc.html\"])","238385":"~1login.wp.pl,~poczta.wp.pl,wp.pl,~www.wp.pl#?#body > #app > div > span:not([id]):not([class]) > div[class]:not([id]):-abp-has(> div[class] > div[class] > a[href=\"http://onas.wp.pl/poufnosc.html\"])","257655":"17bankow.com,5mindlazdrowia.pl,abczdrowie.pl,allani.pl,audioteka.com,autocentrum.pl,autokult.pl,benchmark.pl,deliciousmagazine.pl,dobreprogramy.pl,domodi.pl,easygo.pl,extradom.pl,finansowysupermarket.pl,fotoblogia.pl,gadzetomania.pl,genialne.pl,homebook.pl,jastrzabpost.pl,kafeteria.pl,kafeteria.tv,kazimierzdolny.pl,komorkomania.pl,money.pl,nauka.rocks,nerwica.com,nocowanie.pl,o2.pl,open.fm,parenting.pl,polygamia.pl,pudelek.pl,pudelek.tv,pysznosci.pl,smaczneblogi.pl,so-magazyn.pl,superauto.pl,testwiedzy.pl,totalmoney.pl,vibez.pl,vpolshchi.pl,wakacje.pl,wp.pl##body > div > div:empty:matches-css(after, content: /K/) ~ div > svg:upward(2)","270150":"apress24.pl##.modal-popup:has-text(Polityką Prywatności)","274275":"autohero.com###app ~ div[class*=\"backdrop_\"], #app ~ div[class*=\"backdrop_\"] ~ div[class*=\"root\"][role=\"dialog\"]:has-text(Używamy plików cookie)","275288":"barbara.net.pl##.modal:has-text(RODO)","284637":"codeeurope.pl###root footer ~ div:has-text(plików cookies)","286644":"dane.gov.pl##.modal-dialog:has-text(RODO)","287543":"darlowo.pl,pk.edu.pl,warzywapolowe.pl#@#div[consent-skip-blocker]:remove()","290551":"dyzurnet.pl##.cookies-modal:upward(.modal)","293536":"erli.pl##body > #root ~ div[class*=\" \"]:has(header:has-text(Ustawienia prywatności i cookies))","294285":"fc.pl#$?#body > #container > #content > div:not([id]):not([class]):last-child:has-text(plików cookies) > * { color: initial }","294412":"fc.pl#$?#body > #container > #content > div:not([id]):not([class]):last-child:has-text(plików cookies) > :last-child:nth-child(4):upward(1) { color: #0000 }","299101":"idioci.pl##.fancybox-overlay-fixed.fancybox-overlay:has(h2:has-text(RODO))","302035":"komunikaty.tp.pl,orange.pl##section button[title=\"Zamknij informację o cookies\"]:upward(1)","302657":"kts.weszlo.com#@##__next > div[class]:-abp-has(> button ~ p:-abp-contains(korzysta z ciasteczek))","302747":"kts.weszlo.com#@?##__next > div[class]:-abp-has(> button ~ p:-abp-contains(korzysta z ciasteczek))","305917":"m.leroymerlin.pl##.ReactModalPortal:has-text(Polityka prywatności)","306087":"magboss.pl##footer ~ div[class]:has(h1:has-text(o plikach Cookie))","307839":"mediaexpert.pl##.modal.dialog-wrapper:has(h6:has-text(Polityka prywatności))","309312":"moje.ose.gov.pl##.cookies:upward(.modal)","313080":"pagespeed.web.dev##c-wiz ~ c-wiz div[class][jsaction][jscontroller] > span > div > div > div ~ span ~ a[href*=\"/technologies/cookies\"][aria-label=\"Więcej informacji\"]:upward(4)","313450":"patronite.pl##.modal--container:has-text(RODO)","314340":"pl###kopageBar > #kopageBarCookies:upward(1)","314387":"pl##.alert > a[href*=\"/polityka-cookies\"] ~ a[href*=\"/polityka\"]:upward(.alert)","314469":"pl##.module-abovebox p > a[href*=\"/polityka\"][href$=\"-cookies.html\"]:upward(.module-abovebox[style^=\"position: fixed;\"])","314592":"pl##aside p > a[href*=\"cookies.htm\"], aside p > a[href*=\"cookies.php\"], aside p > a[href*=\"polityka-prywatnosci.htm\"]:upward(.type-10.widget:not([id]))","314746":"pl##body > div[style]:first-child > a[href*=\"/cookie\"]:upward(div)","315433":"pl.tripadvisor.com##span[data-test-name=\"consent\"]:upward(1)","315981":"polsatboxgo.pl###__next > div[class^=\"sc-\"]:first-child:has(> div[class^=\"sc-\"] > div[class^=\"sc-\"] > div[class^=\"sc-\"] > p:first-child + p:last-child:has-text(Wyrażam zgodę na przechowywanie))","316177":"polsatboxgo.pl###__next div[class^=\"sc-\"]:first-child:has(> div[class^=\"sc-\"] > h2 + p:has-text(/^Potrzebujemy Twojej zgody/))","317097":"porowneo.pl##div[class^=\"sc-\"] > button ~ div > a[href*=\"rules=polityka_prywatnosci\"]:upward(2)","317409":"powiadomienia.gis.gov.pl##body > div[class][role=\"presentation\"]:not([id]):has-text(plików cookies)","321383":"sportowefakty.wp.pl#@#body > [class]:not([id]):matches-css(position: fixed):matches-css(top: 0px)","323443":"ticketos.pl##div[class]:not([id])[role=\"dialog\"]:has-text(RODO)","323509":"tinder.com###content .App > div[class^=\"Pos\"][class*=\"Start\"]:has-text(plików cookie)","325075":"twitter.com##div[class*=\" \"] > div[class][dir=\"auto\"]:has(> a[href*=\"twitter-cookies\"][role=\"link\"]) ~ div[role=\"button\"]:upward(1)","327818":"wnioski.toyotabank.pl##div.stepContainer > .section > div > div > label[style*=\"overflow\" i]:upward(div:not([id]):not([class])):has-text(Klauzula Informacyjna)","328698":"www.google.com,www.google.pl##div[class][role=\"dialog\"] > #cnsp:has(> div[class][aria-live=\"polite\"]):upward(2)","335123":"e-legnickie.pl##.jconfirm:has-text(cookies)","336057":"gryfino.pl##.q-dialog.fullscreen:has(p:has-text(RODO))","336812":"lubimyczytac.pl###modal1:has-text(cookies)","336857":"lubimyczytac.pl###modal1:has-text(cookies) ~ .modal-backdrop:not(:last-child)","338869":"sprzet-fryzjerski.pl###myWorningNewsletterPopUp:has-text(cookies)","339252":"wiemy.to##.fancybox-overlay-fixed.fancybox-overlay[style]:has-text(RODO)"}