{"3236":"99.teknikveckan.se##.carousel-item-link:has-text(Annons:)","4696":"aftonbladet.se##main > section > div:first-child:matches-css(box-shadow: rgba(0, 0, 0, 0.2) 0px 0px 24px 0px)","5278":"aftonbladet.se##:is(main > section a[data-test-tag=\"internal-link\"], #main > section a[data-test-tag=\"internal-link\"], main > section a[href*=\"godare.se\"], #main > section a[href*=\"godare.se\"], main > section a[href*=\"livsstil.se\"], #main > section a[href*=\"livsstil.se\"], main > aside a[data-test-tag=\"internal-link\"]):has-text(innehåller annonslänkar)","5869":"aftonbladet.se##[data-ad-subtype]:upward(1):matches-css(min-height:/[0-9]+/)","8109":"aktieskolan.se##section.elementor-section:has-text(Huvudsponsorer & partners)","8522":"aktuellsakerhet.se##a[href*=\"reklamsamarbete\"]:upward(.td_block_wrap)","8594":"aktuellsakerhet.se##.block-title:has-text(Reklamsamarbete):upward(.td_block_wrap)","8678":"aktuellsakerhet.se#$?#.block-title:has-text(Reklamsamarbete):upward(.td_block_wrap) + rs-module-wrap { remove: true; }","8916":"aktuellsakerhet.se##.td-adspot-title-span:upward(1)","13006":"allas.se,elle.se,femina.se,hant.se,mabra.com,residencemagazine.se,svenskdam.se,motherhood.se##article.grid:has-text(/annonssamarbete/i)","13742":"allas.se,elle.se,femina.se,hant.se,mabra.com,residencemagazine.se,svenskdam.se,motherhood.se##div.wings-gray-200:has-text(Annons)","15609":"amelia.expressen.se##article p.uppercase.tracking-wide:has-text(Inlägget innehåller annonslänkar):upward(article)","16073":"arbetaren.se##.text-sm:has-text(/annons/i):upward(.border-b, a[target])","17238":"aurumforum.se##.bottom-liner span:has-text(Annons):upward(2)","17592":"autonytt.se##.label:has-text(/sponsrad/i):upward(a)","18201":"bandyfeber.com##.slide-entry-excerpt:has-text(/annons:/i):upward(.avia-content-slider)","18463":"baraenkakatill.se##.post-item__tag:has-text(/spons/i):upward(li.post-item)","20143":"bilresaieuropa.se##.widget-title:has-text(/spons/i):upward(.widget_text)","21750":"boneo.se##.slick-slide:has-text(/sponsra/i)","21849":"booli.se##.search-page__content .tag:has-text(Sponsrad):upward(li)","22300":"borskollen.se##img[src*=\"/borskollen_newsletter\"]:upward(1)","22362":"borskollen.se##.adlabel:upward(1)","22398":"borskollen.se##.colorized:has-text(/annons/i):upward(a)","22456":"borskollen.se##.elevated-button:has-text(/^Cookie/):upward(.container)","22529":"borskollen.se##.label:has-text(/annons/i):upward(1)","22726":"borskollen.se##.sponsored-chip:matches-css(display: block):upward(a)","22797":"borskollen.se##.sponsored:upward(a)","23234":"borsvarlden.com##.label:has-text(/annons/i):upward(.highlighted-article-block)","23871":"branschaktuellt.se##.article__properties-breadcrumbs span:has-text(/Sponsrad|annons/i):upward(.article)","24471":"bulletin.nu##div[class*=\"section-preview\"]:has-text(/betalt samarbete/i):upward(4)","25802":"butikstrender.se##body > .elementor > .elementor-section:first-child:has-text(Annons)","26773":"byggipedia.se##aside .textwidget:has-text(/sponsr|samarbetspartners/i)","28102":"campingsverige.se##.post_sponsrad_label:upward(1)","29749":"conpot.se##.post > div[style]:has-text(ANNONS):upward(article:not([id]))","31221":"dagenslogistik.se##small:has-text(/annons/i):upward(.elementor-column)","31857":"dagensps.se,news55.se,realtid.se##sub:has-text(ANNONS):upward(p) + script + iframe + p","32199":"dagensps.se,news55.se,realtid.se##:is(.text-xs, sub):has-text(ANNONS):upward(1)","32281":"dagenstech.se##a[href^=\"https://dagenstech.se/articles/\"]:upward(1):has-text(SPONSRAT)","32412":"dagenstech.se#$?#.label:has-text(SPONSRAT):upward(.swiper-slide) { remove: true; }","32496":"dagenstech.se##.text-right:has-text(ANNONS)","32631":"dagenstv.com##.slick-slide:has-text(/casino/i)","33228":"daisybeauty.com##.single-post .content h5:has-text(ANNONSSAMARBETE):upward(a.single-post)","33485":"datormagazin.se##.heading:has-text(/samarbete/i):upward(.elementor-widget-smartmag-featgrid)","33859":"densistavilan.se##h3.h-custom-headline:has-text(Advertorial):upward(1)","34343":"digitalavykort.se##.rightdiv p:has-text(/casino|kasino|lån|betting|odds|lotto/i)","35972":"discoveringtheplanet.com##.widget-title:has-text(/annons/i) + .textwidget","38838":"ehandel.se##.aside-list--heading:has-text(/^sponsra/i):upward(.aside-list)","38915":"ehandel.se##.code-block:has-text(/annons/i)","39790":"elle.se##section.c-native_banner:upward(2)","40722":"esportare.se##p[style^=\"text-align: center;\"] em:has-text(Annonser):upward(2)","41841":"evergreengarden.se##article.elementor-grid-item:has-text(reklamsamarbete)","42079":"everysport.com##:is(div[id^=\"everysport_pano\"], div[id^=\"everysport_mobil\"], div[id^=\"everysport_rektangel\"]):upward(1)","42485":"expo.se##p.has-text-align-center:has-text(Annons:)","46250":"filatelisten.se##:is(a[target=\"_blank\"]:not([href^=\"/\"], [href*=\"filatelisten.se\"])):upward(section)","46720":"filmtipset.se##.postmeta em:has-text(/sponsrad/i):upward(.row.news)","46852":"filmtipset.se##:is(.news, a[href^=\"nyhet\"]):has-text(/casino|kasino|poker/i)","47163":"finanstid.se##a.td-post-category[href*=\"/category/annons/\"]:upward(.td-category-pos-image)","47304":"finanstid.se##.tdm-descr:has-text(/casino/i)","47552":"firstclassmagazine.se##.feat-cat:has-text(/annons/i):upward(a)","47617":"firstfoto.se##article.status-publish:has-text(/annonssamarbete/i)","48308":"fl-net.se##a[href*=\"casino\"]:upward(p)","49406":"foretagsverige.se,forskningsverige.se,motorbibeln.se,hallbarhetsverige.se,tillvaxtsverige.se,grillbibeln.se,kampenmotcancer.se,folkhalsasverige.se##.whitebox-container:has-text(/sponsra/i)","49597":"foretagsverige.se,forskningsverige.se,motorbibeln.se,hallbarhetsverige.se,tillvaxtsverige.se,grillbibeln.se,kampenmotcancer.se,folkhalsasverige.se##:is(div[class*=\"vicky-whitebox\"], .vicky-category-label, .vicky-video-infobox-label, .vicky-post-headline-container__category__inner):has-text(/spons/i):upward(a, .carousel-caption, .featurette, article)","50797":"forvaltarforum.se##.ticker-title:has-text(/partner/i)","50853":"forvaltarforum.se##.ticker-title:has-text(/partner/i) + .mh-section","51556":"fotbollskanalen.se##div[class$=\"sponsortitle\"]:upward(.desktop-side-widget)","51922":"fotbollskanalen.se##:is(.sponsored, .theme-news_sponsored_container):upward(.theme-news)","52448":"fotbolltransfers.com##img[src*=\"/images/annonser/\"]:upward(1)","52615":"fotbolltransfers.com##.smallNewsCategory:has-text(/sponsr/i):upward(.smallNewsLink)","52887":"fotboll.com##a[href*=\"casino\"]:upward(.content)","53849":"fragbite.se##.category:has-text(/spons/i):upward(article)","54322":"freeride.se##.mark:has-text(/spons/i):upward(.post)","54542":"fria.nu,stockholmsfria.se##.holidAds:upward(1)","54755":"frihetsnytt.se##.td-block-title-wrap:has-text(/annons/i):upward(1)","55386":"futsalmagasinet.se##.td-block-title > span:has-text(/annonserat innehåll/i):upward(.td_block_wrap)","55487":"futsalmagasinet.se##.wp-block-column > h2:has-text(/annonser/i) ~ p","55722":"fz.se##.fp-carousel .fpci-kicker:has-text(/^sponsr/i):upward(.fpc-item)","56560":"gamereactor.se##.ad_interscroller:upward(.wrapper)","56899":"gasetten.se,fotbollsthlm.se##article:has-text(/är en annons/i)","57543":"godare.se##:is(p[class^=\"teasersmall-sectionLabel\"], p[class^=\"teasermedium-sectionLabel\"]):has-text(/annons/i):upward(a.internal-link, li)","57861":"google.se##div.g:has(a[href*=\".com.se/\"]):has-text(/återförsäljare|rea|garanti|lågt pris|nöjd|priser|shop|bra pris|kläder|skor|outlet|frakt|butik|betala|kundkorg|varukorg/i)","58037":"goteborgfilmfestival.se##.text-gray.text-xs:has-text(Annons:):upward(1)","58584":"gynning.net##.sponsored-notification:upward([id^=\"post-\"])","59338":"happypancake.se##a[href*=\"casino\"]:upward(1)","59513":"happyride.se##a[href*=\"/category/sponsrat/\"]:upward(li[class=\"\"])","60931":"hejaolika.se##p[style^=\"text-transform\"]:has-text(/annons/i)","60994":"hejaolika.se##p[style^=\"text-transform\"]:has-text(/annons/i) + .wp-block-kadence-posts","61348":"hejauppsala.com##:is(div[class^=\"u-text\"], .u-font-brand):has-text(/^Reklam$/):upward(section)","62340":"hemnet.se##article[class^=\"ArticleCard\"]:has-text(/sponsrad/i)","62452":"hemnet.se##div[class^=\"ArticleCard_\"] small:has-text(/sponsrad/i):upward(article, li, a)","62631":"hemnet.se##span[class^=\"ArticleContent_articleDateBox\"]:has-text(/annons från/i):upward(div[class^=\"ArticleContent_articlePage\"])","64083":"hitta.se##div[id^=\"hitta_mobile_\"].placeholder:upward(div[class^=\"height\"], div[class^=\"style_breakout\"])","64415":"hockeybladet.nu##.vc_row_inner:has-text(casino)","64834":"hockeynews.se##.text-center:has-text(ANNONS):upward(1)","65163":"horisontmagasin.se##.small:has-text(/Annons/i):upward(1)","65743":"husbilskompisar.se##.uk-text-center:has-text(Annonser:):upward(.uk-width-large\\@m)","65828":"husbilskompisar.se##.uk-text-left:has-text(Annonser:):upward(.uk-section)","66028":"husvagn.se,husbil.se##.articleintroduction strong:has-text(/samarbete/i):upward(li.item)","66289":"ibnytt.se##:is(a[href*=\"casino\"], a[href*=\"speltips\"]):upward(.widget)","67072":"indien.nu##.nyhetsochreseartiklar .views-row:has-text(/casino/i)","67976":"innovationslandet.se##.text-xs.font-bold:has-text(Sponsrat inlägg):upward(a)","68055":"inredningsarkitektur.se##.article:has-text(/sponsrad artikel/i)","68423":"investeramera.se##.post-single-content p em:has-text(Annons:)","68743":"it-finans.se,it-halsa.se,it-kanalen.se,it-pedagogen.se,it-retail.se,it-hallbarhet.se##.widget-title:has-text(/annons/i):upward(aside)","69327":"jarnvagar.nu##.et_pb_module:matches-css(before, content: \"Annons:\")","69397":"javligtgott.se##div[id^=\"ad-panorama\"]:upward(.elementor-section)","70657":"karlskogavaxer.se##.elementor-heading-title:has-text(/annons/i):upward(.elementor-column)","70806":"karriarlakare.se##.annons-label:upward(a)","71514":"kiacarclub.se##.sidebar-block:has-text(/annons|sponsor/i)","71607":"killsteal.se##:is(a[href*=\"casino\"], a[href*=\"kasino\"], a[href*=\"passagen.se\"]):upward(p)","71977":"kingmagazine.se##.card-partner:upward(1)","72349":"klart.se##.ad-text:has-text(/annons/i):upward(.content-box-list__item)","73605":"krogen.se##a.article-link:has-text(Annons:):upward(.sp-article-content)","73679":"krogen.se##div.mark:matches-css(after, content: \"ANNONS\")","74671":"lajvo.se##.postCard:has-text(/bonusar|casino|betting|spelbranschen|spelupplevelse/i)","76900":"listor.se##article.feed-item:has-text(/låna pengar|casino|betting/i)","77155":"listor.se##:is(a[href*=\"casino\"], a[href*=\"betting\"], a[href*=\"poker\"]):upward(.elementor-widget)","77872":"livinguppsala.se##.fusion-post-content-container:has-text(/^annons/i):upward(article)","77960":"livsmedelsnyheter.se##div[class*=\"elementor-widget-text-editor\"][data-widget_type=\"text-editor.default\"] > .elementor-widget-container > p:has-text(SPONSRAT):upward(.jet-listing-grid__items)","78551":"livsstil.se,godare.se##[id^=\"adPlacement\"]:upward(1)","80076":"lokalfotboll.se##.widget-title:has-text(ANNONS:):upward(.really_simple_image_widget)","80408":"lokalti.se##:is(img[src$=\"a_top.png.webp\"], a[href*=\"casino\"]):upward(section.elementor-section)","82606":"maltermagasin.se##.widget_media_image:has-text(/annons/i)","82889":"marknadschefer.se##.elementor-widget-heading:has-text(/Sponsra|annons/i)","82964":"marknadschefer.se##.elementor-widget-heading:has-text(/Sponsra|annons/i) + .elementor-widget-post-block","83371":"matspar.se###ad-panorama-category:upward(1)","83558":"medibok.se#$?#noscript:has-text(mdp-deblocker-js-disabled) { remove: true; }","83636":"medibok.se#$?#style:has-text(body * :not) { remove: true; }","83951":"metalcentral.net##.bannergroup:upward(.uk-panel-box)","84589":"minimalisterna.se##p.has-text-align-center:has-text(/i samarbete med/i):upward(.post)","85765":"modernalivet.se##.excerpt:has-text(/annons/i):upward(article)","85920":"modernalivet.se##.sidebar-widget h3:has-text(/annons/i):upward(.sidebar-widget)","86936":"mygatemagazine.se##.textwidget:has-text(Annons)","86986":"mykitchenstories.se##.elementor-heading-title:has-text(Annons):upward(section.elementor-top-section:not(.elementor-section-items-middle))","88156":"naringslivetvgl.se,dalarnasaffarer.se,stockholmsaffarer.se,jamtlandsaffarer.se,hallandsnaringsliv.se,sjuharadsnaringsliv.se##.list-article__item-inscription:has-text(/sponsrat innehåll/i):upward(.list-article__item)","90050":"nordfront.se##span:not(.post-content):has-text(/annons/i):upward(.post)","90207":"nordichardware.se##.su-label:has-text(/sponsra/i):upward(.wpb_text_column)","90284":"nordichardware.se##.td-excerpt:has-text(/sponsra/i):upward(.meta-info-container)","90599":"nyadagbladet.se##.site-main > div.widget_custom_html p[style^=\"text-align: center;\"]:has-text(/annonssamarbete/i):upward(div.widget_custom_html)","90921":"nyadagbladet.se##.widget_media_image:has-text(/annons/i)","91421":"nyemissioner.se##.jet-listing-grid__item[data-post-id]:has-text(/sponsrad artikel/i)","91508":"nyfiknainvesterare.se##article.post:has-text(/annons från/i)","91571":"nyheter24.se##.uppercase:has-text(/annons/i):upward(1)","91628":"nyheter24.se,alltforforaldrar.se,modette.se,devote.se,familjeliv.se,brollopstorget.se,blogg.se,rodeo.net,vimedbarn.se,loppi.se##article:has-text(/annons:/i)","92303":"nyheteridag.se##article.teaser h2.fsize-24:has-text(/casino/i):upward(.teaser)","93095":"nyheter.swebbtv.se##.recent-posts-widget-with-thumbnails:has-text(/annonssamarbete/i)","95003":"oskarshamns-nytt.se##:is(.adsbygoogle, a[href*=\"casino\"]):upward(.elementor-section)","96181":"placera.se##.vignette.XLText :is(a[href*=\"/externa-tjanster\"], a[href*=\"promoted\"]):upward(.section)","96660":"podtail.se##.item-list__item:has-text(/annons från/i)","97271":"pricerunner.se##p[class^=\"pr-\"]:has-text(Sponsrat):upward(div[class$=\"Container-root\"])","97361":"pricerunner.se##span[class^=\"pr-\"]:has-text(ANNONS):upward(a)","100292":"sailguide.com##p.annons:upward(1)","100599":"samfalligheterna.se##.td_block_wrap:has-text(Annons)","101165":"sanghafte.se##.wp-show-posts-entry-summary:has-text(/annons|reklam/i):upward(.post)","102237":"shortcut.se##.category-tag:has-text(/annons/i):upward(.ArticleListItem)","102406":"siljannews.se##a[target=\"_blank\"]:upward(2)","102524":"siljanskok.se##a[target=\"_blank\"][rel=\"nofollow\"]:upward(1)","102724":"sillyseason.se##.block-title:has-text(Våra annonsörer och partners):upward(1)","102804":"sillyseason.se##.sidebar-widget > .textwidget strong:has-text(casino):upward(li.sidebar-widget)","103318":"sjofart.ax##:is(.sjofa-top-takeover, .sjofa-artikel-pano):upward(section)","103545":"skaneplus.se##center > small:has-text(ANNONS):upward(div[class*=\"cc-hide-on\"])","104156":"skidspar.se##div[id^=\"div-gpt-ad\"]:upward(1)","104203":"skidspar.se##.MuiChip-label:has-text(Sponsrat):upward(article)","105532":"so-rummet.se##.view-header > h3:has-text(/annonser/i):upward(.view-nya-lankar-front)","106451":"spelochfilm.se##a[href*=\"casino\"]:upward(.mh-posts-stacked-wrap)","106956":"sportbloggare.com##div.section-body-plus:has-text(/bonus|casino/i)","107025":"sportbloggare.com##.container:has-text(Senaste nyheterna om spelbolag:)","108902":"svampguiden.com##.label-sponsor:upward(.panel)","109903":"svenskamagasinet.nu##legend:has-text(Annons)","111364":"svenskverkstad.se##block-3x3-news-widget:has-text(Sponsrat innehåll)","111697":"sverigespringer.se##.cd-card-bar:has-text(/annons/i):upward(.cd-sidebar-item, .cd-news-card)","111947":"sweclockers.com##div[class^=\"card-info\"]:has-text(/spons/i):upward(.card)","112119":"sweclockers.com##.bbSize:has-text(Sponsormeddelande):upward(.bbRelatedBox)","112572":"swedroid.se##.mostReadMobile:has-text(/annons/i)","114086":"tekniknytt.se##.label:has-text(/samarbete|annons|reklam|presenteras av/i):upward(a)","114466":"teknikveckan.se##.pill:has-text(/spons/i):upward(.grid-item, .pinned, .articleFlow-item)","115219":"temperatur.nu##.holidAds:upward(1)","115775":"thelocal.se##.ra-widget-article-tag:has-text(/partner/i):upward(.ra-widget-panel)","116183":"tidningenbalans.se##p.uppercase:has-text(/i annonssamarbete med/i):upward(.flex.overflow-hidden)","117084":"tlnt.se##h2.elementor-heading-title:has-text(/annons/i):upward(.e-con-boxed[data-settings^=\"{\\\"background\"])","118216":"travnet.se##div.text-\\[8px\\].text-center:has-text(ANNONS):upward(1)","118361":"travrondenspel.se###root div[id]:not([id^=\"checkout\"]):empty:upward(2)","118503":"travronden.se##main div[id]:not([id^=\"checkout\"]):empty:upward(2)","118703":"trendenser.se##a[href=\"\"].uppercase:has-text(REKLAM):upward(.popular-post)","118915":"tripadvisor.se##a[target=\"_blank\"] button[aria-labelledby] span:has-text(/Sponsrat av|i samarbete med/i):upward(a)","120038":"tv.nu###tv-schedule section:has-text(ANNONS)","120226":"underbaraclaras.se##.jet-listing-dynamic-field__content:has-text(/annonssamarbete|reklamsamarbete/i):upward(.jet-listing-grid__item)","121115":"utsidan.se##.betart-marker:matches-css(after, content: /Annons/i):upward(.documentpush-group)","122273":"varmepumpsforum.com##a[target]:upward(.frontlinks tr)","122872":"veckorevyn.com##a[href*=\"/casino\"]:upward(.wp-block-image)","124071":"vildmarken.se##.g-single:upward(section[data-settings*=\"background_background\"])","124337":"villalivet.se##.td-block-title span:has-text(/sponsr/i):upward(3)","124819":"viseniorer.se##.leftinfo:has-text(/Externa artiklar:|Länktips:/)","125807":"vmj.se##.sidebox:has-text(/Externa länkar|Artiklar/)","126045":"vm-fotboll.se##.fusion-text:has-text(Online casino)","126424":"voodoofilm.org##.card-header:has-text(Annons):upward(.card)","126576":"vovve.net##span.arialtext11[style^=\"float:left\"]:has-text(/^i samarbete med/i):upward(2)","127420":"xn--gtboken-exa.se##span[id^=\"ezoic-pub-ad\"]:upward(.row)"}