{"126120":"wolt.com##button:has(> div > div > div > span:has-text(ממומן))","126185":"wolt.com##div:has(> div > div > div > div > div > p:has-text(ממומן))","131733":"||googlesyndication.com/pagead/js/adsbygoogle.js$script,redirect=noopjs:10,important,domain=walla.co.il","136090":"||googlesyndication.com/pagead/js/adsbygoogle.js$script,redirect=noopjs:10,important,domain=ynet.co.il","136616":"||googlesyndication.com/pagead/js/adsbygoogle.js$script,redirect=noopjs:10,important,domain=mako.co.il","137441":"||googlesyndication.com/pagead/js/adsbygoogle.js$script,redirect=noopjs:10,important,domain=calcalist.co.il","138162":"||googlesyndication.com/pagead/js/adsbygoogle.js$script,redirect=noopjs:10,important,domain=sport5.co.il","139245":"||googlesyndication.com/pagead/js/adsbygoogle.js$script,redirect=noopjs:10,important,domain=yad2.co.il","139908":"haaretz.co.il##span:has([href*=\"promo\"]):xpath(..)","141773":"www.kikar.co.il##div[aria-label*=\"המחלקה המסחרית\"]:nth-ancestor(5)","141842":"www.kikar.co.il##iframe[title*=\"Banner\"]:upward(4)","144148":"www-haaretz-co-il.eu1.proxy.openathens.net##span:has([href*=\"promo\"]):xpath(..)"}