{"5906":"blogsazan.com##.blog_center_bar > .main_title:has-text(مطالب پیشنهادی)","5979":"blogsazan.com##.blog_right_bar > .main_title:has-text(آخرین مطالب مجله)","6053":"blogsazan.com##.blog_right_bar > .main_title:has-text(آخرین مطالب مجله) + .main_content_free","6211":"blogsazan.com##.main_content[style=\"border-radius:10px;\"] > div[style=\"padding: 10px; text-align:center; font-size:13px;\"] > a:upward(.main_content)","6420":"eramblog.com#$?#div#macy-container > article:has(> div.articlebox > div.icons:has-text(تبلیغات)) { remove: true; }","6672":"eramblog.com##div.main_title:has(> span:has-text(مطالب پیشنهادی از سراسر وب))","18030":"[$path=/^((?!\\/category\\/رپرتاژ-آگهی).)*$/]appreview.ir##.archive-blog > article > figure > .entry-category:has-text(رپرتاژ آگهی):upward(article)","18638":"anzalweb.ir##aside > div > span > a.ani[target=\"_blank\"][title]:upward(div)","18716":"[$path=/^((?!category/رپرتاژ).)*$/]anzalweb.ir##article > footer > span.post-meta-cat:has-text(رپرتاژ):upward(article)","19064":"avaz-kurd.ir##.page-body > .post:not(article) > .yn-bnr:empty:upward(.post)","19142":"avaz-kurd.ir##.page-body > .post:not(article) > [id^=\"pos-article-\"]:empty:upward(.post)","19233":"avaz-kurd.ir##.sidebar-right > .box > .title:has-text(لینک های مفید):upward(.box)","19415":"artmusics.top##aside.left > div.box > div.title:has-text(تبلیغات):upward(div.box)","20278":"androidzoom.ir###sidebar .widget div[id^=\"kaprila_linktable\"]:upward(.widget)","20358":"androidzoom.ir###sidebar .widget a[href*=\"faradars.org\"] > img[alt*=\"فرادرس\"]:upward(.widget)","20589":"akharinnews.com##.yn-bnr:upward(.custom)","20882":"asandl.com##.widget-asan > span > a:upward(.widget-asan)","21192":"arga-mag.com##.menu_left-side-ads:upward(.boxsh)","21243":"arga-mag.com##.menu_right-side-ads:upward(.boxsh)","21295":"arga-mag.com###yektanet-pos-2:upward(.boxsh)","21650":"amazing.ir##.widget > .widget-top:has-text(آگهی متنی):upward(.widget)","21932":"alamto.com##.sidebar.col-4 > ul > li > h4:has-text(رپورتاژ آگهی):upward(li)","22104":"androidgozar.com##.post-sticky:upward(.row)","22458":"aparat.com##div.video-list:has(> div > div:has(span.ad:has-text(AD)))","23037":"aftabir.com##.carousel-inner > .item > .row > .col-md-4 > article:has(a[href*=\"aftabir.com/reportages\"]):upward(.col-md-4)","23298":"aftabir.com##.block > header > h2:has-text(/وبگردی|نیازمندی|رپرتاژ/):upward(.block)","24737":"apktops.ir##.spcontent:upward(.post)","24776":"apktops.ir##.post-article > .content > .row .entry-content:has-text(اسپاتیفای پرمیوم از APKTOPS):upward(.post-article)","27531":"bazimag.com###yt_spotlight3 .klatest-items-div > .modtitle:has-text(تبلیغات متنی):upward(.klatest-items-div)","27700":"blogsazan.com###macy-container > article > .articlebox > a[href*=\"/blogsazan.com/mag/reportage\"]:upward(article)","27952":"bazdeh.org##.widget > .section-heading > .h-text:has-text(لینکستون):upward(.widget)","29880":"bartarinha.ir##section.text_type_holder:has(> header.header_section > h4:has-text(تبلیغات متنی))","32153":"charbzaban.com##.widget:has(.widgettitle:has-text(/پیشنهاد|مفید/))","32336":"chetor.com##.linkbox:upward(4)","33148":"coffeeapps.ir#$?#style:has-text(@media print) { remove: true; }","33270":"coffeeapps.ir###sidebar > .block > h5:has-text(لینک های متنی):upward(.block)","34483":"darkroid.ir##a.dl-btn:has(> span:has-text(ads))","35887":"dlrozaneh.ir##.linkbox > header:has-text(تبلیغات متنی):upward(.linkbox)","36123":"deltapayam.com##.bd-sidebar > div > .widget > .block-title:has-text(تبلیغات):upward(.widget)","37468":"digiro.ir##.main-term-none > .listing > .type-post > .item-inner > .post-meta > .post-author-a > .author:has-text(واحد تبلیغات):upward(.type-post)","37617":"digiro.ir##.main-term-none > .listing > .type-post > .item-inner > .featured > .term-badges:has-text(رپورتاژ آگهی):upward(.type-post)","39391":"donya-e-eqtesad.com##.general-box:has(.box-header:has-text(وب گردی))","39659":"[$path=/^((?!\\/رپورتاژ).)*$/]downloadsoftware.ir##.art-post > .head-post > .cat-post:has-text(رپورتاژ):upward(.art-post)","40132":"downloadly.ir###kaprila_downloadly_ir_static-post:upward(.g-cols)","40200":"downloadly.ir###kaprila_downloadly_ir_top-side:upward(.g-cols)","40265":"downloadly.ir###kaprila_downloadly_ir_side-2:upward(.g-cols)","40328":"downloadly.ir###kaprila_linktable:upward(.g-cols)","40380":"downloadly.ir##.postfixedafterpost:upward(.g-cols)","40721":"digiboy.ir##div.slider-tab-ring:has(> h4.extra-menu:has-text(حامیان ما))","41578":"digiato.com###primary:not(> .categoriesPageHead:has-text(رپورتاژ آگهی)).rowList > li:has(a[href*=\"/promoted/\"])","42452":"www.digikala.com##div.flex.w-full > div.grow.min-w-0 > div[class*=\"styles_PdpProductContent__s\"]:has(> div.break-words > div.text-body-2:has-text(آگهی‌شده))","42729":"digikala.com##div.py-2:has(> div.items-center > div.swiper-container > div.swiper-wrapper > div.swiper-slide > div.h-full > div.flex > span.text-caption:has-text(سفارشی))","45181":"elmevarzesh.com##.footer-content .tag-cloud:upward(.foot-col)","46645":"ecoiran.com##.latestContents:has(.bTitle:has-text(وب گردی))","47200":"entekhab.ir##div.sp_ln_box_title:has-text(نیازمندیها)","48093":"elmefarda.com##div#sidebar300 > div.mywidget > div.titles:has-text(تبلیغات)","48171":"elmefarda.com##div#sidebar300 > div.mywidget > div.titles:has-text(تبلیغات) + div.titline","48304":"elmefarda.com##div.mywidget:has(> div.titles:has-text(تبلیغات متنی))","50191":"filmnet.ir##div#player-container svg[width=\"48\"][height=\"48\"][viewBox=\"0 0 64 64\"] > g[opacity=\"0.6\"]:upward(svg)","50489":"filmsky.ir##.widget > .widget_title:has-text(پیوندهای مفید):upward(.widget)","50567":"farsifilm.ir##.aside-inner > .widget-sidebar > .title:has-text(/بنر شماره|تبلیغات متنی/):upward(.widget-sidebar)","51177":"farachart.com##div.sidebar > div.widget:has(> div.widget-head > h3:has-text(تبلیغات))","51265":"farachart.com##div.g:has(> div.g-col > span[style]:has-text(تبلیغات)):has( div.post-link-box1)","53455":"farnet.io##.content-column:not(> .archive-title:has-text(رپرتاژ تبلیغاتی)) .item-inner:has(a[href*=\"/pr/\"])","55394":"gamemods.ir##div#sidebar > aside > section.widget_text:has(> a > h5:has-text(تبلیغات))","56024":"7ganj.ir##.herald-sidebar .widget:has(.widget-title:has-text(تبلیغات)) p:not(:has(a[href*=\"kurdsoft\"])):not(:has(a[href*=\"7ganj.ir\"]))","56483":"gamesetup.ir##.sidebar > .box > .behtarinbacklink:upward(.box)","57899":"ghatreh.com##table > tbody > tr > td > .dagh > strong:has-text(اخبار تبلیغاتی)","58197":"graphiran.com##div[id$=\"col-up\"]:has-text(تبلیغات)","58250":"graphiran.com##div[id$=\"col-up\"]:has-text(تبلیغات) + div[id$=\"col-body\"]","59116":"hellodigi.ir##div#sp-right > div.sp-column > div.sp-module:has(> h3.sp-module-title:has-text(حامیان ما))","59386":"harmonydl.us##.cside1 > .hside2:has-text(تبلیغات):upward(.cside1)","59831":"hamtamovie.nl##section#left-side > aside > h4:has-text(تبلیغات):upward(aside)","60048":"harfetaze.com##aside.sidebar-right > div.box:has(> div.title > h4.title-text:has-text(تبلیغات متنی))","60482":"hamshahrionline.ir###ads-container > .box > header:has-text(وبگردی):upward(.box)","61105":"iranidata.com##.m-ads:upward(.sidebar-left-item.content)","61999":"imna.ir##.box:has(header:has-text(تبلیغات متنی))","62893":"my.irancell.ir##div[class^=\"css-\"][dir=\"auto\"]:has-text(بازارگاه)","62961":"my.irancell.ir##div[class^=\"css-\"][dir=\"auto\"]:has-text(بازارگاه) + div[class^=\"css-\"]:empty + div[class^=\"css-\"]:has(> div[class^=\"css-\"][style] > div[class^=\"css-\"]:empty + div[class^=\"css-\"][style] > div[style=\"width: 25%;\"] > div[tabindex=\"0\"][style=\"transition-duration: 0s;\"])","64756":"iranjib.ir##div#column3 > table.sidea > tbody > tr:has(> td > div.mybox > h4:has-text(تبلیغات متنی))","66922":"jafekri.com#$?#style:has-text(@media print) { remove: true; }","69085":"kihanb.ir#$?#style:has-text(user-select) { remove: true; }","69145":"kihanb.ir#$?#style[media=\"print\"]:has-text(display:none) { remove: true; }","69275":"khodrotak.com##section.other_news > header:has-text(رپرتاژ)","69337":"khodrotak.com##section.other_news > header:has-text(رپرتاژ) + div","69827":"khodropluss.ir##.aside_boxs > .title_nt_box:has-text(تبلیغ):upward(.aside_boxs)","70262":"khanefootball.com##.bahavadaran-news > .header-section:has-text(دیگر رسانه ها)","71095":"konkur.in##.part-content-wordpres > .title-section:has-text(پست تبلیغاتی):upward(.part-content-wordpres)","71202":"konkur.in##.small-tab-news > .sidebar-news > ul:has-text(تبلیغات متنی):upward(.small-tab-news)","71299":"konkur.in##section.tabliqat-text > header:has-text(تبلیغات متنی):upward(section.tabliqat-text)","73629":"khabarpu.com##.rbox .rbox-h:has-text(تبلیغات):upward(.rbox)","74110":"kalakamuz.ir##div.sidebar > div.box:has(div.row:has-text(تبلیغات))","74992":"lordroid.com##.lnk > center > a > img[alt=\"ADS\"]:upward(center)","75058":"lordroid.com##.footer_column > div > ul > li > a:has-text(طراحی سایت)","75191":"listen2music.ir##.side_left > .side > .title:has-text(تبلیغات متنی):upward(.side_left)","76391":"mihantrader.com##div.text-white:has(> div:has-text(AD))","77012":"mohandescenter.ir##div.col-12 div#ctl00_topModule1_pnlTop:has(> div.divleftmod > div.py-2 > strong:has-text(جت سئو))","77245":"mediat.ir##div.elementor > section > div.elementor-container:has(h2.heading-title:has-text(لینک‌های کاربردی))","79656":"mihand.ir##.entry:has(.title:has-text(تبلیغات))","81507":"mybia4music.com##aside#left > .box > .title:has-text(تبلیغات):upward(.box)","81690":"marzfun.com##aside:has(aside>div>div>span:has-text(تبلیغ))","82301":"moderndl.com##.sidebar_item > .sidebar_item__inner > .sidebar_item__title:has-text(تبلیغات متنی):upward(.sidebar_item)","84969":"nex11music.ir,show-music.ir##div.side_left > div.side > div.title:has-text(تبلیغات متنی):upward(div.side)","85675":"niniban.com##section:has(> header > h4:has-text(تبلیغات متنی))","87713":"55online.news###webgardi_list:upward(.section_cnt)","89884":"plaza.ir##.post > .post__content > .post__category:has-text(رپورتاژ آگهی):upward(.post)","90056":"par30media.com##.right-sidebar > aside > .tit-side:has-text(لینک های مفید):upward(aside)","90498":"power-music.ir##.sidbar > p > strong:has-text(پیوندها):upward(.sidbar)","91286":"p30konkor.com#$?#style:has-text(@media print) { remove: true; }","95280":"1pezeshk.com##div.wpb_column:has(h3.section-heading:has-text(رپورتاژ))","95353":"1pezeshk.com##div#custom_html-3:has(p.section-heading:has-text(رپورتاژ))","95428":"1pezeshk.com##div.wpb_column:has(div.section-heading:has-text(آگهی متنی))","95504":"1pezeshk.com##div.wbie:has(div.section-heading:has-text(آگهی متنی))","98740":"rokna.net##div.margin-bottom-16 > section.various-cnt:has(> header.default-header > h2.title:has-text(بازرگانی))","98884":"rokna.net##header.default-header-2 > h2.title:has-text(وبگردی)","100700":"subkade.ir##div.sk-side:has(> div.sk-side-title:has-text(/لینک‌های پیشنهادی|منتخب پیشنهاد امروز|روز/))","103364":"sclinic.ir#$?#style:has-text(@media print) { remove: true; }","104808":"salameno.com##.box:has(header:has-text(مفید))","105851":"sheypoor.com##main.mainV2 div:has(> section > a > div > div > span:has-text(تبلیغات))","105939":"sheypoor.com##main.mainV2 div:has(> section > div > div > h2 > p:has-text(/^Ad$/))","106045":"shereno.com##.widget:has(.widget_title:has-text(پیوند))","108834":"sakhtafzarmag.com##.dinu:upward(.widget)","109137":"sarzamindownload.com##.OpenTable > div > center > a[rel=\"nofollow\"] > .img-responsive:upward(.OpenTable)","109244":"sarzamindownload.com##.GSBlock > div > .title > h3:has-text(لینک های ویژه):upward(.GSBlock)","109338":"sarzamindownload.com##.OpenTable > h2:has-text(مقالات):upward(.OpenTable)","109414":"sarzamindownload.com##.GSLiveTab > .tab_container1 > #tab3 > h2:has-text(مقالات):upward(.GSLiveTab)","111934":"skinak.ir##div.left-body:has(> div.left-title:has-text(لینک دوستان))","112652":"[$path=/^((?!\\/fa\\/news\\/pr).)*$/]shahrsakhtafzar.com##.items-row:has(.sazitem_imgcat:has-text(رپورتاژ آگهی))","113598":"saednews.com##div.px-3:has(a > span:has-text(AD))","113847":"saat24.news##li[id^=\"ad\"]:upward(section.box)","113895":"saat24.news##section.box ul > li.bklnk:upward(section.box)","116827":"technews-iran.com##.sidebar > .d-flex > aside > section > figure:has(a[href*=\"ad.technews-iran.com/\"]):upward(.sidebar)","118819":"torob.com##div.buy_box > a.cheapest-seller-wrapper > div.online_seller div.online_badge:has-text(آگهی):upward(div.buy_box)","119943":"takmili.com#$?#style:has-text(wccp) { remove: true; }","119998":"takmili.com#$?#style:has-text(user-select) { remove: true; }","120249":"[$path=/^((?!category/website/reportage).)*$/]techfars.com##.box:has-text(رپورتاژ آگهی)","120547":"techna.news##[class=\"widget_text sidebar-box\"]:has-text(تبلیغ)","120612":"techna.news##[class=\"widget_text sidebar-box\"]:has-text(وبگردی)","121509":"texahang.org##div.right-sidebar > aside:has(> div.tit-side:has-text(پیوندهای داغ))","121922":"techrato.com##.widget > p > #KajAds_Panel:upward(.widget)","121982":"[$path=/^((?!tag/رپورتاژ-آگهی).)*$/]techrato.com##.posts-list > article.tag-8164 > .clearfix > a[class=\"title\"][href$=\"reportage/\"]:upward(article)","122502":"tabnak.ir##.film_box:has-text(مدرسه آنلاین)","122548":"tabnak.ir##.stitle_box:has(.top_title:has-text(وب گردی))","122607":"tabnak.ir##.box:has(.top_title:has-text(نیازمندیها))","124370":"toranji.ir###mostvisited:has(.widget-title:has-text(تبلیغات متنی))","126270":"tarafdari.com##aside.column-side > div.block:has(> div.block-title:has-text(وبگردی))","126494":"takskin.com##div.col-md-3 > .box.style-1 > .box-header:has-text(/تبلیغات رپورتاژ|لوگو اسپانسر/):upward(.box)","126649":"taknaz.ir##section#RightPanel > div.RBC > div.CCTS:has-text(تبلیغات متنی):upward(div.RBC)","127168":"uptrack.ir##aside.widget_text > div.aside_box_title:has-text(لینک های ویژه):upward(aside.widget_text)","129593":"vipofilm.com##aside > .title:has-text(تبلیغات):upward(aside)","131077":"vazeh.com##div.main > div.mainx1 > div:has(> span.side-title:has-text(تبلیغات))","133352":"youc.ir##.widget > .widget-title:has-text(تبلیغات):upward(.widget)","133421":"[$path=/^((?!\\/author\\/d-reportages).)*$/]youc.ir##ul#posts-container > li.post-item > .post-details > .post-meta > .author-meta:has-text(دپارتمان تبلیغات):upward(li.post-item)","135491":"zibamoon.com##.LeftSide > .TableOfContent > div[style=\"text-align:center;\"]:has-text(صفحات مرتبط):upward(.TableOfContent)","228673":"takvim.tj##a[name^=Advertisement]:upward(.wb_element)","228873":"benawa.com##.benawa_contentarea .benawa_treeads:upward(.benawa_contentarea)"}