{"105461":"ouedkniss.com#@?#.v-container:has(.o-section-heading:-abp-contains(/Ad|Publicité|Sponsored|Sponsorisées|Stores à la une|إعلان|إعلانات في المقدمة|متاجر في المقدمة/))","108305":"nicematin.com#@?#section:-abp-has(.brand:-abp-contains(sponsorisé))","118779":"google.ae,google.be,google.cd,google.cf,google.cg,google.ch,google.cm,google.com,google.dz,google.fr,google.gp,google.gy,google.ht,google.iq,google.jo,google.ma,google.ml,google.mw,google.ne,google.ng,google.om,google.ps,google.qa,google.rw,google.sa,google.sn,google.td,google.tg,google.tn,google.tt#@?##topstuff:-abp-has(.SRfaKe)","120696":"leboncoin.fr#@?#a[data-test-id]:-abp-has([class]:-abp-contains(/À la une|Sponsorisé|Urgent/))","121409":"||googletagmanager.com/gtm.js$script,redirect=googletagmanager-gtm,domain=geo.fr","134635":"||googletagmanager.com/gtm.js$script,redirect=googletagmanager-gtm,domain=voici.fr","136027":"||googletagmanager.com/gtm.js$script,redirect=googletagmanager-gtm,domain=capital.fr","139193":"||googletagmanager.com/gtm.js$script,redirect=googletagmanager-gtm,domain=gala.fr","144359":"twitter.com#@?#[data-testid=\"tweet\"]:-abp-contains(Sponsorisé)","596430":"20min.ch#?#.clusterTop:-abp-has(.teaser:-abp-has(h3:-abp-contains(Paid Post)))","596495":"2ememain.be#?#.hz-Listing--list-item:-abp-has(.hz-Listing-priority:-abp-contains(Pub au top))","596580":"2ememain.be#?#.hz-Listing--list-item:-abp-has(.hz-Listing-seller-link:-abp-contains(Visiter le site internet))","596964":"algerie-eco.com#?#.td_block_wrap:-abp-has(.block-title:-abp-contains(sponsorisés))","597038":"aliexpress.com,aliexpress.us#?#._2FypS:-abp-has(._1rKqn:-abp-contains(/AD|Annonce|إعلان/))","597120":"aliexpress.com,aliexpress.us#?#.search-item-card-wrapper-gallery:-abp-has([class^=\"multi--ax\"]:-abp-contains(/AD|Annonce|إعلان/))","597241":"allocine.fr#?#.news-card:-abp-contains(Sponsorisé)","597288":"allocine.fr#?#.video-card-trailer:-abp-has([class*=\"sponso\"])","597346":"allocine.fr#?#.video-card:-abp-has([class*=\"sponso\"])","597396":"android-mt.com#?#.boutonlink:-abp-has(a:-abp-contains(/VPN|rencontre/))","597459":"android-mt.com#?#.bp-fin:-abp-has(a:-abp-contains(/VPN|rencontre/))","597518":"annonces.nc#?#annonces-post-detail:-abp-has(.bg-boosted)","597672":"betaseries.com#?#.blockSearch:-abp-has(.adsbygoogle)","597721":"blogdumoderateur.com#?#.breve:-abp-has(.breve-info:-abp-contains(Sponsorisé))","597790":"blogdumoderateur.com#?#.sticky:-abp-has(.sponsorise)","597839":"businessinsider.fr#?#.post-nonfeatured:-abp-has(.title-studio:-abp-contains(Contenu Sponsorisé))","597927":"ccm.net#?#.ccm_list_catch__item:-abp-contains(Sponsored)","597980":"cdiscount.com#?#.fpColFloatAddisplayBloc:-abp-has(.c-sponsoredMentions)","598048":"cdiscount.com#?#.o-block:-abp-has(.o-block__content:-abp-has(.c-sponsoredMentions))","598123":"cdiscount.com#?#div.o-block:-abp-has(div.u-mt-sm > svg)","598175":"cdiscount.com#?#li:-abp-has(.prdtBlocInline:-abp-has(.c-sponsoredMentions))","598242":"cdiscount.com#?#li[data-sku]:-abp-has(.c-sponsoredMentions)","598298":"cnetfrance.fr#?#.riverPost:-abp-has(.tag-desktop:-abp-contains(Publicité))","598364":"commentcamarche.com,commentcamarche.net#?#.ccm_list_catch__item:-abp-contains(Annonces)","598448":"delhaize.be#?#.product-item:-abp-contains(Sponsorisé)","598498":"discordbots.org,top.gg#?#.bot-card:-abp-has(.lib:-abp-contains(Promoted))","598563":"discordbots.org,top.gg#?#.bot-card:-abp-has(.lib:-abp-has(img))","598618":"distrowatch.com#?#.News1:-abp-has(td:-abp-contains(Sponsored))","598672":"doctolib.fr#?#.dl-card:-abp-has(.dl-card-sponsored-pill)","598725":"ebay.fr#?#.sresult:-abp-has(.promoted-lv)","598763":"ebay.fr#?#[id^=\"nume_html_\"]:-abp-has(.mfe-card-group:-abp-has(.mfe-card-group-title:-abp-contains(sponsorisées)))","598864":"ebay.fr#?#[id^=\"nume_html_\"]:-abp-has(.mfe-header:-abp-has(.mfe-pull-left:-abp-contains(sponsorisés)))","598953":"extreme-down.party,mega-torrent1.com,nextorrent.cz,nortorrent.com,nortorrent1.com,rantop.my#?#a:-abp-contains(/ANONYME|Anonyme|anonyme|PREMIUM|Premium|premium|RAPIDE|Rapide|Usenet|VPN|Vpn/)","599139":"flaticon.com#?#.soul-p:-abp-has(.footer-sponsor)","599184":"futura-sciences.com#?#.postcontainer:-abp-has(.username:-abp-contains(Publicité))","599257":"gameblog.fr#?#.highlight-item:-abp-has(.word-wrapper:-abp-contains(sponso))","599324":"gameblog.fr#?#.item.full.gameblog:-abp-has(.post-details:-abp-contains(sponsorisé))","599399":"hitek.fr#?#.news-bloc:-abp-has(.article-type:-abp-contains(Sponsorisé))","599462":"homify.fr#?#.photo__m:-abp-has(.top-label)","599501":"homify.fr#?#.premium-card:-abp-has(.top-label)","599544":"igen.fr,macg.co,watchgeneration.fr#?#article:-abp-has(.sidebar-artitle:-abp-contains(/📣|📌/))","599630":"igen.fr,macg.co,watchgeneration.fr#?#article:-abp-has(h2:-abp-contains(/📣|📌/))","599702":"indeed.fr#?#.jobsearch-SerpJobCard:-abp-has(.sponsoredGray)","599758":"iphonesoft.fr#?#article:-abp-has(.date:-abp-contains(Sponso))","599811":"jeuxvideo.com#?#.anchorMiddleOne:-abp-has(.badge:-abp-contains(Sponsorisé))","599878":"jeuxvideo.com#?#.anchorWrapper:-abp-has(.cardHorizontalList__footer:-abp-contains(Sponsorisé))","599964":"jeuxvideo.com#?#.card:-abp-has(.badge:-abp-contains(Sponsorisé))","600020":"jeuxvideo.com#?#.item-small-pres:-abp-has(a:-abp-has(.sponsored-prefix))","600084":"jeuxvideo.com#?#li:-abp-has(a:-abp-has(.sponsored-prefix))","600134":"journaldugeek.com#?#.entry__item:-abp-has(.entry__img-container--sponso)","600203":"korben.info#?#.alderaan-sous-article:-abp-has(span:-abp-contains(publicité))","600271":"korben.info#?#[class*=\"sous-categories\"]:-abp-contains(Lien partenaire)","600339":"korben.info#?#blockquote:-abp-has(a[href*=\"http://bit.ly/\"])","600396":"korben.info#?#blockquote:-abp-has(a[href*=\"http://bitly.com/\"])","600456":"korben.info#?#div > hr + article.type-post:-abp-has(header:-abp-has(a[href^=\"http://bit.ly/\"]))","600543":"korben.info#?#div > hr + article.type-post:-abp-has(header:-abp-has(a[href^=\"http://bitly.com/\"]))","600633":"korben.info#?#div[class*=\"sous-article\"]:-abp-has(a[href^=\"http://amzn.to/\"])","600707":"krefel.be#?#div[class^=\"Flex-styled__StyledFlex-\"]:has(h3:-abp-contains(Produits sponsorisés))","600798":"latribune.fr#?#.article-wrapper:-abp-has(.subheading:-abp-contains(Partenaire))","600869":"latribune.fr#?#.homepage-section.supplement-section:-abp-has(span:-abp-contains(Partenaires))","600954":"lebigdata.fr#?#.elementor-widget-wrap:-abp-has(a[href^=\"http://clickmetertracking.com/\"])","601040":"leboncoin.fr#?#.undefined:-abp-contains(Sponsorisé)","601088":"leboncoin.fr#?#a[data-test-id]:-abp-has([class]:-abp-contains(/À la une|Sponsorisé|Urgent/))","601172":"leseclaireuses.com#?#.article.small:-abp-has(a[href*=\".smartadserver.com\"])","601244":"leseclaireuses.com#?#.gslide:-abp-has(a[href^=\"https://bit.ly/\"])","601480":"lessentiel.lu#?#aside:-abp-has(div + span:-abp-contains(Publicité))","601539":"libhunt.com#?#.boxed:-abp-has(.tag:-abp-contains(Sponsored))","601591":"libhunt.com#?#.repo-component:-abp-has(label:-abp-contains(sponsored))","601653":"linfoweb.com#?#.isnotmobi:-abp-has(a:-abp-contains(sponsorisé))","601708":"linfoweb.com#?#tbody:-abp-has(i:-abp-contains(sponsorisé))","601758":"macommune.info#?#.box_article:-abp-has(.is-text-publi-infos)","601815":"macommune.info#?#.widget_article:-abp-has(.title_widget:-abp-contains(/PUBLI INFO|Publi-info/))","601902":"maison-islam.com#?#aside:-abp-has(.widget-title:-abp-contains(Publicité))","601967":"mediamarkt.be#?#[data-index-number]:-abp-contains(Sponsorisé)","602025":"mega-torrent1.com,nextorrent.cz,nortorrent.com,nortorrent1.com,rantop.my#?#div[style]:-abp-contains(/adsby|ANONYME|Anonyme|anonyme|premium|Usenet|VPN|Vpn/)","602177":"mega-torrent1.com,nextorrent.cz,nortorrent.com,nortorrent1.com,rantop.my#?#table[style]:-abp-contains(/adsby|ANONYME|Anonyme|anonyme|premium|Usenet|VPN|Vpn/)e","602394":"narcity.com#?#.article-thumbnail:-abp-has(a:-abp-contains(/Sponsored|sponsorisé/))","602468":"nextinpact.com#?#.us-bas-ctr:-abp-has(a[href^=\"https://www.cybertek.fr/\"])","602539":"nextinpact.com#?#app-home-item:-abp-has(.article:-abp-has(.sponsored))","602601":"nextinpact.com#?#li[class=\"ng-star-inserted\"]:-abp-has(.sponsored)","602664":"nicematin.com#?#section:-abp-has(.brand:-abp-contains(sponsorisé))","602722":"nocibe.fr#?#.proditem:-abp-has(.rm-sponsorise)","602765":"numerama.com#?#.container_native_sidebar:-abp-has(.sponsoring-icon)","602829":"numerama.com#?#.post-card:-abp-has(span:-abp-contains(sponso))","602883":"numerama.com#?#.post-grid:-abp-has(.sponsoring-icon)","602932":"on-mag.fr#?#.uk-margin-remove-last-child:-abp-has(div:-abp-has(span:-abp-contains(PUBLICITÉ)))","603013":"ouedkniss.com#?#section:has(.o-section-heading:-abp-contains(/Ad|Publicité|Sponsored|Sponsorisées|Stores à la une|إعلان|إعلانات في المقدمة|متاجر في المقدمة/))","603168":"phonandroid.com#?#li:-abp-has(a:-abp-contains(sponso))","603214":"positivr.fr#?#article:-abp-has(.sponsored-notice)","603260":"rakuten.com#?#[data-productid]:-abp-has(a[href^=\"/offer?action=\"])","603323":"businessinsider.fr#?##related-post-:-abp-has(a[href*=\"/contenu-sponsorise\"])","603396":"santemagazine.fr#?#[data-identifier]:-abp-has(div:-abp-has(.sponsor-color))","603463":"sketchucation.com#?#.post:-abp-has(.postprofile:-abp-has(strong:-abp-contains(Ad Machine)))","603541":"sookbtp.com#?#.owl-item:-abp-has(figure:-abp-has(img[src^=\"publicites/\"]))","603607":"starbike.com#?#.post.has-profile:-abp-has(.postbody:-abp-has(.adsbygoogle))","603674":"temp-mail.org#?#li:-abp-has(.inboxSenderEmail:-abp-contains(AD | Temp Number))","603744":"thesiteoueb.net#?#.panel:-abp-has(.panel-heading:-abp-has(.panel-title:-abp-contains(Publicité)))","603828":"tourmag.com#?#.wm-module:-abp-contains(Contenu sponsorisé)","603883":"tourmag.com#?#.wm-module:-abp-has(a[href^=\"https://www.hoteletlodgepro.biz/\"])","603958":"tsa-algerie.com#?#.jwpv-desktop:-abp-contains(Publicité)","604011":"twitter.com#?#[data-testid=\"tweet\"]:-abp-contains(Sponsorisé)","604069":"voyageforum.com#?#div[style*=\"width: 300px\"]:-abp-contains(/Publicité|Publicités/)","604148":"voyageforum.com#?#div[style*=\"width: 300px\"]:-abp-has(.adsbygoogle)","604212":"voyageforum.com#?#table[class=\"post\"]:-abp-has(tbody:-abp-contains(/annonces|annonceurs/))","604294":"voyageforum.com#?#table[style=\"width: 300px;\"]:-abp-has(a)","604349":"zataz.com#?#.custom-sidebar:-abp-has(h3:-abp-contains(/Partenaires|Publicité/))"}