{"118424":"sir-apfelot.de##.entry-content > .code-block:has(> div[style] > a:contains(Werbung))","340176":"berliner-zeitung.de#@?#.m-article-teaser:-abp-has(div:-abp-contains(Anzeige))","345356":"saechsische.de#@?#article,div:-abp-has( > div > .article-section--nad > span:-abp-contains(Anzeige))","347852":"saechsische.de#@?#article,div:-abp-has( > .article-fill__section > span:-abp-contains(Anzeige))","348192":"saechsische.de#@?#article,div:-abp-has(> .landingpage > span:-abp-contains(Anzeige))","600081":"stol.it#?##ContainerFull:-abp-has(a:-abp-contains(Anzeige))","600132":"alles-mahlsdorf.de#?#.elementor-section:-abp-has(h2.elementor-heading-title:-abp-contains(Werbung))","600223":"android-hilfe.de#?#article.message--post:-abp-has(span.username:-abp-contains(Anzeige))","600302":"apfeltalk.de#?#div.wpb_text_column:-abp-contains(Werbung)","600356":"avguide.ch#?#.avgrid_1_of_1.viewlet-bottom:-abp-has(h2:-abp-contains(Advertorials))","600431":"avguide.ch#?#.gridteaser.gridteaser-m:-abp-has(h4:-abp-contains(Sponsored Post))","600503":"back-intern.de#?#.cm-post-widget-three.cm-post-widget-section:-abp-has(.section-title:-abp-contains(Partner))","600604":"baur.de#?#div[data-testid=\"card\"]:-abp-has(span.MuiCardHeader-title:-abp-contains(Gesponserte Artikel))","600699":"baur.de#?#div[data-testid=\"reco-wrapper\"]:-abp-has(div[class^=\"indexesm__HeadlineElement-fragment-product-master__\"]:-abp-contains(Gesponserte Artikel))","600843":"baur.de#?#span:-abp-contains(Gesponserte Artikel)","600889":"bergsteiger.de#?#.eight.columns.alpha.content:-abp-has(span:-abp-contains(Advertorial))","600968":"berliner-kurier.de#?#.m-teaser:-abp-has(span:-abp-contains(Sponsored))","601030":"berliner-zeitung.de#?#.m-article-teaser:-abp-has(div:-abp-contains(Anzeige))","601098":"berlinstadtservice.de#?#.row.block03:-abp-has(p:-abp-contains(ANZEIGE))","601161":"bitreporter.de#?#.code-block:-abp-has(span:-abp-contains(/ANZEIGE|Anzeige|Werbung|WERBUNG/))","601245":"carpediem.life#?#.post-overview:-abp-has(div:-abp-contains(Anzeige))","601305":"celleheute.de#?#div.YzqVVZ:-abp-has(span.wixui-rich-text__text:-abp-contains(Anzeigen))","601384":"computerbase.de#?#div.text-asset.text-width:-abp-has(p.text-width:-abp-contains(Anzeige))","601465":"computerbild.de#?#article.gridArea__teaserM:-abp-has(div.teaserBlock__label:-abp-contains(Anzeige))","601556":"cyclingmagazine.de#?#p:-abp-contains(Anzeige) > strong > a[target=\"_blank\"][rel=\"noopener\"] > picture","601654":"dkamera.de#?#.node.teaser:-abp-has(a:-abp-contains(Anzeige))","601706":"ebay.de#?#.b-module:-abp-has(h2:-abp-contains(Anzeigen))","601754":"ebay.de#?#.mfe-lex:-abp-has(h2:-abp-contains(Anzeigen))","601801":"emotion.de#?#.node--article:-abp-has(span:-abp-contains(Anzeige))","601858":"fazemag.de#?#h4:-abp-has(span:-abp-contains(ANZEIGEN))","601904":"finanzen.net#?#.mleft-10.small-font.light-grey:-abp-contains(Werbung) + .box + .border-blue-2","601994":"finanzen.net#?#.mleft-10:-abp-contains(Werbung) + .box","602045":"focus.de#?#article[id^=\"teaser-\"][data-placement]:-abp-contains(Anzeige)","602114":"games.ch#?#.col4:-abp-has(h3:-abp-contains(Unterstützt durch:))","602169":"gamestar.de#?#.content-item-medium:-abp-has(data:-abp-contains(Anzeige))","602233":"gamestar.de#?#.content-item-small:-abp-has(h3:-abp-contains(Anzeige))","602294":"gamestar.de#?#.contentnewsitem-box .box-reload .news-list:-abp-has(span.media-heading:-abp-contains([Anzeige]))","602397":"gamestar.de#?#.contentnewsitem-box .box-reload > div:-abp-has(.news-list span.media-heading:-abp-contains([Anzeige])) + hr","602511":"giga.de#?#.alice-teaser-list-item:-abp-has(.alice-teaser-meta-text:-abp-contains(Anzeige))","602593":"gofeminin.de#?#.af-block-native:-abp-contains(Anzeige)","602644":"gofeminin.de#?#.af-block-native:-abp-contains(Sponsored Post)","602702":"handelszeitung.ch#?#.teaser-m-default:-abp-contains(Native Advertising)","602770":"handelszeitung.ch#?#.teaser-m-default:-abp-contains(Publireportage)","602834":"hardwareluxx.de#?#.bg-gray-light:-abp-has(div.text-right:-abp-contains(Werbung))","602906":"heise.de#?#.px-4.md\\:px-6.py-3.h-full.bg-gray-50:-abp-has(.mb-3.text-xs.leading-none.text-center:-abp-contains(Anzeige))","603018":"heise.de#?#p:-abp-contains(=== Anzeige / Sponsorenhinweis ===)","603077":"heise.de#?#p:-abp-contains(=== Anzeige / Sponsorenhinweis ===) + p","603140":"heise.de#?#p:-abp-contains(=== Anzeige / Sponsorenhinweis ===) + p + p","603207":"heise.de#?#p:-abp-contains(=== Anzeige / Sponsorenhinweis ende===)","603270":"ibooks.to#?#form:-abp-has(button:-abp-contains(Download))","603319":"imsueden.de#?#.swiper:-abp-has(.headline:-abp-contains(Partner))","603375":"kajak-magazin.com#?#.custom:-abp-has(span:-abp-contains(Anzeige))","603432":"knuspr.de#?#div[data-test=\"whisperer-product-wrapper\"]:-abp-contains(Gesponsert)","603509":"koeln.de#?#.gb-container:-abp-contains(Anzeige)","603553":"la-palma24.info#?#article[class^=\"dvs-ad-tyblqtres-uno\"]:-abp-has(div:-abp-contains(AD))","603633":"la-palma24.info#?#div[class^=\"dvbloqbasic\"]:-abp-has(div:-abp-contains(Ad))","603700":"lausitz-tv.de#?#.small-12.column:-abp-contains(Anzeige)","603752":"lessentiel.lu#?#div:-abp-has(+ span:-abp-contains(Werbung))","603803":"linkedin.com#?#.core-rail > div > div[id^=\"ember\"]:-abp-has(span:-abp-contains(Gesponsert))","603886":"marbacher-zeitung.de#?#.appetizer:-abp-contains(Anzeige)","603939":"mediamarkt.at,mediamarkt.de,saturn.de#?#li:-abp-has(div[data-test=\"mms-product-card\"]:-abp-has(span:-abp-contains(Gesponsert)))","604053":"mediamarkt.de#?#[data-test=\"mms-base-teaser\"]:-abp-contains(Gesponsert)","604121":"mediamarkt.de#?#[data-test=\"mms-search-flagship-sba\"]:-abp-contains(Gesponsert)","604197":"mediamarkt.de#?#[data-test=\"mms-search-showcase\"] + div:-abp-contains(Gesponsert)","604275":"meissen-fernsehen.de#?#.text-center:-abp-contains(- Werbung -)","604334":"mmnews.de#?#.sp-module:-abp-has(span:-abp-contains(Kleinanzeigen))","604392":"mobile.de#?#[data-testid=\"home-brand-portal-section-container\"]:-abp-contains(Gesponsert)","604478":"motorsport-total.com#?#.teaser_container.teaser-htmlcode.relative.row:-abp-has(.f1de-container-title:-abp-contains(Die besten Leasing-Deals))","604611":"notebookcheck.com#?#.introa_news:-abp-contains(Anzeige)","604663":"nur-positive-nachrichten.de#?#.moduletable.text-center:-abp-has(.bildunterschrift:-abp-contains(Anzeige))","604760":"o-sport.de#?#.card-body:-abp-contains(Sponsoren)","604805":"onvista.de#?#.outer-spacing--xxlarge-top:-abp-contains(Werbung von)","604869":"onvista.de#?#a[class*=\"ArticleTeaserBox\"]:-abp-has(div.ov-subline:-abp-contains(Werbung))","604950":"pctipp.ch#?#.list_item:-abp-has(.dachzeile:-abp-contains(Partnerzone))","605012":"pcwelt.de#?#div.box:-abp-has(span.banner-text + h4:-abp-contains(/Partner-Angebot|Angebote/))","605097":"pollenflug.de#?#.services-item:-abp-contains(bei Amazon)","605150":"produktion.de#?#.postlist-item:-abp-has(.label:-abp-contains(Gesponsert))","605215":"report-d.de#?#.content-view-containerbox:-abp-contains(SONDER-VERÖFFENTLICHUNG)","605291":"rewe.de#?#.rs-qa-product:-abp-contains(Gesponsert)","605338":"satvision.de#?#.fc_bloglist_item:-abp-has(a:-abp-contains(Advertorial))","605401":"satvision.de#?#.mod_flexicontent_standard_wrapper:-abp-has(span:-abp-contains(Advertorial))","605484":"seo-suedwest.de#?#.moduletable:-abp-has(span:-abp-contains(Anzeige))","605544":"shop-apotheke.at#?#[data-qa-id=\"result-list-entry\"]:-abp-contains(Gesponsert)","605618":"skodacommunity.de#?#article.message--post:-abp-has(a:-abp-contains(Anzeige))","605686":"smartphonemag.de#?#.td_module_wrap:-abp-has(.td-post-author-name:-abp-contains(Werbung))","605766":"sportdeutschland.tv#?#.text-right.text-white.col-6:-abp-contains(präsentiert von)","605844":"swz.it#?#.jeg_post.jeg_pl_md_2.pr.format-standard:-abp-has(span:-abp-contains(PR-INFO))","605923":"t-online.de#?#.afl-widget-root:has(span:-abp-contains(Beliebt bei t-online))","605996":"t-online.de,www-t--online-de.cdn.ampproject.org#?#div[id^=\"T-\"][onfocus^=\"A('zid=\"]:-abp-has(a:-abp-contains(Anzeige))","606106":"tag24.de#?#article.article-tile:-abp-has(span.article-tile__badge2:-abp-contains(ANZEIGE))","606188":"tiger.ch#?#div[id^=\"gridSuche_panRecord_\"]:has([id^=\"gridSuche_lblUrl_\"]:-abp-contains(Anzeige))","606281":"tonight.de#?#.td_block_wrap:-abp-has(a:-abp-contains(Anzeige))","606335":"um-tv.de#?#.small-12.column.space:-abp-has(p:-abp-contains(--Anzeige--))","606399":"unicum.de#?#.artikel-preview-content:-abp-has(p:-abp-contains(-ANZEIGE-))","606464":"wallstreet-online.de#?#.footnote:-abp-has(.headline-box:-abp-contains(Werbung))","606535":"wallstreet-online.de#?#.module.c1.hidden-xs:-abp-has(span.issuerPromotionHint:-abp-contains(Werbung))","606628":"wallstreet-online.de#?#.newsflash:-abp-has(span.suffix.wo-inline-block.pull-right:-abp-contains(Anzeige))","606725":"wallstreet-online.de#?#.newsflash:-abp-has(span.wo-inline-block:-abp-contains(Anzeige))","606804":"welt.de#?#div[id][data-qa]:-abp-has(.c-buelent-linkbox__label:-abp-contains(Anzeige))","606881":"winfuture-forum.de#?#div.ExtraPostBlock:-abp-has(div.post_block:-abp-contains(Anzeige)):not(.with_rep)","606975":"zentrum-der-gesundheit.de#?#span:-abp-contains(/ANZ|EIGE/) + button","607039":"zentrum-der-gesundheit.de#?#span:-abp-contains(/ANZ|EIGE/) + div"}