{"5189":"agroinform.hu#?#.ez-egy-dc-doboz:-abp-has(> .double_click_doboz)","43235":"5percblog.hu#?#.code-block:-abp-has(script+ins)","43279":"ado.hu#?#.whiteBox:-abp-has(.goAdverticum)","43318":"agrarszektor.hu#?#div#mymodal:-abp-has(#form-popup)","43366":"bien.hu#?#.hidden-xs:-abp-has(>.lablec_alatt)","43408":"bien.hu#?#.hidden-xs:-abp-has(>.weboldal_felett)","43453":"blikkruzs.blikk.hu#?#div:-abp-has(>div[id^=\"div-gpt-ad-\"])","43508":"bpiautosok.hu#?#.widget:-abp-has(h3w:-abp-contains(Támogatóink))","43564":"bpiautosok.hu#?#[class*=\"item_container\"]:-abp-has([class*=\"_tag\"]:-abp-contains(hirdetés))","43647":"bpiautosok.hu#?#center:-abp-has(>font)","43682":"bpiautosok.hu#?#center:-abp-has(> a[href=\"https://bpiautosok.hu/mediaajanlat\"])","43758":"bpiautosok.hu#?#center:-abp-has(> a[href=\"https://bpiautosok.hu/mediaajanlat\"]) + br","43839":"bpiautosok.hu#?#.otw-sidebar:-abp-has(a[href=\"https://bpiautosok.hu/tamogatonk-a-te-ceged-jelenj-meg-nalunk-a-youtube-on-es-a-bpiautosok-hu-n/\"])","43981":"bpiautosok.hu#?#.widget.widget_text:-abp-has(.adsbygoogle)","44036":"budapestkornyeke.hu#?#div[class*=\"widget\"]:-abp-has(>.widgettitle:-abp-contains(Állásajánlat))","44122":"budapestkornyeke.hu#?#div[class*=\"widget\"]:-abp-has(>.widgettitle:-abp-contains(Hirdetés))","44467":"cyberpress.hu#?#.sb-widget:-abp-has(>h4:-abp-contains(Hirdetés))","44523":"egeszsegkalauz.hu#?#.row:-abp-has(>#onet-ad-top)","44568":"egeszsegkalauz.hu#?#.wrapRectangle:-abp-has(>div>span:-abp-contains(Hirdetés))","44638":"egeszsegkalauz.hu#?#div.wrapRectangle:-abp-has(#ad-cikk)","44691":"femina.hu#?#.cikk-torzs [data-miniapp-id]:-abp-has(.femina-shop-ajanlo-slider-hirdetes)","44775":"femina.hu#?#.szelso-jobb > div:-abp-has(>a)","44815":"gyakorikerdesek.hu#?#td.txtcenter:-abp-has(>script+ins)","44867":"harmonikum.co#?#div:-abp-has(>.ai-attributes+script+ins)","44920":"hetek.hu#?#div.row:-abp-has(>div.ads)","44954":"hiros.hu#?#.frame:-abp-has(>span[style^=\"font-size: 11px;\"])","45011":"hu.ign.com#?#div.right-rail:-abp-has(div.ad-wrapper)","45060":"hu.ign.com#?#figure:-abp-has(a[href*=\"ignshop.hu\"])","45108":"idokep.hu#?#.ik:-abp-contains(/^[Hh]irdetés$/)","45207":"jofogas.hu#?#[style*=\"text-align: center;\"]:-abp-has(> .adverticum-label + a)","45281":"kezilabda.hu#?#div[style*=\"margin-bottom:10px\"]:-abp-has(>div:-abp-contains(HIRDETÉS))","45359":"kiszamolo.hu#?#div.ct-div-block:-abp-has(> div.ct-div-block > div.ct-text-block:-abp-contains(Hirdetés))","45455":"koroshircentrum.hu#?#div:-abp-has(>a+h6)","45492":"kosarsport.hu,hunbasket.hu#?##league-selector+.row+.row:-abp-has(.banner)","45562":"life.hu#?#.frip-inline:-abp-has([data-module-name=\"inline-article\"])","45627":"lifestory.hu#?#div.lol:-abp-has(>a[onclick=\"getValue()\"])","45681":"lifestory.hu#?#div.widget:-abp-has(>div.textwidget>p>script)","45738":"mafab.hu#?#div[class=\"container-full\"][style=\"background:#fff\"]:-abp-has(.topadv)","45816":"magyarhang.org,hang.hu#?#.mc-modal:-abp-has(iframe)","45864":"magyarhang.org,hang.hu#?#[id^=\"um-\"]:-abp-has(.fb-page.fb_iframe_widget)","45977":"najlepsie-clanky.com#?#.code-block:-abp-has(script + ins)","46031":"napjainkportal.hu#?#.code-block:-abp-has(>div+ins.adsbygoogle+script)","46097":"netmozi.com,megnezed.com#?#div[align=\"center\"]:-abp-has(> a)","46154":"nlc.hu#?#.m-breakingLayer:-abp-has(a[href*=\"nlc.hu/balkonfanatik\"])","46218":"prohardver.hu,mobilarena.hu,gamepod.hu,itcafe.hu,hardverapro.hu,fototrend.hu#?#div:-abp-has(>[style*=\"calc\"])","46324":"prohardver.hu,mobilarena.hu,itcafe.hu,gamepod.hu,logout.hu,hardverapro.hu#?#div:-abp-has(>h4 + div[style*=\"calc\"])","46435":"prohardver.hu,mobilarena.hu,itcafe.hu,gamepod.hu,logout.hu#?#div#center:-abp-has(div > div > p > a[style=\"color: #b42223;\"])","46556":"prohardver.hu,hardverapro.hu#?#div[class]:-abp-has(> h4:-abp-contains(/(Hirdetés|[Hh].*i.*r.*d.*e.*t.*é.*s)/) + div[class])","46671":"szeged365.hu#?#[id^=\"tie-block\"]:-abp-has(.stream-title)","46724":"ugytudjuk.hu#?#.row:-abp-has(.mainTopBnr)","65733":"autosjog.hu#?#p + center:-abp-has(iframe[data-src*=\"facebook\"])","65793":"femina.hu#?#.cikk-torzs [data-miniapp-id]:-abp-has(.lapozgato-ajanlo)","65859":"hirado.hu#?#.hover_bkgr_fricc:-abp-has(.facebookPopupCloseButton)","65921":"infostart.hu#?##sitemodal:-abp-has(.fb-button)"}