{"83093":"xeberle.com##.momizat-posts:has(> div.widget-head:contains(FACEBOOK))","89276":"mirandopeliculas.com###sidebar > div.tsidebar:has(> h3:contains(/siguenos en facebook|siguenos en google/))","89386":"mirandopeliculas.com##.mwidget > div[style]:has(> span:contains(SIGUENOS POR INSTAGRAM))","89591":"mirandopeliculas.com##.mwidget > div.tsidebar:has(> h3:contains(siguenos en google))","89678":"mirandopeliculas.com##.mwidget > div.mwidget:has(> script:contains(plusone))","93748":"bahianoticias.com.br##div[class]:has(> h2:contains(/^Compartilhar$/))","99812":"noticiasaominuto.com##p.text-center:contains(Partilhe a notícia)","100968":"rskrf.ru##.news-bottom-info > span.simple-list__title:contains(/^Поделиться/)","106783":"github.blog##.flex-items-center > ul:has(> li > span:contains(Share:))","106998":"pragmaticengineer.com##.pencraft > div.pencraft:has(> a.post-ufi-button > div:contains(Share))","125623":"gamefile.news##.pencraft > div.pencraft:has(> a.post-ufi-button > div.label:contains(Share))","694875":"my-best.com##p.text:contains(/^SHARE$/)"}