{
	"groups": [
		{
			"groupId": 1,
			"groupName": "Ad blocking",
			"displayNumber": 1
		},
		{
			"groupId": 2,
			"groupName": "Privacy",
			"displayNumber": 2
		},
		{
			"groupId": 3,
			"groupName": "Social widgets",
			"displayNumber": 3
		},
		{
			"groupId": 4,
			"groupName": "Annoyances",
			"displayNumber": 4
		},
		{
			"groupId": 5,
			"groupName": "Security",
			"displayNumber": 5
		},
		{
			"groupId": 6,
			"groupName": "Other",
			"displayNumber": 6
		},
		{
			"groupId": 7,
			"groupName": "Language-specific",
			"displayNumber": 7
		}
	],
	"tags": [
		{
			"tagId": 1,
			"keyword": "purpose:ads"
		},
		{
			"tagId": 2,
			"keyword": "purpose:privacy"
		},
		{
			"tagId": 3,
			"keyword": "purpose:social"
		},
		{
			"tagId": 4,
			"keyword": "purpose:security"
		},
		{
			"tagId": 5,
			"keyword": "purpose:annoyances"
		},
		{
			"tagId": 6,
			"keyword": "purpose:cookies"
		},
		{
			"tagId": 7,
			"keyword": "lang:en"
		},
		{
			"tagId": 8,
			"keyword": "lang:ru"
		},
		{
			"tagId": 9,
			"keyword": "reference:101"
		},
		{
			"tagId": 10,
			"keyword": "recommended"
		},
		{
			"tagId": 11,
			"keyword": "reference:2"
		},
		{
			"tagId": 12,
			"keyword": "lang:de"
		},
		{
			"tagId": 13,
			"keyword": "reference:107"
		},
		{
			"tagId": 14,
			"keyword": "lang:ja"
		},
		{
			"tagId": 15,
			"keyword": "lang:nl"
		},
		{
			"tagId": 16,
			"keyword": "reference:106"
		},
		{
			"tagId": 17,
			"keyword": "lang:es"
		},
		{
			"tagId": 18,
			"keyword": "lang:pt"
		},
		{
			"tagId": 19,
			"keyword": "platform:mobile"
		},
		{
			"tagId": 20,
			"keyword": "purpose:unbreak"
		},
		{
			"tagId": 21,
			"keyword": "platform:ios"
		},
		{
			"tagId": 22,
			"keyword": "platform:ext_safari"
		},
		{
			"tagId": 23,
			"keyword": "platform:ext_android_cb"
		},
		{
			"tagId": 24,
			"keyword": "lang:tr"
		},
		{
			"tagId": 25,
			"keyword": "reference:3"
		},
		{
			"tagId": 26,
			"keyword": "reference:11"
		},
		{
			"tagId": 27,
			"keyword": "lang:fr"
		},
		{
			"tagId": 28,
			"keyword": "reference:113"
		},
		{
			"tagId": 29,
			"keyword": "lang:id"
		},
		{
			"tagId": 30,
			"keyword": "lang:bg"
		},
		{
			"tagId": 31,
			"keyword": "lang:zh"
		},
		{
			"tagId": 32,
			"keyword": "lang:cs"
		},
		{
			"tagId": 33,
			"keyword": "lang:sk"
		},
		{
			"tagId": 34,
			"keyword": "lang:he"
		},
		{
			"tagId": 35,
			"keyword": "lang:it"
		},
		{
			"tagId": 36,
			"keyword": "lang:lv"
		},
		{
			"tagId": 37,
			"keyword": "lang:lt"
		},
		{
			"tagId": 38,
			"keyword": "lang:ar"
		},
		{
			"tagId": 39,
			"keyword": "lang:ro"
		},
		{
			"tagId": 40,
			"keyword": "lang:fi"
		},
		{
			"tagId": 41,
			"keyword": "lang:pl"
		},
		{
			"tagId": 42,
			"keyword": "lang:is"
		},
		{
			"tagId": 43,
			"keyword": "lang:no"
		},
		{
			"tagId": 44,
			"keyword": "lang:el"
		},
		{
			"tagId": 45,
			"keyword": "problematic"
		},
		{
			"tagId": 46,
			"keyword": "obsolete"
		},
		{
			"tagId": 47,
			"keyword": "lang:cz"
		},
		{
			"tagId": 48,
			"keyword": "lang:hu"
		},
		{
			"tagId": 49,
			"keyword": "lang:da"
		},
		{
			"tagId": 50,
			"keyword": "purpose:antiadblock"
		},
		{
			"tagId": 51,
			"keyword": "purpose:cookienotices"
		},
		{
			"tagId": 52,
			"keyword": "lang:vi"
		},
		{
			"tagId": 53,
			"keyword": "lang:et"
		},
		{
			"tagId": 54,
			"keyword": "lang:fa"
		},
		{
			"tagId": 55,
			"keyword": "lang:sv"
		},
		{
			"tagId": 56,
			"keyword": "lang:ko"
		},
		{
			"tagId": 57,
			"keyword": "reference:114"
		},
		{
			"tagId": 58,
			"keyword": "reference:118"
		},
		{
			"tagId": 59,
			"keyword": "reference:102"
		},
		{
			"tagId": 60,
			"keyword": "reference:13"
		},
		{
			"tagId": 61,
			"keyword": "reference:16"
		},
		{
			"tagId": 62,
			"keyword": "reference:237"
		},
		{
			"tagId": 63,
			"keyword": "lang:fo"
		},
		{
			"tagId": 64,
			"keyword": "lang:th"
		},
		{
			"tagId": 65,
			"keyword": "lang:sr"
		},
		{
			"tagId": 66,
			"keyword": "lang:hr"
		},
		{
			"tagId": 67,
			"keyword": "lang:hi"
		},
		{
			"tagId": 68,
			"keyword": "lang:uk"
		},
		{
			"tagId": 69,
			"keyword": "lang:tg"
		},
		{
			"tagId": 70,
			"keyword": "lang:ps"
		},
		{
			"tagId": 71,
			"keyword": "lang:mk"
		}
	],
	"filters": [
		{
			"filterId": 1,
			"name": "AdGuard Russian filter",
			"description": "Filter that enables ad blocking on websites in Russian language.",
			"timeAdded": "2014-06-30T07:56:55+0000",
			"homepage": "https://adguard.com/kb/general/ad-filtering/adguard-filters/",
			"expires": 864000,
			"displayNumber": 1,
			"groupId": 7,
			"subscriptionUrl": "https://filters.adtidy.org/extension/chromium-mv3/filters/1.txt",
			"trustLevel": "full",
			"version": "2.0.98.34",
			"timeUpdated": "2025-03-26T16:27:20+0000",
			"deprecated": false,
			"languages": [
				"ru"
			],
			"tags": [
				1,
				8,
				10,
				11
			],
			"downloadUrl": "https://filters.adtidy.org/extension/chromium-mv3/filters/1.txt"
		},
		{
			"filterId": 2,
			"name": "AdGuard Base filter",
			"description": "EasyList + AdGuard English filter. This filter is necessary for quality ad blocking.",
			"timeAdded": "2014-06-30T07:56:55+0000",
			"homepage": "https://adguard.com/kb/general/ad-filtering/adguard-filters/",
			"expires": 864000,
			"displayNumber": 1,
			"groupId": 1,
			"subscriptionUrl": "https://filters.adtidy.org/extension/chromium-mv3/filters/2.txt",
			"trustLevel": "full",
			"version": "2.3.76.73",
			"timeUpdated": "2025-03-26T16:27:32+0000",
			"deprecated": false,
			"languages": [],
			"tags": [
				10,
				1,
				9,
				11
			],
			"downloadUrl": "https://filters.adtidy.org/extension/chromium-mv3/filters/2.txt"
		},
		{
			"filterId": 3,
			"name": "AdGuard Tracking Protection filter",
			"description": "The most comprehensive list of various online counters and web analytics tools. Use this filter if you do not want your actions on the Internet to be tracked.",
			"timeAdded": "2014-06-30T07:56:55+0000",
			"homepage": "https://adguard.com/kb/general/ad-filtering/adguard-filters/",
			"expires": 864000,
			"displayNumber": 1,
			"groupId": 2,
			"subscriptionUrl": "https://filters.adtidy.org/extension/chromium-mv3/filters/3.txt",
			"trustLevel": "full",
			"version": "2.0.82.29",
			"timeUpdated": "2025-03-26T16:27:44+0000",
			"deprecated": false,
			"languages": [],
			"tags": [
				2,
				10
			],
			"downloadUrl": "https://filters.adtidy.org/extension/chromium-mv3/filters/3.txt"
		},
		{
			"filterId": 4,
			"name": "AdGuard Social Media filter",
			"description": "Filter for social media widgets such as 'Like' and 'Share' buttons and more.",
			"timeAdded": "2014-06-30T07:56:55+0000",
			"homepage": "https://adguard.com/kb/general/ad-filtering/adguard-filters/",
			"expires": 864000,
			"displayNumber": 1,
			"groupId": 3,
			"subscriptionUrl": "https://filters.adtidy.org/extension/chromium-mv3/filters/4.txt",
			"trustLevel": "full",
			"version": "2.1.12.68",
			"timeUpdated": "2025-03-26T16:27:46+0000",
			"deprecated": false,
			"languages": [],
			"tags": [
				3,
				10
			],
			"downloadUrl": "https://filters.adtidy.org/extension/chromium-mv3/filters/4.txt"
		},
		{
			"filterId": 5,
			"name": "AdGuard Experimental filter",
			"description": "Filter designed to test certain hazardous filtering rules before they are added to the basic filters.",
			"timeAdded": "2014-06-30T07:56:55+0000",
			"homepage": "https://adguard.com/kb/general/ad-filtering/adguard-filters/",
			"expires": 864000,
			"displayNumber": 4,
			"groupId": 6,
			"subscriptionUrl": "https://filters.adtidy.org/extension/chromium-mv3/filters/5.txt",
			"trustLevel": "full",
			"version": "2.0.1.63",
			"timeUpdated": "2025-03-21T09:31:50+0000",
			"deprecated": false,
			"languages": [],
			"tags": [
				45
			],
			"downloadUrl": "https://filters.adtidy.org/extension/chromium-mv3/filters/5.txt"
		},
		{
			"filterId": 6,
			"name": "AdGuard German filter",
			"description": "EasyList Germany + AdGuard German filter. Filter list that specifically removes ads on websites in German language.",
			"timeAdded": "2014-06-30T07:56:55+0000",
			"homepage": "https://adguard.com/kb/general/ad-filtering/adguard-filters/",
			"expires": 864000,
			"displayNumber": 1,
			"groupId": 7,
			"subscriptionUrl": "https://filters.adtidy.org/extension/chromium-mv3/filters/6.txt",
			"trustLevel": "full",
			"version": "2.0.46.65",
			"timeUpdated": "2025-03-25T19:31:57+0000",
			"deprecated": false,
			"languages": [
				"de"
			],
			"tags": [
				1,
				10,
				12,
				13
			],
			"downloadUrl": "https://filters.adtidy.org/extension/chromium-mv3/filters/6.txt"
		},
		{
			"filterId": 7,
			"name": "AdGuard Japanese filter",
			"description": "Filter that enables ad blocking on websites in Japanese language.",
			"timeAdded": "2014-06-30T07:56:55+0000",
			"homepage": "https://adguard.com/kb/general/ad-filtering/adguard-filters/",
			"expires": 864000,
			"displayNumber": 1,
			"groupId": 7,
			"subscriptionUrl": "https://filters.adtidy.org/extension/chromium-mv3/filters/7.txt",
			"trustLevel": "full",
			"version": "2.0.63.19",
			"timeUpdated": "2025-03-26T16:27:59+0000",
			"deprecated": false,
			"languages": [
				"ja"
			],
			"tags": [
				1,
				10,
				14
			],
			"downloadUrl": "https://filters.adtidy.org/extension/chromium-mv3/filters/7.txt"
		},
		{
			"filterId": 8,
			"name": "AdGuard Dutch filter",
			"description": "EasyList Dutch + AdGuard Dutch filter. Filter list that specifically removes ads on websites in Dutch language.",
			"timeAdded": "2014-06-30T07:56:55+0000",
			"homepage": "https://adguard.com/kb/general/ad-filtering/adguard-filters/",
			"expires": 864000,
			"displayNumber": 1,
			"groupId": 7,
			"subscriptionUrl": "https://filters.adtidy.org/extension/chromium-mv3/filters/8.txt",
			"trustLevel": "full",
			"version": "2.0.7.95",
			"timeUpdated": "2025-03-20T18:32:06+0000",
			"deprecated": false,
			"languages": [
				"nl"
			],
			"tags": [
				1,
				10,
				11,
				15,
				16
			],
			"downloadUrl": "https://filters.adtidy.org/extension/chromium-mv3/filters/8.txt"
		},
		{
			"filterId": 9,
			"name": "AdGuard Spanish/Portuguese filter",
			"description": "Filter list that specifically removes ads on websites in Spanish, Portuguese, and Brazilian Portuguese languages.",
			"timeAdded": "2014-06-30T07:56:55+0000",
			"homepage": "https://adguard.com/kb/general/ad-filtering/adguard-filters/",
			"expires": 864000,
			"displayNumber": 1,
			"groupId": 7,
			"subscriptionUrl": "https://filters.adtidy.org/extension/chromium-mv3/filters/9.txt",
			"trustLevel": "full",
			"version": "2.0.29.36",
			"timeUpdated": "2025-03-26T16:28:03+0000",
			"deprecated": false,
			"languages": [
				"es",
				"pt"
			],
			"tags": [
				1,
				10,
				17,
				18
			],
			"downloadUrl": "https://filters.adtidy.org/extension/chromium-mv3/filters/9.txt"
		},
		{
			"filterId": 10,
			"name": "Filter unblocking search ads and self-promotion",
			"description": "Filter that unblocks search ads in Google, DuckDuckGo, Bing, or Yahoo and self-promotion on websites.",
			"timeAdded": "2014-06-30T07:56:55+0000",
			"homepage": "https://adguard.com/kb/general/ad-filtering/adguard-filters/",
			"expires": 864000,
			"displayNumber": 1,
			"groupId": 6,
			"subscriptionUrl": "https://filters.adtidy.org/extension/chromium-mv3/filters/10.txt",
			"trustLevel": "full",
			"version": "2.0.3.61",
			"timeUpdated": "2025-01-18T19:38:24+0000",
			"deprecated": false,
			"languages": [],
			"tags": [],
			"downloadUrl": "https://filters.adtidy.org/extension/chromium-mv3/filters/10.txt"
		},
		{
			"filterId": 11,
			"name": "AdGuard Mobile Ads filter",
			"description": "Filter for all known mobile ad networks. Useful for mobile devices.",
			"timeAdded": "2014-06-30T07:56:55+0000",
			"homepage": "https://adguard.com/kb/general/ad-filtering/adguard-filters/",
			"expires": 864000,
			"displayNumber": 2,
			"groupId": 1,
			"subscriptionUrl": "https://filters.adtidy.org/extension/chromium-mv3/filters/11.txt",
			"trustLevel": "full",
			"version": "2.0.59.39",
			"timeUpdated": "2025-03-26T16:28:05+0000",
			"deprecated": false,
			"languages": [],
			"tags": [
				1,
				2,
				10,
				11,
				19
			],
			"downloadUrl": "https://filters.adtidy.org/extension/chromium-mv3/filters/11.txt"
		},
		{
			"filterId": 13,
			"name": "AdGuard Turkish filter",
			"description": "Filter list that specifically removes ads on websites in Turkish language.",
			"timeAdded": "2014-06-30T07:56:55+0000",
			"homepage": "https://adguard.com/kb/general/ad-filtering/adguard-filters/",
			"expires": 864000,
			"displayNumber": 1,
			"groupId": 7,
			"subscriptionUrl": "https://filters.adtidy.org/extension/chromium-mv3/filters/13.txt",
			"trustLevel": "full",
			"version": "2.0.55.42",
			"timeUpdated": "2025-03-26T16:28:07+0000",
			"deprecated": false,
			"languages": [
				"tr"
			],
			"tags": [
				1,
				10,
				11,
				24
			],
			"downloadUrl": "https://filters.adtidy.org/extension/chromium-mv3/filters/13.txt"
		},
		{
			"filterId": 16,
			"name": "AdGuard French filter",
			"description": "Liste FR + AdGuard French filter. Filter list that specifically removes ads on websites in French language.",
			"timeAdded": "2014-06-30T07:56:55+0000",
			"homepage": "https://adguard.com/kb/general/ad-filtering/adguard-filters/",
			"expires": 864000,
			"displayNumber": 1,
			"groupId": 7,
			"subscriptionUrl": "https://filters.adtidy.org/extension/chromium-mv3/filters/16.txt",
			"trustLevel": "full",
			"version": "2.0.51.33",
			"timeUpdated": "2025-03-26T16:28:17+0000",
			"deprecated": false,
			"languages": [
				"fr"
			],
			"tags": [
				1,
				10,
				11,
				27,
				28
			],
			"downloadUrl": "https://filters.adtidy.org/extension/chromium-mv3/filters/16.txt"
		},
		{
			"filterId": 17,
			"name": "AdGuard URL Tracking filter",
			"description": "Filter that enhances privacy by removing tracking parameters from URLs.",
			"timeAdded": "2021-04-15T09:34:08+0000",
			"homepage": "https://adguard.com/kb/general/ad-filtering/adguard-filters/",
			"expires": 864000,
			"displayNumber": 1,
			"groupId": 2,
			"subscriptionUrl": "https://filters.adtidy.org/extension/chromium-mv3/filters/17.txt",
			"platformsExcluded": [
				"ios",
				"ext_safari",
				"ext_android_cb"
			],
			"trustLevel": "full",
			"version": "2.0.10.77",
			"timeUpdated": "2025-03-25T18:32:32+0000",
			"deprecated": false,
			"languages": [],
			"tags": [
				2
			],
			"downloadUrl": "https://filters.adtidy.org/extension/chromium-mv3/filters/17.txt"
		},
		{
			"filterId": 18,
			"name": "AdGuard Cookie Notices filter",
			"description": "Blocks cookie notices on web pages.",
			"timeAdded": "2022-07-07T07:53:39+0000",
			"homepage": "https://adguard.com/kb/general/ad-filtering/adguard-filters/",
			"expires": 864000,
			"displayNumber": 2,
			"groupId": 4,
			"subscriptionUrl": "https://filters.adtidy.org/extension/chromium-mv3/filters/18.txt",
			"trustLevel": "full",
			"version": "2.0.58.87",
			"timeUpdated": "2025-03-26T16:28:18+0000",
			"deprecated": false,
			"languages": [],
			"tags": [
				5,
				10,
				11
			],
			"downloadUrl": "https://filters.adtidy.org/extension/chromium-mv3/filters/18.txt"
		},
		{
			"filterId": 19,
			"name": "AdGuard Popups filter",
			"description": "Blocks all kinds of pop-ups that are not necessary for websites' operation according to our Filter policy.",
			"timeAdded": "2022-07-07T07:53:39+0000",
			"homepage": "https://adguard.com/kb/general/ad-filtering/adguard-filters/",
			"expires": 864000,
			"displayNumber": 2,
			"groupId": 4,
			"subscriptionUrl": "https://filters.adtidy.org/extension/chromium-mv3/filters/19.txt",
			"trustLevel": "full",
			"version": "2.0.52.74",
			"timeUpdated": "2025-03-26T16:28:19+0000",
			"deprecated": false,
			"languages": [],
			"tags": [
				5,
				10,
				11
			],
			"downloadUrl": "https://filters.adtidy.org/extension/chromium-mv3/filters/19.txt"
		},
		{
			"filterId": 20,
			"name": "AdGuard Mobile App Banners filter",
			"description": "Blocks irritating banners that promote mobile apps of websites.",
			"timeAdded": "2022-07-07T07:53:39+0000",
			"homepage": "https://adguard.com/kb/general/ad-filtering/adguard-filters/",
			"expires": 864000,
			"displayNumber": 2,
			"groupId": 4,
			"subscriptionUrl": "https://filters.adtidy.org/extension/chromium-mv3/filters/20.txt",
			"trustLevel": "full",
			"version": "2.0.19.74",
			"timeUpdated": "2025-03-26T07:32:32+0000",
			"deprecated": false,
			"languages": [],
			"tags": [
				5,
				10,
				11
			],
			"downloadUrl": "https://filters.adtidy.org/extension/chromium-mv3/filters/20.txt"
		},
		{
			"filterId": 21,
			"name": "AdGuard Other Annoyances filter",
			"description": "Blocks irritating elements on web pages that do not fall under the popular categories of annoyances.",
			"timeAdded": "2022-07-07T07:53:39+0000",
			"homepage": "https://adguard.com/kb/general/ad-filtering/adguard-filters/",
			"expires": 864000,
			"displayNumber": 2,
			"groupId": 4,
			"subscriptionUrl": "https://filters.adtidy.org/extension/chromium-mv3/filters/21.txt",
			"trustLevel": "full",
			"version": "2.0.31.82",
			"timeUpdated": "2025-03-26T16:28:20+0000",
			"deprecated": false,
			"languages": [],
			"tags": [
				5,
				10,
				11
			],
			"downloadUrl": "https://filters.adtidy.org/extension/chromium-mv3/filters/21.txt"
		},
		{
			"filterId": 22,
			"name": "AdGuard Widgets filter",
			"description": "Blocks annoying third-party widgets: online assistants, live support chats, etc.",
			"timeAdded": "2022-07-07T07:53:39+0000",
			"homepage": "https://adguard.com/kb/general/ad-filtering/adguard-filters/",
			"expires": 864000,
			"displayNumber": 2,
			"groupId": 4,
			"subscriptionUrl": "https://filters.adtidy.org/extension/chromium-mv3/filters/22.txt",
			"trustLevel": "full",
			"version": "2.0.11.39",
			"timeUpdated": "2025-03-26T16:28:20+0000",
			"deprecated": false,
			"languages": [],
			"tags": [
				5,
				10,
				11
			],
			"downloadUrl": "https://filters.adtidy.org/extension/chromium-mv3/filters/22.txt"
		},
		{
			"filterId": 23,
			"name": "AdGuard Ukrainian filter",
			"description": "Filter that enables ad blocking on websites in Ukrainian language.",
			"timeAdded": "2023-02-27T13:28:12+0000",
			"homepage": "https://adguard.com/kb/general/ad-filtering/adguard-filters/",
			"expires": 864000,
			"displayNumber": 1,
			"groupId": 7,
			"subscriptionUrl": "https://filters.adtidy.org/extension/chromium-mv3/filters/23.txt",
			"trustLevel": "full",
			"version": "2.0.6.39",
			"timeUpdated": "2025-03-26T08:32:41+0000",
			"deprecated": false,
			"languages": [
				"uk"
			],
			"tags": [
				1,
				68,
				10,
				11
			],
			"downloadUrl": "https://filters.adtidy.org/extension/chromium-mv3/filters/23.txt"
		},
		{
			"filterId": 24,
			"name": "AdGuard Quick Fixes filter",
			"description": "Filter to quickly resolve content filtering issues on popular websites without updating the extension.",
			"timeAdded": "2024-08-27T08:25:05+0000",
			"homepage": "https://adguard.com/kb/general/ad-filtering/adguard-filters/",
			"expires": 864000,
			"displayNumber": 2,
			"groupId": 1,
			"subscriptionUrl": "https://filters.adtidy.org/extension/chromium-mv3/filters/24.txt",
			"platformsIncluded": [
				"ext_chromium_mv3"
			],
			"trustLevel": "full",
			"version": "2.0.7.88",
			"timeUpdated": "2025-03-04T14:38:17+0000",
			"deprecated": false,
			"languages": [],
			"tags": [
				10
			],
			"downloadUrl": "https://filters.adtidy.org/extension/chromium-mv3/filters/24.txt"
		},
		{
			"filterId": 103,
			"name": "Bulgarian list",
			"description": "Additional filter list for websites in Bulgarian.",
			"timeAdded": "2014-06-30T07:56:55+0000",
			"homepage": "https://github.com/RealEnder/adblockbg/",
			"expires": 864000,
			"displayNumber": 2,
			"groupId": 7,
			"subscriptionUrl": "https://stanev.org/abp/adblock_bg.txt",
			"trustLevel": "high",
			"version": "2.0.0.41",
			"timeUpdated": "2025-02-08T21:01:23+0000",
			"deprecated": false,
			"languages": [
				"bg"
			],
			"tags": [
				1,
				9,
				10,
				30
			],
			"downloadUrl": "https://filters.adtidy.org/extension/chromium-mv3/filters/103.txt"
		},
		{
			"filterId": 105,
			"name": "EasyList Czech and Slovak",
			"description": "Additional filter list for websites in Czech and Slovak.",
			"timeAdded": "2014-06-30T07:56:55+0000",
			"homepage": "https://github.com/tomasko126/easylistczechandslovak",
			"expires": 864000,
			"displayNumber": 2,
			"groupId": 7,
			"subscriptionUrl": "https://raw.githubusercontent.com/tomasko126/easylistczechandslovak/master/filters.txt",
			"trustLevel": "high",
			"version": "2.0.2.97",
			"timeUpdated": "2025-02-11T17:01:22+0000",
			"deprecated": false,
			"languages": [
				"cs",
				"sk"
			],
			"tags": [
				1,
				9,
				10,
				32,
				33
			],
			"downloadUrl": "https://filters.adtidy.org/extension/chromium-mv3/filters/105.txt"
		},
		{
			"filterId": 108,
			"name": "EasyList Hebrew",
			"description": "Additional filter list for websites in Hebrew.",
			"timeAdded": "2014-06-30T07:56:55+0000",
			"homepage": "https://github.com/easylist/EasyListHebrew",
			"expires": 864000,
			"displayNumber": 2,
			"groupId": 7,
			"subscriptionUrl": "https://raw.githubusercontent.com/easylist/EasyListHebrew/master/EasyListHebrew.txt",
			"trustLevel": "high",
			"version": "2.0.5.45",
			"timeUpdated": "2025-03-23T05:01:19+0000",
			"deprecated": false,
			"languages": [
				"he"
			],
			"tags": [
				1,
				9,
				10,
				34
			],
			"downloadUrl": "https://filters.adtidy.org/extension/chromium-mv3/filters/108.txt"
		},
		{
			"filterId": 109,
			"name": "EasyList Italy",
			"description": "Additional filter list for websites in Italian.",
			"timeAdded": "2014-06-30T07:56:55+0000",
			"homepage": "https://github.com/easylist/easylistitaly/",
			"expires": 864000,
			"displayNumber": 2,
			"groupId": 7,
			"subscriptionUrl": "https://easylist-downloads.adblockplus.org/easylistitaly.txt",
			"trustLevel": "high",
			"version": "2.1.67.11",
			"timeUpdated": "2025-03-26T16:37:15+0000",
			"deprecated": false,
			"languages": [
				"it"
			],
			"tags": [
				1,
				9,
				10,
				35
			],
			"downloadUrl": "https://filters.adtidy.org/extension/chromium-mv3/filters/109.txt"
		},
		{
			"filterId": 110,
			"name": "EasyList Lithuania",
			"description": "Additional filter list for websites in Lithuanian.",
			"timeAdded": "2014-06-30T07:56:55+0000",
			"homepage": "https://github.com/EasyList-Lithuania/easylist_lithuania",
			"expires": 864000,
			"displayNumber": 2,
			"groupId": 7,
			"subscriptionUrl": "https://raw.githubusercontent.com/EasyList-Lithuania/easylist_lithuania/master/easylistlithuania.txt",
			"trustLevel": "high",
			"version": "2.0.2.89",
			"timeUpdated": "2025-02-12T21:01:28+0000",
			"deprecated": false,
			"languages": [
				"lt"
			],
			"tags": [
				1,
				9,
				10,
				37
			],
			"downloadUrl": "https://filters.adtidy.org/extension/chromium-mv3/filters/110.txt"
		},
		{
			"filterId": 111,
			"name": "Latvian List",
			"description": "Additional filter list for websites in Latvian.",
			"timeAdded": "2014-06-30T07:56:55+0000",
			"homepage": "https://github.com/Latvian-List/adblock-latvian",
			"expires": 864000,
			"displayNumber": 2,
			"groupId": 7,
			"subscriptionUrl": "https://raw.githubusercontent.com/Latvian-List/adblock-latvian/master/lists/latvian-list.txt",
			"trustLevel": "high",
			"version": "2.0.0.60",
			"timeUpdated": "2025-03-25T17:01:29+0000",
			"deprecated": false,
			"languages": [
				"lv"
			],
			"tags": [
				1,
				9,
				10,
				36
			],
			"downloadUrl": "https://filters.adtidy.org/extension/chromium-mv3/filters/111.txt"
		},
		{
			"filterId": 112,
			"name": "Liste AR",
			"description": "Additional filter list for websites in Arabic.",
			"timeAdded": "2014-06-30T07:56:55+0000",
			"homepage": "https://github.com/easylist/listear",
			"expires": 864000,
			"displayNumber": 2,
			"groupId": 7,
			"subscriptionUrl": "https://easylist-downloads.adblockplus.org/Liste_AR.txt",
			"trustLevel": "high",
			"version": "2.1.67.10",
			"timeUpdated": "2025-03-26T16:37:16+0000",
			"deprecated": false,
			"languages": [
				"ar"
			],
			"tags": [
				1,
				9,
				10,
				38
			],
			"downloadUrl": "https://filters.adtidy.org/extension/chromium-mv3/filters/112.txt"
		},
		{
			"filterId": 120,
			"name": "AdBlockID",
			"description": "Additional filter list for websites in Indonesian.",
			"timeAdded": "2019-10-18T07:59:54+0000",
			"homepage": "https://github.com/realodix/AdBlockID",
			"expires": 864000,
			"displayNumber": 2,
			"groupId": 7,
			"subscriptionUrl": "https://raw.githubusercontent.com/realodix/AdBlockID/main/dist/adblockid.adfl.txt",
			"trustLevel": "high",
			"version": "2.0.23.45",
			"timeUpdated": "2025-03-25T21:02:02+0000",
			"deprecated": false,
			"languages": [
				"id"
			],
			"tags": [
				1,
				10,
				29
			],
			"downloadUrl": "https://filters.adtidy.org/extension/chromium-mv3/filters/120.txt"
		},
		{
			"filterId": 202,
			"name": "EasyList Thailand",
			"description": "Filter that blocks ads on Thai sites.",
			"timeAdded": "2022-03-07T19:32:01+0000",
			"homepage": "https://github.com/easylist-thailand/",
			"expires": 864000,
			"displayNumber": 2,
			"groupId": 7,
			"subscriptionUrl": "https://raw.githubusercontent.com/easylist-thailand/easylist-thailand/master/subscription/easylist-thailand.txt",
			"trustLevel": "high",
			"version": "2.0.0.22",
			"timeUpdated": "2025-03-15T13:01:27+0000",
			"deprecated": false,
			"languages": [
				"th"
			],
			"tags": [
				1,
				10,
				64
			],
			"downloadUrl": "https://filters.adtidy.org/extension/chromium-mv3/filters/202.txt"
		},
		{
			"filterId": 203,
			"name": "Hungarian filter",
			"description": "Hufilter. Filter list that specifically removes ads on websites in the Hungarian language.",
			"timeAdded": "2014-06-30T07:56:55+0000",
			"homepage": "https://github.com/hufilter/hufilter/wiki",
			"expires": 864000,
			"displayNumber": 2,
			"groupId": 7,
			"subscriptionUrl": "https://cdn.jsdelivr.net/gh/hufilter/hufilter@gh-pages/hufilter-adguard.txt",
			"trustLevel": "high",
			"version": "2.0.3.58",
			"timeUpdated": "2025-03-26T16:37:30+0000",
			"deprecated": false,
			"languages": [
				"hu"
			],
			"tags": [
				1,
				2,
				48,
				10
			],
			"downloadUrl": "https://filters.adtidy.org/extension/chromium-mv3/filters/203.txt"
		},
		{
			"filterId": 208,
			"name": "Online Malicious URL Blocklist",
			"description": "Blocks domains that are known to be used to propagate malware and spyware.",
			"timeAdded": "2020-08-10T18:34:22+0000",
			"homepage": "https://gitlab.com/malware-filter/urlhaus-filter#malicious-url-blocklist",
			"expires": 864000,
			"displayNumber": 1,
			"groupId": 5,
			"subscriptionUrl": "https://urlhaus-filter.pages.dev/urlhaus-filter-ag-online.txt",
			"trustLevel": "low",
			"version": "2.1.1.0",
			"timeUpdated": "2025-03-26T16:37:32+0000",
			"deprecated": false,
			"languages": [],
			"tags": [
				10,
				4
			],
			"downloadUrl": "https://filters.adtidy.org/extension/chromium-mv3/filters/208.txt"
		},
		{
			"filterId": 214,
			"name": "ABPVN List",
			"description": "Vietnamese adblock filter list.",
			"timeAdded": "2014-06-30T07:56:55+0000",
			"homepage": "https://abpvn.com/",
			"expires": 864000,
			"displayNumber": 2,
			"groupId": 7,
			"subscriptionUrl": "https://raw.githubusercontent.com/abpvn/abpvn/master/filter/abpvn_adguard.txt",
			"trustLevel": "high",
			"version": "2.0.35.56",
			"timeUpdated": "2025-03-26T16:37:34+0000",
			"deprecated": false,
			"languages": [
				"vi"
			],
			"tags": [
				1,
				52,
				10
			],
			"downloadUrl": "https://filters.adtidy.org/extension/chromium-mv3/filters/214.txt"
		},
		{
			"filterId": 216,
			"name": "Official Polish filters for AdBlock, uBlock Origin & AdGuard",
			"description": "Additional filter list for websites in Polish.",
			"timeAdded": "2014-06-30T07:56:55+0000",
			"homepage": "https://github.com/MajkiIT/polish-ads-filter#polish-filters-for-adblock-ublock-origin--adguard",
			"expires": 864000,
			"displayNumber": 2,
			"groupId": 7,
			"subscriptionUrl": "https://raw.githubusercontent.com/MajkiIT/polish-ads-filter/master/polish-adblock-filters/adblock.txt",
			"trustLevel": "high",
			"version": "2.0.15.77",
			"timeUpdated": "2025-03-21T17:01:50+0000",
			"deprecated": false,
			"languages": [
				"pl"
			],
			"tags": [
				1,
				10,
				41
			],
			"downloadUrl": "https://filters.adtidy.org/extension/chromium-mv3/filters/216.txt"
		},
		{
			"filterId": 217,
			"name": "Polish GDPR-Cookies Filters",
			"description": "Polish filter list for cookies blocking.",
			"timeAdded": "2014-06-30T07:56:55+0000",
			"homepage": "https://github.com/MajkiIT/polish-ads-filter#polish-filters-for-adblock-ublock-origin--adguard",
			"expires": 864000,
			"displayNumber": 2,
			"groupId": 7,
			"subscriptionUrl": "https://raw.githubusercontent.com/MajkiIT/polish-ads-filter/master/cookies_filters/adblock_cookies.txt",
			"trustLevel": "high",
			"version": "2.0.5.24",
			"timeUpdated": "2025-02-10T13:03:17+0000",
			"deprecated": false,
			"languages": [],
			"tags": [
				6,
				41
			],
			"downloadUrl": "https://filters.adtidy.org/extension/chromium-mv3/filters/217.txt"
		},
		{
			"filterId": 218,
			"name": "Estonian List",
			"description": "Filter for ad blocking on Estonian sites.",
			"timeAdded": "2014-06-30T07:56:55+0000",
			"homepage": "https://adblock.ee/",
			"expires": 864000,
			"displayNumber": 2,
			"groupId": 7,
			"subscriptionUrl": "https://adblock.ee/list.txt",
			"trustLevel": "low",
			"version": "2.0.3.66",
			"timeUpdated": "2025-02-10T01:01:31+0000",
			"deprecated": false,
			"languages": [
				"et"
			],
			"tags": [
				10,
				1,
				53
			],
			"downloadUrl": "https://filters.adtidy.org/extension/chromium-mv3/filters/218.txt"
		},
		{
			"filterId": 224,
			"name": "AdGuard Chinese filter",
			"description": "EasyList China + AdGuard Chinese filter. Filter list that specifically removes ads on websites in Chinese language.",
			"timeAdded": "2020-05-06T09:57:26+0000",
			"homepage": "https://adguard.com/kb/general/ad-filtering/adguard-filters/",
			"expires": 864000,
			"displayNumber": 1,
			"groupId": 7,
			"subscriptionUrl": "https://filters.adtidy.org/extension/chromium-mv3/filters/224.txt",
			"trustLevel": "full",
			"version": "2.1.33.66",
			"timeUpdated": "2025-03-26T16:28:25+0000",
			"deprecated": false,
			"languages": [
				"zh"
			],
			"tags": [
				1,
				10,
				11,
				31
			],
			"downloadUrl": "https://filters.adtidy.org/extension/chromium-mv3/filters/224.txt"
		},
		{
			"filterId": 227,
			"name": "List-KR",
			"description": "Filter that removes ads and various scripts from websites with Korean content. Combined and augmented with AdGuard-specific rules for enhanced filtering. This filter is expected to be used alongside with AdGuard Base filter.",
			"timeAdded": "2014-06-30T07:56:55+0000",
			"homepage": "https://list-kr.github.io/",
			"expires": 864000,
			"displayNumber": 2,
			"groupId": 7,
			"subscriptionUrl": "https://cdn.jsdelivr.net/gh/List-KR/List-KR@latest/filter-AdGuard.txt",
			"trustLevel": "high",
			"version": "2.0.20.96",
			"timeUpdated": "2025-03-26T16:37:46+0000",
			"deprecated": false,
			"languages": [
				"ko"
			],
			"tags": [
				1,
				11,
				56,
				10
			],
			"downloadUrl": "https://filters.adtidy.org/extension/chromium-mv3/filters/227.txt"
		},
		{
			"filterId": 233,
			"name": "Adblock List for Finland",
			"description": "Finnish ad blocking filter list.",
			"timeAdded": "2014-06-30T07:56:55+0000",
			"homepage": "https://github.com/finnish-easylist-addition/finnish-easylist-addition",
			"expires": 864000,
			"displayNumber": 2,
			"groupId": 7,
			"subscriptionUrl": "https://raw.githubusercontent.com/finnish-easylist-addition/finnish-easylist-addition/gh-pages/Finland_adb.txt",
			"trustLevel": "high",
			"version": "2.0.11.36",
			"timeUpdated": "2025-03-25T17:02:00+0000",
			"deprecated": false,
			"languages": [
				"fi"
			],
			"tags": [
				1,
				10,
				40
			],
			"downloadUrl": "https://filters.adtidy.org/extension/chromium-mv3/filters/233.txt"
		},
		{
			"filterId": 235,
			"name": "Persian Blocker",
			"description": "Filter list for blocking ads and trackers on websites in Persian.",
			"timeAdded": "2022-06-14T16:28:16+0000",
			"homepage": "https://github.com/MasterKia/PersianBlocker/",
			"expires": 864000,
			"displayNumber": 2,
			"groupId": 7,
			"subscriptionUrl": "https://raw.githubusercontent.com/MasterKia/PersianBlocker/main/PersianBlocker.txt",
			"trustLevel": "high",
			"version": "2.0.5.49",
			"timeUpdated": "2025-03-24T05:01:47+0000",
			"deprecated": false,
			"languages": [
				"fa",
				"tg",
				"ps"
			],
			"tags": [
				10,
				1,
				54,
				69,
				70
			],
			"downloadUrl": "https://filters.adtidy.org/extension/chromium-mv3/filters/235.txt"
		},
		{
			"filterId": 238,
			"name": "Polish Anti Adblock Filters",
			"description": "Official Polish filters against Adblock alerts.",
			"timeAdded": "2014-06-30T07:56:55+0000",
			"homepage": "https://github.com/olegwukr/polish-privacy-filters",
			"expires": 864000,
			"displayNumber": 2,
			"groupId": 7,
			"subscriptionUrl": "https://raw.githubusercontent.com/olegwukr/polish-privacy-filters/master/anti-adblock.txt",
			"trustLevel": "high",
			"version": "2.0.3.54",
			"timeUpdated": "2023-12-06T17:02:32+0000",
			"deprecated": false,
			"languages": [
				"pl"
			],
			"tags": [
				10,
				50,
				41
			],
			"downloadUrl": "https://filters.adtidy.org/extension/chromium-mv3/filters/238.txt"
		},
		{
			"filterId": 243,
			"name": "Frellwit's Swedish Filter",
			"description": "Filter that aims to remove regional Swedish ads, tracking, social media, annoyances, sponsored articles etc.",
			"timeAdded": "2018-02-15T18:41:31+0000",
			"homepage": "https://github.com/lassekongo83/Frellwit-s-filter-lists",
			"expires": 864000,
			"displayNumber": 2,
			"groupId": 7,
			"subscriptionUrl": "https://raw.githubusercontent.com/lassekongo83/Frellwits-filter-lists/master/Frellwits-Swedish-Filter.txt",
			"trustLevel": "high",
			"version": "2.0.21.14",
			"timeUpdated": "2025-03-26T05:01:55+0000",
			"deprecated": false,
			"languages": [
				"sv"
			],
			"tags": [
				10,
				1,
				5,
				2,
				3,
				55
			],
			"downloadUrl": "https://filters.adtidy.org/extension/chromium-mv3/filters/243.txt"
		},
		{
			"filterId": 249,
			"name": "Dandelion Sprout's Nordic Filters",
			"description": "This list covers websites for Norway, Denmark, Iceland, Danish territories, and the Sami indigenous population.",
			"timeAdded": "2018-03-30T12:15:13+0000",
			"homepage": "https://github.com/DandelionSprout/adfilt",
			"expires": 864000,
			"displayNumber": 249,
			"groupId": 7,
			"subscriptionUrl": "https://raw.githubusercontent.com/DandelionSprout/adfilt/master/NorwegianExperimentalList%20alternate%20versions/NordicFiltersAdGuard.txt",
			"trustLevel": "high",
			"version": "2.0.7.95",
			"timeUpdated": "2025-03-26T01:02:03+0000",
			"deprecated": false,
			"languages": [
				"no",
				"da",
				"is",
				"fo"
			],
			"tags": [
				10,
				1,
				4,
				43,
				49,
				42,
				63
			],
			"downloadUrl": "https://filters.adtidy.org/extension/chromium-mv3/filters/249.txt"
		},
		{
			"filterId": 252,
			"name": "Dandelion Sprout's Serbo-Croatian List",
			"description": "A filter list for websites in Serbian, Montenegrin, Croatian, and Bosnian.",
			"timeAdded": "2022-03-21T08:42:14+0000",
			"homepage": "https://github.com/DandelionSprout/adfilt",
			"expires": 864000,
			"displayNumber": 2,
			"groupId": 7,
			"subscriptionUrl": "https://raw.githubusercontent.com/DandelionSprout/adfilt/master/SerboCroatianList.txt",
			"trustLevel": "high",
			"version": "2.0.0.58",
			"timeUpdated": "2025-03-21T13:02:16+0000",
			"deprecated": false,
			"languages": [
				"sr",
				"hr"
			],
			"tags": [
				1,
				65,
				66,
				10
			],
			"downloadUrl": "https://filters.adtidy.org/extension/chromium-mv3/filters/252.txt"
		},
		{
			"filterId": 253,
			"name": "IndianList",
			"description": "Additional filter list for websites in Hindi, Tamil and other Dravidian and Indic languages.",
			"timeAdded": "2022-04-25T07:45:01+0000",
			"homepage": "https://github.com/mediumkreation/IndianList",
			"expires": 864000,
			"displayNumber": 2,
			"groupId": 7,
			"subscriptionUrl": "https://easylist-downloads.adblockplus.org/indianlist.txt",
			"trustLevel": "low",
			"version": "2.0.60.42",
			"timeUpdated": "2025-03-26T16:38:08+0000",
			"deprecated": false,
			"languages": [
				"hi"
			],
			"tags": [
				1,
				67,
				10
			],
			"downloadUrl": "https://filters.adtidy.org/extension/chromium-mv3/filters/253.txt"
		},
		{
			"filterId": 254,
			"name": "Macedonian adBlock Filters",
			"description": "Blocks ads and trackers on various Macedonian websites.",
			"timeAdded": "2023-03-09T09:43:54+0000",
			"homepage": "https://github.com/DeepSpaceHarbor/Macedonian-adBlock-Filters",
			"expires": 864000,
			"displayNumber": 2,
			"groupId": 7,
			"subscriptionUrl": "https://raw.githubusercontent.com/RandomAdversary/Macedonian-adBlock-Filters/master/Filters",
			"trustLevel": "low",
			"version": "2.0.0.11",
			"timeUpdated": "2024-12-25T01:01:47+0000",
			"deprecated": false,
			"languages": [
				"mk"
			],
			"tags": [
				1,
				10,
				71
			],
			"downloadUrl": "https://filters.adtidy.org/extension/chromium-mv3/filters/254.txt"
		},
		{
			"filterId": 255,
			"name": "Phishing URL Blocklist",
			"description": "Phishing URL blocklist for uBlock Origin (uBO), AdGuard, Vivaldi, Pi-hole, Hosts file, Dnsmasq, BIND, Unbound, Snort and Suricata.",
			"timeAdded": "2024-04-03T14:10:40+0000",
			"homepage": "https://gitlab.com/malware-filter/phishing-filter",
			"expires": 864000,
			"displayNumber": 1,
			"groupId": 5,
			"subscriptionUrl": "https://malware-filter.gitlab.io/malware-filter/phishing-filter-ag.txt",
			"trustLevel": "low",
			"version": "2.0.6.94",
			"timeUpdated": "2025-03-26T16:38:12+0000",
			"deprecated": false,
			"languages": [],
			"tags": [
				4
			],
			"downloadUrl": "https://filters.adtidy.org/extension/chromium-mv3/filters/255.txt"
		},
		{
			"filterId": 256,
			"name": "Scam Blocklist by DurableNapkin",
			"description": "List for blocking untrustworthy websites.",
			"timeAdded": "2024-04-03T14:10:40+0000",
			"homepage": "https://github.com/durablenapkin/scamblocklist",
			"expires": 864000,
			"displayNumber": 1,
			"groupId": 5,
			"subscriptionUrl": "https://raw.githubusercontent.com/durablenapkin/scamblocklist/master/adguard.txt",
			"trustLevel": "low",
			"version": "2.0.3.57",
			"timeUpdated": "2025-03-26T16:38:12+0000",
			"deprecated": false,
			"languages": [],
			"tags": [
				4
			],
			"downloadUrl": "https://filters.adtidy.org/extension/chromium-mv3/filters/256.txt"
		},
		{
			"filterId": 257,
			"name": "uBlock Origin – Badware risks",
			"description": "Filter for risky sites, warning users of potential threats.",
			"timeAdded": "2024-04-03T14:10:40+0000",
			"homepage": "https://github.com/uBlockOrigin/uAssets/",
			"expires": 864000,
			"displayNumber": 1,
			"groupId": 5,
			"subscriptionUrl": "https://raw.githubusercontent.com/uBlockOrigin/uAssets/master/filters/badware.txt",
			"trustLevel": "low",
			"version": "2.0.6.55",
			"timeUpdated": "2025-03-26T16:38:12+0000",
			"deprecated": false,
			"languages": [],
			"tags": [
				4
			],
			"downloadUrl": "https://filters.adtidy.org/extension/chromium-mv3/filters/257.txt"
		}
	]
}