{"958527":"scrolller.com##.popup:has(> .popup__box div:contains(adblocker))","1156911":"||googletagmanager.com/gtm.js$script,xmlhttprequest,redirect=googletagmanager-gtm,domain=einthusan.ca|einthusan.tv|einthusan.com","1505695":"||googletagmanager.com/gtm.js$script,redirect=googletagmanager-gtm,domain=lastampa.it","1584407":"defence24.pl##main > section.block:has(> div > a > span > figure > figcaption:contains(Reklama))","1589314":"fcbarca.com##.article__content div[style]:has(> div:contains(/^REKLAMA$/))","1589391":"fcbarca.com##.news__list > div[style]:has(> div[style] > div:contains(/^REKLAMA$/))","1777366":"money.pl#@?#main > div:first-child:-abp-has(img[src^=\"https://v.wpimg.pl/\"][loading=\"lazy\"])","1837306":"pogoda.wp.pl#@?#.desktop > div[class*=\" \"]:-abp-has(div)","1883129":"samnytt.se#@#div[class=\"\"], a, .sticky > div[style=\"display:grid\"], .post-content > div.mx-auto:has-text(/annons/i)","2640944":"gumtree.com.au###content div[class^=\"css-\"]:has(> p:contains(SPONSORED))","2641019":"gumtree.com.au##div[class^=\"css-\"]:has(> p:contains(ADVERTISEMENT))","2670753":"xjav.tube##.video__wrapper > div.wrapper:has(> h2:contains(Advertisement))","2721736":"scribd.com###sidebar div[class^=\"_\"]:has(> div[class] > div[class] > span:contains(ad))","4072936":"indiatimes.com#@?#div:-abp-has(> div[id^=\"div-gpt-ad-\"])","4086481":"instagram.com#@?#article[class] > div[class]:-abp-has(span:-abp-contains(/Anzeige|Gesponsert|Sponsored|Geborg|Sponzorováno|Sponsoreret|Χορηγούμενη|Publicidad|Sponsoroitu|Sponsorisé|Bersponsor|Sponsorizzato|広告|광고|Ditaja|Sponset|Gesponsord|Sponsorowane|Patrocinado|Реклама|Sponsrad|ได้รับการสนับสนุน|May Sponsor|Sponsorlu|赞助内容|贊助|প্রযোজিত|પ્રાયોજિત|स्पॉन्सर्ड|Sponzorirano|ಪ್ರಾಯೋಜಿತ|സ്‌പോൺസർ ചെയ്‌തത്|पुरस्‍कृत|प्रायोजित|ਪ੍ਰਾਯੋਜਿਤ|මුදල් ගෙවා ප්‍රචාරය කරන ලදි|Sponzorované|விளம்பரதாரர்கள்|స్పాన్సర్ చేసింది|Được tài trợ|Спонсорирано|Commandité|Sponsorizat|Спонзорисано/))","4087191":"instagram.com#@?#article[role=\"presentation\"] > div[style]:-abp-has(span:-abp-contains(/Anzeige|Gesponsert|Sponsored|Geborg|Sponzorováno|Sponsoreret|Χορηγούμενη|Publicidad|Sponsoroitu|Sponsorisé|Bersponsor|Sponsorizzato|広告|광고|Ditaja|Sponset|Gesponsord|Sponsorowane|Patrocinado|Реклама|Sponsrad|ได้รับการสนับสนุน|May Sponsor|Sponsorlu|赞助内容|贊助|প্রযোজিত|પ્રાયોજિત|स्पॉन्सर्ड|Sponzorirano|ಪ್ರಾಯೋಜಿತ|സ്‌പോൺസർ ചെയ്‌തത്|पुरस्‍कृत|प्रायोजित|ਪ੍ਰਾਯੋਜਿਤ|මුදල් ගෙවා ප්‍රචාරය කරන ලදි|Sponzorované|விளம்பரதாரர்கள்|స్పాన్సర్ చేసింది|Được tài trợ|Спонсорирано|Commandité|Sponsorizat|Спонзорисано/))","4087828":"instagram.com#@?#div[style=\"max-height: inherit; max-width: inherit;\"]:-abp-has(span:-abp-contains(Paid partnership with ))","4181914":"bing.com#@?##b_results > li :-abp-has(span:-abp-contains(Ad))","6029416":"bayequest.com#?#.elementor-section:-abp-contains(Advertisement)","6068505":"kaufland.*#?#.recommender-wrapper:-abp-contains(Gesponsert)","6090204":"thedailywtf.com##.article-body > div:has-text([Advertisement])","6090407":"historic-uk.com##.article-sidebar:has-text(Advertisement)","6090760":"beaumontenterprise.com,chron.com,ctinsider.com,ctpost.com,expressnews.com,greenwichtime.com,houstonchronicle.com,lmtonline.com,manisteenews.com,michigansthumb.com,middletownpress.com,mrt.com,myjournalcourier.com,myplainview.com,mysanantonio.com,newstimes.com,nhregister.com,ourmidland.com,registercitizen.com,sfchronicle.com,stamfordadvocate.com,thehour.com,theintelligencer.com##.b-gray300:has-text(Advertisement)","6091226":"beincrypto.com##.before-author-block-bio:has-text(Sponsored)","6091344":"dropstab.com##.bg-slate-100:has-text(Ad)","6091754":"coincarp.com##.border-bottom:has-text(Sponsored)","6091863":"dropstab.com##.bottom-0.gap-2:has-text(/Stake Now|Invest Now/)","6092466":"dexscreener.com##.chakra-link:has-text(Advertise)","6093152":"androidauthority.com##.d_3i:has-text(Latest deals)","6093429":"bitcoinsensus.com##.e-con-inner:has-text(Our Favourite Trading Platforms)","6093854":"wings.io##.form-group center:has-text(Advertisement)","6094420":"vpforums.org##.ipsSideBlock.clearfix:has-text(Affiliates)","6094597":"stocktwits.com##.is-visible:has-text(Remove ads)","6094648":"thingiverse.com##.item-card-container:has-text(Advertisement)","6095587":"beaumontenterprise.com,chron.com,ctinsider.com,ctpost.com,expressnews.com,greenwichtime.com,houstonchronicle.com,lmtonline.com,manisteenews.com,michigansthumb.com,middletownpress.com,mrt.com,myjournalcourier.com,myplainview.com,mysanantonio.com,newstimes.com,nhregister.com,ourmidland.com,registercitizen.com,sfchronicle.com,sfgate.com,stamfordadvocate.com,thehour.com,theintelligencer.com##.mb32:has-text(Advertisement)","6096943":"404media.co##.post__content > p:has-text(This segment is a paid ad)","6098337":"quora.com##.q-sticky[style*=\"box-sizing: border-box; position: sticky;\"]:has-text(Advertisement)","6098547":"downforeveryoneorjustme.com##.relative.bg-white:has-text(PolyBuzz)","6101465":"themarysue.com##.wp-block-gamurs-article-group__sidebar__wrapper:has-text(related content)","6101558":"dotesports.com##.wp-block-gamurs-article-tile:has-text(Sponsored)","6101759":"mapquest.co.uk##.z-10.justify-center:has-text(Advertisement)","6105407":"tumlook.com##article:has-text(Sponsored)","6106069":"wolt.com##button:has(> div > div > div > span:has-text(Sponsored))","6106621":"appleinsider.com##div.main-art:has-text(Sponsored Content)","6107782":"wolt.com##div:has(> div > div > div > div > div > p:has-text(Sponsored))","6116363":"globalchinaev.com##p.content-center:has-text(ADVERTISEMENT)","6116425":"sciencenews.org##p:has-text(Sponsor Message)","6116472":"provigo.ca#?#.css-1nhzth8:-abp-contains(/sponsorisé|sponsored/)","6116532":"rome2rio.com#?#div[aria-labelledby=\"schedules-header\"] > div > div:-abp-contains(Ad)","6117961":"pushsquare.com##span:has-text(or Subscribe)","6118007":"fxempire.com##span[display=\"inline-block\"]:has-text(Advertisement)","6118076":"staples.com#?#.side-by-side-carousel__carousel_container:-abp-contains(Sponsored Products)","6118431":"tripadvisor.*#?#[data-automation=\"crossSellShelf\"] div:has(> span:-abp-contains(Sponsored))","6118519":"tripadvisor.*#?#[data-automation=\"relatedStories\"] div > div:has(a:-abp-contains(SPONSORED))","6118657":"bleepingcomputer.com##ul#bc-home-news-main-wrap > li:has-text(Sponsored)","6224460":"yahoo.com##.leading-3:has-text(Advertisement)","6304767":"heb.com#?#div:has(> div > div[class^=\"Carousel_wrapper\"]:-abp-contains(Promoted))","6304845":"heb.com#?#div:has(> div > div[class^=\"ModuleSet_moduleSetContainer\"]:-abp-contains(Promoted))","6304935":"tripadvisor.com#?#[data-test=\"SL_list_item\"]:-abp-contains(Sponsored)","6305001":"sainsburys.co.uk#?#section[class=\"ln-o-section ln-u-hard-bottom ln-u-margin-top*2\"]:-abp-contains(Sponsored) + section[class=\"ln-o-section ln-u-hard-bottom ln-u-margin-top*2\"]","6305173":"sainsburys.co.uk#?#section header[data-test=\"c006-container-wrapper\"]:-abp-contains(Sponsored)","6305264":"fiverr.com#?#.gig-card-layout:-abp-contains(Ad by)","6305311":"temu.com#?#.EKDT7a3v:-abp-contains(AD)","6305346":"property24.com#?#.p24_tileContainer:-abp-contains(Sponsored)","6305403":"shopee.sg#?#div[class=\"N_YeYe\"]:has(> .shopee_ic:-abp-contains(Ad))","6305467":"shopee.sg#?#div[class=\"oMSmr0\"]:has(> .shopee_ic:-abp-contains(Ad))","6305531":"perplexity.ai#?#.py-sm.group:-abp-contains(Sponsored)","6305581":"autotrader.co.uk#?#[data-testid=\"desktop-search\"] li:has(span:has-text(Ad))","6305658":"dev.to#?#div[data-display-unit]:-abp-has(span:-abp-contains(Promoted))","6305720":"tripadvisor.com#?#[aria-label=\"Map marker\"]:-abp-contains(Sponsored)","6305785":"noon.com#?#.swiper-slide:-abp-contains(Sponsored)","6306065":"kslnewsradio.com,ksltv.com,ktar.com#?#.wrapper:-abp-contains(Sponsored Articles)","6306142":"shopee.sg#?#.shopee-search-item-result__item:-abp-contains(Ad)","6306258":"kogan.com#?#.rs-infinite-scroll > div:-abp-contains(Sponsored)","6306317":"kogan.com#?#._2EeeR:-abp-contains(Sponsored)","6306358":"kogan.com#?#.slider-slide:-abp-contains(Sponsored)","6306405":"euronews.com#?#.m-object:has(.m-object__quote:-abp-contains(/In partnership with|En partenariat avec|Mit Unterstützung von|In collaborazione con|En colaboración con|Em parceria com|Совместно с|ile birlikte|Σε συνεργασία με|Együttműködésben a|با همکاری|بالمشاركة مع/))","6306669":"nordstrom.com#?#ul[style^=\"padding: 0px; position: relative;\"] > li[class]:-abp-contains(Sponsored)","6306765":"loblaws.ca#?#[data-testid=\"product-grid\"]>div:-abp-contains(Sponsored)","6306832":"semafor.com#?#.suppress-rss:-abp-has(:-abp-contains(Supported by))","6306890":"shipt.com#?#li[class]:-abp-contains(Sponsored)","6306933":"argos.co.uk#?#[data-test^=\"component-slider-slide-\"]:-abp-contains(SPONSORED)","6307007":"atlanticsuperstore.ca,fortinos.ca,maxi.ca,newfoundlandgrocerystores.ca,nofrills.ca,provigo.ca,realcanadiansuperstore.ca,valumart.ca,yourindependentgrocer.ca,zehrs.ca#?#[data-testid=\"card\"]:-abp-contains(sponsored)","6307217":"kijiji.ca#?#[data-testid^=\"listing-card-list-item-\"]:-abp-contains(TOP AD)","6307288":"atlanticsuperstore.ca,fortinos.ca,loblaws.ca,maxi.ca,newfoundlandgrocerystores.ca,nofrills.ca,provigo.ca,realcanadiansuperstore.ca,valumart.ca,yourindependentgrocer.ca,zehrs.ca#?#.product-tile-group__list__item:-abp-contains(Sponsored)","6307598":"dev.to#?#.crayons-card:-abp-has(.sponsorship-dropdown)","6307649":"ulta.com#?#li.ProductListingResults__productCard:has(.ProductCard__badge:-abp-contains(Sponsored))","6307744":"leadership.ng#?#.jeg_postblock:-abp-contains(SPONSORED)","6307796":"acmemarkets.com,albertsons.com,andronicos.com,carrsqc.com,haggen.com,jewelosco.com,kingsfoodmarkets.com,pavilions.com,randalls.com,safeway.com,shaws.com,starmarket.com,tomthumb.com,vons.com#?#.product-card-col:-abp-contains(Sponsored)","6308027":"agoda.com#?#.PropertyCardItem:-abp-has(div:-abp-contains(Promoted))","6308086":"alibaba.com#?#.J-offer-wrapper:-abp-contains(Top sponsor listing)","6308148":"aliexpress.com#?##card-list > .search-item-card-wrapper-gallery:-abp-has(a.search-card-item[href*=\"&aem_p4p_detail=\"] div[class*=\"cards--image--\"] > div[class*=\"multi--ax--\"]:-abp-contains(/^(?:AD|An[uú]ncio|광고|広告)$/)):-abp-has(+ .search-item-card-wrapper-gallery a.search-card-item:not([href*=\"&aem_p4p_detail=\"]))","6308450":"app.daily.dev#?#article:-abp-contains(Promoted)","6308494":"backpack.tf,backpacktf.com#?#.panel:-abp-contains(createAd)","6308550":"belloflostsouls.net#?#span.text-secondary:-abp-contains(Advertisement)","6308617":"cointelegraph.com#?#li.group-\\[\\.inline\\]\\:mb-8:-abp-contains(Ad)","6308679":"scamwarners.com#?#center:-abp-contains(Advertisement)","6308729":"infographicjournal.com#?#.et_pb_widget:-abp-contains(Partners)","6308788":"infographicjournal.com#?#.et_pb_module:-abp-contains(Partners)","6308847":"infographicjournal.com#?#.et_pb_module:-abp-contains(Partners) + .et_pb_module","6308922":"telugupeople.com#?#table:-abp-has(> tbody > tr > td > a:-abp-contains(Advertisements))","6309000":"bleepingcomputer.com#?#.post_wrap:-abp-contains(AdBot)","6309051":"bolnews.com#?#[style*=\"center\"]:-abp-contains(Ad)","6309097":"booking.com#?#div[data-testid=\"property-card\"]:-abp-has(span:-abp-contains(Promoted))","6309174":"yourstory.com#?#[width]:-abp-contains(ADVERTISEMENT)","6309223":"boots.com#?#.oct-listers-hits__item:-abp-contains(Sponsored)","6309280":"deccanherald.com#?#div:-abp-has(> div > .ad-background)","6309332":"deccanherald.com#?#div[style^=\"min-height\"]:-abp-has(> div > div[id*=\"-ad-separator\"])","6309415":"qz.com#?#div[class^=\"sc-\"]:-abp-has(> div[is=\"bulbs-dfp\"])","6309470":"qz.com#?#div[class^=\"sc-\"]:-abp-has(> div[class=\"ad-unit\"])","6309526":"china.ahk.de#?#.b-main__section:-abp-has(h2.homepage-headline:-abp-contains(Advertisement))","6309609":"producthunt.com#?#.text-12:-abp-contains(Promoted)","6309656":"cleantechnica.com#?#.zox-side-widget:-abp-contains(/^Advertis/)","6309716":"mapchart.net#?#.row:-abp-contains(Advertisement)","6309761":"coinlisting.info#?#.panel:-abp-has(h3:-abp-contains(Sponsored Ad))","6309819":"coolors.co#?#a:-abp-has(div:last-child:-abp-contains(Hide))","6309870":"neowin.net#?#.ipsColumns_collapsePhone.classes:-abp-contains(Our Sponsors)","6309941":"amusingplanet.com#?#.blockTitle:-abp-contains(Advertisement)","6309998":"corvetteblogger.com#?#aside.td_block_template_1.widget.widget_text:-abp-has(> h4.block-title > span:-abp-contains(Visit Our Sponsors))","6310124":"cruisecritic.co.uk,cruisecritic.com#?#div[role=\"group\"]:-abp-contains(Sponsored)","6310201":"deccanherald.com#?#div#container-text:-abp-contains(ADVERTISEMENT)","6310264":"deccanherald.com#?#span.container-text:-abp-contains(ADVERTISEMENT)","6310328":"decrypt.co#?#span:-abp-contains(AD)","6310360":"digg.com#?#article.relative:-abp-has(div:-abp-contains(SPONSORED))","6310418":"eztv.tf,eztv.yt,123unblock.bar#?#tbody:-abp-contains(WARNING! Use a)","6310483":"filehippo.com#?#article.card-article:-abp-has(span.card-article__author:-abp-contains(Sponsored Content))","6310580":"freshdirect.com#?#.swiper-slide:-abp-contains(Sponsored)","6310633":"gamersnexus.net#?#.moduleContent:-abp-contains(Advertisement)","6310691":"hannaford.com#?#.header-2:-abp-contains(Sponsored Suggestions)","6310750":"heb.com#?#div[class^=\"sc-\"]:-abp-has(> div[data-qe-id=\"productCard\"]:-abp-contains(Promoted))","6310835":"instagram.com#?#div[style=\"max-height: inherit; max-width: inherit; display: none !important;\"]:-abp-has(span:-abp-contains(Paid partnership with ))","6310975":"instagram.com#?#div[style=\"max-height: inherit; max-width: inherit; display: none !important;\"]:-abp-has(span:-abp-contains(Paid partnership))","6311109":"instagram.com#?#div[style=\"max-height: inherit; max-width: inherit;\"]:-abp-has(span:-abp-contains(Paid partnership with ))","6311223":"linkedin.com#?#.msg-overlay-list-bubble__conversations-list:-abp-contains(Sponsored)","6311304":"linkedin.com#?#div.feed-shared-update-v2:-abp-has(span.update-components-actor__sub-description--tla:-abp-contains(/Anzeige|Sponsored|Promoted|Dipromosikan|Propagováno|Promoveret|Gesponsert|Promocionado|促銷內容|Post sponsorisé|프로모션|Post sponsorizzato|广告|プロモーション|Treść promowana|Patrocinado|Promovat|Продвигается|Marknadsfört|Nai-promote|ได้รับการโปรโมท|Öne çıkarılan içerik|Gepromoot|الترويج/))","6311687":"linkedin.com#?#div.feed-shared-update-v2:-abp-has(span.update-components-actor__description:-abp-contains(/Anzeige|Sponsored|Promoted|Dipromosikan|Propagováno|Promoveret|Gesponsert|Promocionado|促銷內容|Post sponsorisé|프로모션|Post sponsorizzato|广告|プロモーション|Treść promowana|Patrocinado|Promovat|Продвигается|Marknadsfört|Nai-promote|ได้รับการโปรโมท|Öne çıkarılan içerik|Gepromoot|الترويج/))","6312061":"linkedin.com#?#div.feed-shared-update-v2:-abp-has(span.update-components-actor__sub-description:-abp-contains(/Anzeige|Sponsored|Promoted|Dipromosikan|Propagováno|Promoveret|Gesponsert|Promocionado|促銷內容|Post sponsorisé|프로모션|Post sponsorizzato|广告|プロモーション|Treść promowana|Patrocinado|Promovat|Продвигается|Marknadsfört|Nai-promote|ได้รับการโปรโมท|Öne çıkarılan içerik|Gepromoot|الترويج/))","6312439":"loblaws.ca,provigo.ca,valumart.ca,yourindependentgrocer.ca,zehrs.ca#?#.chakra-container:-abp-contains(Featured Items)","6312553":"lovenovels.net#?#center:-abp-contains(Advertisement)","6312602":"noelleeming.co.nz#?#div.product-tile:-abp-has(span:-abp-contains(Sponsored))","6312670":"noon.com#?#span[class*=\"productContaine\"]:-abp-has(div:-abp-contains(Sponsored))","6312742":"nordstrom.com#?#article:has(.Yw5es:-abp-contains(Sponsored))","6312799":"petco.com#?#[class^=\"CitrusCatapult-styled__LeftContent\"]:-abp-has(div:-abp-contains(Sponsored))","6312887":"petco.com#?#[class^=\"HorizontalWidget\"]:-abp-has(div:-abp-contains(Sponsored))","6312957":"petco.com#?#li:-abp-contains(Sponsored)","6312993":"bitchute.com#?#.row.justify-center:-abp-contains(Advertisement)","6313053":"regex101.com#?#div > header + div > div + div:-abp-contains(Sponsors)","6313119":"search.yahoo.com#?#div.mb-28:-abp-has(span:-abp-contains(Ads))","6313173":"seattleweekly.com#?#.marketplace-row:-abp-contains(Sponsored)","6313231":"sephora.com#?#div[class^=\"css-\"]:-abp-has(>a:-abp-has(span:-abp-contains(Sponsored)))","6313303":"techonthenet.com#?#div[class] > p:-abp-contains(Advertisements)","6313363":"dictionary.com,thesaurus.com#?#[class] > p:-abp-contains(Advertisement)","6313470":"shipt.com#?#div.swiper-slide:-abp-contains(Sponsored)","6313520":"sprouts.com#?#li.product-wrapper:-abp-has(span:-abp-contains(Sponsored))","6313584":"target.com#?#.ProductRecsLink-sc-4mw94v-0:-abp-has(p:-abp-contains(sponsored))","6313654":"target.com#?#div[data-test=\"@web/ProductCard/ProductCardVariantAisle\"]:-abp-contains(Sponsored)","6313746":"target.com#?#div[data-test=\"@web/site-top-of-funnel/ProductCardWrapper\"]:-abp-contains(sponsored)","6313840":"tossinggames.com#?#tbody:-abp-contains(Please visit our below advertisers)","6313911":"trends.gab.com#?#li.list-group-item:-abp-contains(Sponsored content)","6313976":"tripadvisor.com#?#.cAWGu:-abp-has(a:-abp-contains(Similar Sponsored Properties))","6314048":"tripadvisor.com#?#.tkvEM:-abp-contains(Sponsored)","6314094":"twitter.com,x.com#?#h2[role=\"heading\"]:-abp-contains(/Promoted|Gesponsert|Promocionado|Sponsorisé|Sponsorizzato|Promowane|Promovido|Реклама|Uitgelicht|Sponsorlu|Promotert|Promoveret|Sponsrad|Mainostettu|Sponzorováno|Promovat|Ajánlott|Προωθημένο|Dipromosikan|Được quảng bá|推廣|推广|推薦|推荐|プロモーション|프로모션|ประชาสมพนธ|परचरत|বজঞপত|تشہیر شدہ|مروج|تبلیغی|מקודם/)","6314440":"vofomovies.info#?#a13:-abp-contains( Ad)","6314477":"bing.com#?#li.b_algo:has(.rms_img[src*=\"id=ODLS.A2450BEC-5595-40BA-9F13-D9EC6AB74B9F\"]):has(.tptt:-abp-contains(/^([Aa]mazon(\\.[acdefinps][aeglnorst]m?\\.?[abjmtu]?[kprux]?)?|Best Buy|Booking\\.com|eBay|eDreams|Lenovo US|Trip\\.com|Tripadvisor|Walmart)$/))","6314727":"tripadvisor.*#?#.AaFRW:-abp-contains(Sponsored)","6314771":"modivo.*#?#.banner:-abp-contains(/Sponsorizzato|Sponsorowane|Sponsorizat|Sponzorováno|Szponzorált|Спонсорирани|Sponsored|Gesponsert/)","6314901":"modivo.*#?#.product:-abp-contains(/Sponsorizzato|Sponsorowane|Sponsorizat|Sponzorováno|Szponzorált|Спонсорирани|Sponsored|Gesponsert/)","6315032":"yelp.*#?#main[class^=\"searchResultsContainer\"] li h2:-abp-contains(Sponsored)","6315106":"walmart.*#?#div > div[io-id]:-abp-contains(Sponsored)","6315156":"walmart.*#?#div[role=\"group\"]:-abp-has(div:-abp-contains(/Sponsored|Commandité/))","6368993":"4wank.com#?#.video-holder > center > :-abp-contains(/^Advertisement$/)","6369060":"crocotube.com#?#.ct-related-videos-title:-abp-contains(Advertisement)","6369126":"crocotube.com#?#.ct-related-videos-title:-abp-contains(You may also like)","6369196":"hdpornpics.net#?#.money:-abp-has(.century:-abp-contains(ADS))","6369249":"hotmovs.com#?#.block_label--last:-abp-contains(Advertisement)","6369307":"okxxx1.com#?#.bn-title:-abp-contains(Advertising)","6369353":"porn-w.org#?#.row:-abp-contains(Promotion Bot)","6369396":"reddxxx.com#?#.items-center:-abp-contains(/^ad$/)","6369442":"reddxxx.com#?#[role=\"gridcell\"]:-abp-contains(/^AD$/)"}