{"514713":"aadarshhimachal.com#?#.wpb_wrapper:-abp-has(> h5:-abp-contains(Ads))","514773":"aapkikhabar.com#?#[id^=\"custom\"]:-abp-has(> a:-abp-contains(Government Ad))","514840":"aapkikhabar.com#?#div[id^=\"AS_O_\"] div:-abp-has(> div > div > a> div h5:-abp-contains(Ad |) )","514925":"abcnews.media#?#.widget_custom_html:-abp-has(> div > div > h3:-abp-contains(Advertisement))","515069":"ammanealing.org#?#.wpb_wrapper:-abp-has(> div > .sc_item_title:-abp-contains(Advertisement))","515153":"angulonline.com#?#.elementor-widget-heading:-abp-has(> div > h2:-abp-contains(Sponsored))","517846":"asr24.news#?#.card:-abp-has(> .card-header:-abp-contains(Advertisment))","517909":"bangla.24livenewspaper.com#?#.advertisement:-abp-contains(advertisement)","517978":"betulsamachar.com#?#.gb-container:-abp-contains(Advertisement)","518037":"bharatiyadigitalnews.in#?#.mb-3:-abp-has(> .section-title > h4:-abp-contains(Advertisement))","518121":"bharatiyadigitalnews.in#?#center:-abp-contains(Advertisement)","518179":"bhingatimes.co.in#?#.my-4:-abp-has(> h5:-abp-contains(Advertisement))","518240":"biharnation.in#?#.primary-sidebar-widget:-abp-has(> .section-heading > .h-text:-abp-contains(Advertisement))","518340":"blivenews.com#?#div[id^=\"AS_O_LHS_1\"] > div:-abp-has(> div > div > a>span:-abp-contains(Ad |))","518676":"bulandsoch.com#?#div[id^=\"AS_O_\"] div:-abp-has(> div > a> div h5:-abp-contains(Ad |))","518997":"cg24news.in#?#.sidebar:-abp-has(> h5 > span:-abp-contains(Advertisement))","519062":"champarantoday.in#?#.sidebar-widget:-abp-has(> .widget-head > .title:-abp-contains(Ads))","519142":"chatonay71news.com#?#.widget_recent_entries:-abp-contains(ads)","519201":"cityandolan.com#?#div[data-slot=\"460008\"] div:-abp-has(> div > div > a > div > h6:-abp-contains(Ad |))","519295":"cityliveindia.com#?#div:-abp-has(> .main-heading:-abp-contains(Advertizement))","519365":"countrynewstoday.com#?#.td-block-title > span:-abp-contains(Advertisement)","519436":"dailyharyananews.com#?#div[id^=\"AS_O_LHS_1\"] > div:-abp-has(> div > div > a>span:-abp-contains(Ad |))","519529":"dakshinapath.com#?#.sidebar-widget:-abp-has(> .widget-head > .title:-abp-contains(ADV))","519608":"deshkikhabar.in#?#span:-abp-contains(Advertisement)","519656":"dhamaka36.com#?#.mb-3:-abp-has(> .section-title > h4:-abp-contains(Advertisement))","519730":"dhinasari.com#?#.tdm-descr:-abp-contains(Advertisement)","540913":"doonhorizon.in#?#.colombiaonesuccess > div:-abp-has(> div > div > a h5:-abp-contains(Ad |))","540996":"encounterindia.in#?#.sidebar-widget:-abp-has(> .widget-head > .title:-abp-contains(ADS))","541076":"entevarthakal.com#?#.fourth_2_inner:-abp-has(> a>div > h1:-abp-contains(advertisement))","541205":"etamilnews.com#?#div:-abp-has(> .section-title > h4:-abp-contains(Advertisement))","541278":"fashionnewsera.com#?#div[id^=\"AS_O_LHS_1\"] > div:-abp-has(> div > div > a>span:-abp-contains(Ad |))","542930":"gossiplanka.com#?#.HTML:-abp-has(.title:-abp-contains(Advertisement))","543207":"horizonhind.com#?#div > h2:-abp-contains(Google Ads)","543256":"horizonhind.com#?#strong:-abp-contains(ABS Hospital)","543305":"horizonhind.com#?#strong:-abp-contains(Vijay Bakery)","543395":"hrbreakingnews.com#?#div[id^=\"AS_O_LHS\"] > div:-abp-has(> div > div > a > div > h5:-abp-contains(Ad |))","543551":"ibmnews24.com#?#p:-abp-contains(Advertisement)","546250":"indiakhabar.co.in#?#div:-abp-has(> .section-title > h4:-abp-contains(ADVERTISEMENT))","546326":"indianewscentre.in#?#.fashion_technology_area div:-abp-has(> div > h2 span:-abp-contains(Advertisement))","546422":"indiannewsservice.net#?#.sidebar h2:-abp-contains(Advertisement)","546483":"indiasamachar24.com#?#.widget:-abp-has(.widget-title > h4:-abp-contains(Advertise))","546558":"indocanadiantimes.com#?#.block-title span:-abp-contains(Sponsored Ads)","546727":"jalauntimessite.wordpress.com#?#.widget-title:-abp-contains(Advertisment)","546797":"janadeshexpress.in#?#section.widget_text:-abp-has(div > h4.widget-title:-abp-contains(Advertisment))","546889":"janamtv.com#?#div:-abp-has(> .jeg_block_title > span:-abp-contains(ADVT))","546954":"jankarido.com#?#.gb-container:-abp-contains(Advertisement)","547009":"jansandeshonline.com#?#div[id^=\"AS_P_LHS_\"] > div:-abp-has(> div > div > a>div > h5:-abp-contains(Ad |))","547105":"jansandeshonline.com#?#div[id^=\"AS_P_LHS_\"] > div:-abp-has(> div > div > a>div > p:-abp-contains(Ad |))","547200":"janwarta.com#?#.td_block_wrap:-abp-has(> div > h4 > span:-abp-contains(Ad))","547267":"k9media.live#?#[id^=\"AS_O_\"] div:-abp-has(> div > a>div > h5:-abp-contains(Ad |))","547340":"khabaraaptak.net#?#.widget:-abp-has(> .widget--title > h2:-abp-contains(Advertisement))","547419":"khabardev.com#?#.list-category-posts-half:-abp-has(> .widget-title:-abp-contains(AD))","547496":"kirandoot.com#?#.sidebar-widget:-abp-has(> div > h4:-abp-contains(adv))","547615":"lifestylenama.in#?#div[id*=\"_O_LHS_\"] > div:-abp-has(> div > div > a>div > h5:-abp-contains(Ad |))","547705":"livevns.news#?#.colombiaonesuccess div:-abp-has(> div > div > a > h5:-abp-contains(Ad:))","547785":"livevns.news#?#.colombiaonesuccess div:-abp-has(> div > div a > p:-abp-contains(Ad:))","547862":"lnstarnews.com#?#.elementor-widget-wrap:-abp-has(h2:-abp-contains(Adv.))","547926":"loginkerala.com#?#div[id^=\"AS_O_LHS\"] > div:-abp-has(> div > div > a > h2 + span:-abp-contains(Ad |))","548019":"loktantrakaagaz.com#?#.side:has(> span:-abp-contains(Advertisement))","548084":"loudspeakeronline.com#?#div.sidebar-widget:-abp-has(> .widget-head > h4:-abp-contains(Advertisement))","548177":"madhepurakhabar.com#?#.HTML:-abp-has(> .widget-title > .title:-abp-contains(Advertisement))","548260":"madhepuralivenews.com#?#div:has(> div > div > .elementor-heading-title:-abp-contains(Advertisement))","548357":"madhubaninews.in#?#figure:-abp-has(> figcaption:-abp-contains(ADVERTISEMENT))","548426":"magadhexpress.in#?#.wp-block-group:-abp-has(> div > .wp-block-heading:-abp-contains(Advertisement))","548811":"pressnote.in#?##main-content .main-carousel:-abp-has(> .title-wrapper > h2 > span:-abp-contains(Advertisement))","548914":"pressnote.in#?##main-content .theiaStickySidebar:-abp-has(> div > .title-wrapper > h2 span:-abp-contains(Advertisement))","549076":"meranews.com#?#p:-abp-contains(Advertisement)","549118":"mirroruttarakhand.com#?#.widget-sidebar:has(> .widget-header > h3:-abp-contains(ADVT))","549201":"muktirlorai.com#?#.themesBazar_widget:has(> h3:-abp-contains(sonalilife.com))","549275":"munaadi.com#?#.mb-3:-abp-has(.section-title > h4:-abp-contains(Advertisement))","549345":"namastepurvanchal.in#?#.elementor-widget-heading:-abp-has(> div > h2:-abp-contains(Advertisement))","549435":"nation9network.com#?#.gb-container:-abp-contains(Advertisement)","549527":"navbharattimes.indiatimes.com#?#.news-card:has(> span > h2 > a>.text_ellipsis:-abp-contains(Adv:))","549622":"naya-alo.com#?#.textwidget:-abp-contains(.adsbygoogle)","549673":"neplays.com#?#.widget--title .h4:-abp-contains(Advertisement)","549731":"news11.live#?#.align_cent:-abp-contains(Advertise)","549778":"news24bite.com#?#figure:-abp-has(> figcaption:-abp-contains(Advertisement))","549845":"news38times.com#?#div[id^=\"AS_O_LHS_\"] > div:has(> div > a >p:-abp-contains(Ad |))","549924":"newsmoments.in#?#div[id^=\"AS_O_LHS_\"] > div:-abp-has(> div > div > a > div > p:-abp-contains(Ad |))","550015":"newstm.in#?#div[id^=\"AS_O_\"] div:-abp-has(> div > a> div h5:-abp-contains(Ad |) )","550088":"newstodaynetwork.com#?#div[id^=\"AS_O_LHS\"] > div:-abp-has(> div > div > a > h4:-abp-contains(Ad: ))","550179":"nobat.com#?#div:-abp-has(> small:-abp-contains(Advertisement))","550233":"odiascraps.info#?#div[id*=\"_O_\"] > div:-abp-has(> div > div > a>div > h4 > span:-abp-contains(Ad:))","550324":"odiascraps.info#?#div[id*=\"_O_\"] > div:-abp-has(> div > div > a>div > p:-abp-contains(Ad:))","550482":"pingara.com#?#.block-title-4:-abp-has(> h4 > span:-abp-contains(Advertisements))","550554":"pksnews24.com#?#div.primary-sidebar-widget:-abp-has(> div > span:-abp-contains(Advertisement))","550640":"pksnews24.com#?#div[data-adid]:-abp-has(> p:-abp-contains(Advertisement))","550759":"neemuchlive.com#?##pt-magazine-carousel-news-2:has(> div > .section-title .widget-title:-abp-contains(Advertisement))","550873":"rajdhanidaily.com#?#.elementor-widget-wrap p:-abp-contains(Ads)","550933":"rochakkhabare.com#?#div[id*=\"_O_\"] div:-abp-has(> div > div > a> div *:-abp-contains(Ad |) )","551017":"rozanapost.in#?#aside:-abp-has(> h3 > span:-abp-contains(Advt))","551072":"rozanaspokesman.in#?#div[style]:-abp-has(> div:-abp-contains(Advertisement))","551140":"sabhavarthakal.com#?#.jeg_block_heading:-abp-has(> .jeg_block_title > span:-abp-contains(ADVERTISEMENTS))","551237":"sabhavarthakal.com#?#.jeg_block_heading:-abp-has(> .jeg_block_title > span:-abp-contains(Advertisement))","551333":"samajkihalchal.com#?#div.sidebar h5:-abp-has(> span:-abp-contains(Ads))","551396":"samarthsahara.com#?#.heading:-abp-has(> span:-abp-contains(Advt))","551453":"samayduniya.com#?#div:-abp-has(> a span:-abp-contains(Ad |))","551505":"satkhiraprobaho.net#?#div:-abp-has(> h3:-abp-contains(Advertisement))","551566":"satyasandhana.in#?#div:has(> div > div > p:-abp-contains(Advertisement))","551635":"satyavoice.com#?#div[id^=\"AS_O_\"] > div:-abp-has(> div > a>div > h5:-abp-contains(Ad |))","551715":"scgnews.in#?#.widget-header:has(> h4:-abp-contains(Advertise))","554517":"seithipunal.com#?#.widget:-abp-has(> .widget--title > h2:-abp-contains(Advertisement))","554595":"shikshabhartinetwork.com#?#div:-abp-has(> .box_header:-abp-contains(Advertisements))","554671":"punjabikangaroo.com#?##side .widget:-abp-has(> .heading > span:-abp-contains(Advertisement))","554755":"smtv24x7.com#?#.single_post_content:-abp-has(> h2 > span > a:-abp-contains(ADS))","554827":"soochnanews.in#?#h4.td-block-title:-abp-has(> span:-abp-contains(Advertisement))","555066":"suprovatsydney.com.au#?#.box_header:-abp-contains(Advertising)","555125":"swarnimtimes.in#?#.entry figure:has(> figcaption:-abp-contains(Advertisement))","555511":"tamizhakam.com#?#p:-abp-contains(Advertisement)","555646":"thannambikkai.org#?#h2:-abp-contains(Advertisement)","555694":"thechopal.com#?#div[id*=\"ArticleShow_\"] > div:-abp-has(> div > div > a>span:-abp-contains(Ad |))","555782":"thedesiawaaz.com#?#div:-abp-has(> div > a>div > p:-abp-contains(Ad:))","555843":"thedesiawaaz.com#?#div:-abp-has(> div > div > a>div > div > p:-abp-contains(Ad |))","555917":"theexpose.in#?#.colombiaonesuccess > div:-abp-has(> div > div > a h5:-abp-contains(Ad |))","555998":"theexpose.in#?#.colombiaonesuccess > div:-abp-has(> div > div a p:-abp-contains(Ad:))","556075":"theheadline24.com#?#div:-abp-has(> .heading > span:-abp-contains(Advt.))","556139":"thenewswords.in#?#:-abp-has(> h4:-abp-contains(Advertise))","556189":"theonlinepost.in#?#div[id*=\"_O_\"] div:-abp-has(> div > div > a> div *:-abp-contains(Ad |) )","556272":"theonlinepost.in#?#div[id*=\"_O_\"] div:-abp-has(> div > div > a> div *:-abp-contains(Ad:) )","556354":"thesigmanews.com#?#div.wrapper-sticky div:-abp-has(> div.section-heading > span:-abp-contains(Advertisement))","556455":"todaynewshindi.in#?#.sidebar-widget:-abp-has(h4:-abp-contains(Ads))","556514":"ttncinema.com#?#div[id*=\"_O_\"] div:-abp-has(> div > div > a> div p:-abp-contains(AD |) )","556594":"tutyonline.net#?#.sub_new b:-abp-contains(Ads)","556637":"tv20news.in#?#p:-abp-contains(Advertisement)","556678":"twentyfournews.com#?#div:-abp-has(> span:-abp-contains(Advertisement))","556779":"unitednewskannada.com#?#.single_sidebar:-abp-has(> h2 > span:-abp-contains(advertisement))","556861":"upuklive.com#?#.colombiaonesuccess > div:-abp-has(> div > div > a span:-abp-contains(Ad |))","556944":"uthayannews.ca#?#.widget_text:-abp-has(.widget-title > span:-abp-contains(Advertising))","557023":"utkalpratidin.com#?#div[id*=\"_O_\"] div:-abp-has(> div > div > a> div *:-abp-contains(Ad |) )","557107":"utkalpratidin.com#?#div[id*=\"_O_\"] div:-abp-has(div-gpt-ad > div > div > a> div *:-abp-contains(Ad:) )","557201":"varchasvnews.com#?#.heading:-abp-has(> span:-abp-contains(Advt))","557257":"visionnewsservice.in#?#.sidebar-widget > h2:-abp-contains(Advertisement)","557326":"viznews.in#?#div:-abp-has(> .heading > span:-abp-contains(Advertisement))","557391":"yugvartanews.com#?#center:-abp-contains(ADVERTISEMENT)","557442":"yuvaharyana.com#?#div[id^=\"AS_O_LHS\"] > div:-abp-has(> div > a>div > h5:-abp-contains(Ad |))"}