{"4601":"arendalstidende.no#?#.wpb_wrapper:has-text(/^An{2}onse:.*$/)","4663":"butikkoversikten.no#?#.lenkeboks:has-text(/^.*Cas\\ino.*$/i)","6297":"itavisen.no##article:has(.title:has-text(/^.*[?:;—]\\san{2}ons[eø]r?$/))","6403":"tunnelsyn.no#?#.widget_media_image:has-text(/^AN{2}ONSE.*$/)","8248":"tek.no#?#main > section > section:has-text(/^an{2}onse$/)","8881":"tungt.no#?#div.large-12.row:has-text(MASCUS)","9372":"arendalstidende.no#?#div[style^=font-size]:has-text(/^An{2}onse:.*$/)","9619":"itavisen.no#?#.item:has(.meta:has-text(/^An{2}onse$/))","10664":"tu.no,digi.no#?#article~div:has-text(/^A[n|ĳ]n\\ons/i)","11071":"fodboldspilleren.dk#?#.et_section_regular:has-text(/^.*cas\\ino.*$/i)","11539":"elbil24.no#?#.preview:has(.kicker:has-text(/^.*an{2}onse.*$/i))","11665":"sorlandsavisen.no#?#div:has(> span:has-text(Annonse))","12920":"veitingageirinn.is#?#.mvp-widget-home:has-text(/^Velun{2}arar.*$/)","13164":"gamer.no#?#.entrance:has(.entrance__mark__text:has-text(Annonse:))","14664":"baeredygtigtfiskeri.dk##section.elementor-top-section:has-text(/^.*\\s\\sAnnoncer?\\s\\s.*$/i) + section.elementor-top-section:has(.elementor-image > [loading=lazy])","14828":"baeredygtigtfiskeri.dk##section.elementor-top-section:has-text(/^.*\\s\\sAnnoncer?\\s\\s.*$/i):has(+ section.elementor-top-section .elementor-image > [loading=lazy])","15058":"fiskerforum.dk##.elementor-widget-text-editor:has-text(/^.*\\s\\sANNONCER\\s\\s.*$/)","17202":"itavisen.no#?#article:has(.title:has-text( – annonse))","19026":"united.no#?#.fl-visible-desktop-medium:has(div[class^=ann-forside]:has-text(/^.*An{2}onse:.*$/))","19631":"retrospilling.no#?#.widget:has-text(Play-Asia)","24676":"730.no#?#.g-10:has-text(Artikkelen fortsetter )","25867":"kendte.dk#?#.list-group:has-text(/^.*cas\\ino.*$/i)","26615":"glr.no#?#.bottomSmallSpaced.topMediumSpaced:has-text(/^An{2}onse.*$/)","27232":"jumpb.dk#?#strong:has-text(/^.*Cas\\ino.*$/i)","29208":"gunnarandreassen.com#?#a:has-text(/^.*[kc]as\\ino.*$/i)","31116":"leinstrand-il.no#?#.latestnews-box:has-text(/^.*cas\\ino.*$/i)","31348":"dagbladet.no,www-dagbladet-no.translate.goog#?#div[class^=css]:matches-css-before(content: \"Annonse\")","31976":"margit-henriksen.dk,thura.dk#?#.blog-post:has-text(/^.*cas\\ino.*$/i)","32404":"teknologia.no#?#.one-half:has-text(/^.*[kc]as\\ino.*$/i)","38341":"ni.dk#?#.color-scheme-1:has-text(/^.*Cas\\ino.*$/i)","38508":"bilnorge.no#?#tr:has(td:has-text(Annonse:))","40035":"itavisen.no#?#.td-c-loop-item:has(.meta-info:has-text(Annonse))","41000":"gaming.dk#?#.panel-latest-forum-threads:has-text( sponsor)","43085":"xn--bodposten-n8a.no,ranaposten.no#?#.widget-goodpress-home-block-one:has-text(Annonsørinnhold)","44094":"tek.no#?#div.clearfix.col-full-width:has-text(kommersielle partner)","44817":"pengenytt.no#?#.textwidget:has-text(Annonse)","44891":"lystfiskerguiden.dk#?#.elementor-widget-wrap > .elementor-section:has-text(REKLAMER)","46205":"utrop.no#?#.td-pb-span4:has-text(ANNONSØRINNHOLD)","48813":"ni.dk#?#.color-scheme-1:has-text(/^.*Cas\\ino.*$/i) + div","50487":"tek.no#?#article > div:has-text(/^an{2}onse$/)","58222":"tek.no#?#main > div > div:has-text(kommersielle partner)","58998":"pengenytt.no#?#.widget-title:has-text(Annonser)","62663":"tek.no#?#section:has(> div > div:has-text(/^an{2}onse$/))","63075":"padleguide.dk#?#h2:has-text(/^.*cas\\ino.*$/i)","63651":"retrospilling.no#?#.widget:has-text(Reklame)","64340":"ipmsnorge.org#?#.col-md-3 .block:has-text(ponsor)","75549":"itavisen.no##p:has-text(/^Annonse$/i):has(+ h3 > a[data-lasso-id])","77309":"padleguide.dk,polarmedia.dk,iphoneluppen.dk,anettelyskjaer.dk,dreampapers.dk,nemsvar.nu,cuben-linedance.dk#?#p:has-text(/^.*cas\\ino.*$/i)","77448":"dagbladet.no,www-dagbladet-no.translate.goog,elbil24.no,kk.no,seher.no,sol.no,sol-no.translate.goog,vi.no#?#[data-cy=video-page-horisontal] > div:has-text(Annonse)","78653":"iphoneluppen.dk,anettelyskjaer.dk,dreampapers.dk,nemsvar.nu#?#h2:has(+ p:has-text(/^.*cas\\ino.*$/i))","119419":"icelandreview.com,bir.no,medier24.no,knr.gl,nutiminn.is#?#p:has-text(/^\\xA0$/)","119943":"yrkesbil.no#?#td:has-text(/^\\xA0$/):not(:has-text(/^.*\\s.*$/)):not(:has(img))","120022":"yrkesbil.no#?#tr:has-text(/^\\xA0$/):not(:has-text(/^.*\\s.*$/)):not(:has(img))","120143":"check-in.dk#?#p:has-text(/^\\xA0$/):not(:has-text(/^.*\\s.*$/)):not(:has(img))","133007":"nettavisen.no,www-nettavisen-no.translate.goog#?#.front optimus-element:has-text(Eurojackpot)","133252":"nettavisen.no,www-nettavisen-no.translate.goog#?#article[data-lp-section=sportspill]:has(.slotHeader):has-text(/^.*lot{2}o.*$/i)","135401":"politainment.no#?#.widget:has-text(Annonse)","140090":"thelocal.no,thelocal.dk#?#div > .section:has(> div[class*=-label]:has-text(Sponsored))"}