{"83785":"inilah.com##.MuiStack-root:has(> span:has-text(/adv/i))","83843":"orami.co.id##.article-post #post-bottom:has(> p.text-center:has-text(/adv/i))","83923":"orami.co.id##.article-post #post-section2:has(> p.text-center:has-text(/adv/i))","84005":"orami.co.id##.article-post #post-top:has(> p.text-center:has-text(/adv/i))","85493":"besttangsel.com##.home .cb-module-block:has(> .cb-module-title:has-text(/iklan/i))","89996":"bisnisbanten.com##[class^=\"stream-item\"]:has(> span:has-text(/adv/i))","90322":"bloktuban.com##a:has(span:has-text(/iklan/i))","90931":"dardura.com##article #body-post-it > center:has-text(/adv/i)","91164":"cobisnis.com##body > div:matches-css(position: fixed):has(a > img)","91372":"koranpagionline.com##figure:has(> figcaption:has-text(/adv/i))","91507":"beritahukum.com##table:has(> tbody > tr > td.styleisikanan:has-text(/ads/i))","92180":"citizen.co.id##div:matches-css(width: 728px):matches-css(height: 90px)","102268":"jawaraspeed.com###openModal:has-text(/ads/i)","102392":"belajarmandiriyuk.com##.entry-content > div:matches-css(text-align: center):has(> p:has-text(/adv/i))","102496":"iglobalnews.co.id##.entry-content > div[class^=\"iglob-\"]:has(> div[class^=\"iglob-\"]:has-text(/adv/i))","102914":"candilkuya.com##.link-btn:has-text(/iklan/i)","103008":"s.id##.main-dashboard .w-full:has(> .right-1:has-text(/ads/i))","103136":"jobskarir.id##.tutup-iklan:upward(1)","103221":"siberkota.com##.wpb_single_image:has(> h3:has-text(Advertising))","103587":"pertamax7.com##a[target=\"_blank\"] div:matches-css(position: fixed)","104018":"ngopibareng.id##div:has(> p:has-text(/adv/i))","104066":"humaniora.id##figure:has(> a):has-text(/adv/i)","112663":"nusabali.com##.widget:has(h2:has-text(/iklan/i))","112763":"infoberita.id,meduonline.co.id##.widget:has-text(/adv/i)","112822":"annews.co.id##.widget:has-text(/sponsor/i)","130501":"beritacyber.com,dutaserviceac.com##.widget .a-wrap:has-text(/ads/i)","130571":"kompiajaib.com##.widget-wrapper .link-btn:has-text(/iklan/i)","130634":"jurnalkepri.com,prokepri.com##.widget:has-text(/adv/i)","130691":"mediawawasan.com,radarnews.id,suarakonsumenindonesia.com,timor-media.com##.widget:has-text(/iklan/i)","130794":"nawacita.co##aside .adsbygoogle:upward(.textwidget)","130848":"dutaserviceac.com##aside .widget:has(.label:has-text(/adv/i))","130912":"bangkitmedia.com##aside p:matches-css(text-align: center):has(> a > img)","131027":"gardapapua.com##aside:has-text(/adv/i)","131326":"timesindonesia.co.id###news_content > p:has-text(/adv/i)","131482":"dutaimigrasi.com,greenscene.co.id,itnesia.com,tipkerja.com,utekno.com##.adsbygoogle:upward(.code-block)","131588":"teknologital.com##.adsbygoogle:upward(.header_media_inner)","131649":"kontenjatim.com##.article-post .adsbygoogle:upward(.text-center)","132233":"hapusakun.com,iuwashplus.or.id##.code-block:has-text(/adv/i)","132513":"buruhtinta.co.id,redaksi.co.id##.entry-content .adsbygoogle:upward(center)","132590":"ayobelajarasuransi.id##.entry-content > .aligncenter:has-text(/iklan/i)","132664":"opikini.com##.entry-content div > :has-text(/adv/i)","132920":"travelingyuk.com##.main-article > div:has-text(/adv/i)","132977":"today.line.me##.midAdModule-root:has-text(/iklan/i)","133320":"chordtela.com##.post > div:matches-css(text-align: center):not(.entry-content)","133470":"inilahkoran.id##.post-content .adsbygoogle:upward(section)","133647":"safahad.my.id##.post-content > div:matches-css(text-align: center):has-text(/scroll/i)","133790":"kontras.co.id##.single-article-text > div:matches-css(text-align: center):has(> .kontr-adlabel)","133888":"garudadaily.com##.wpb_row .wpb_column > .wpb_wrapper:has(.terbaru:has-text(/adv/i))","134011":"kumparan.com##[data-qa-id*=\"mobile-article-page-\"]:has-text(/adv/i)","134081":"kumparan.com##[data-qa-id=\"desktop-article-page-below-images\"]:has(> div > span:has-text(/adv/i))","134181":"kumparan.com##[data-qa-id^=\"desktop-article-page-inline-\"]:has(> div > span:has-text(/adv/i))","134277":"genpi.co##[id^=\"div-gpt-ad-\"]:upward(.text-center)","134378":"temankreasi.com##a[href]:has(> center:has-text(/iklan/i))","134438":"bogordaily.net##article .code-block:matches-css(text-align: center):has(a[href] > img)","134636":"wowkeren.com##article div:matches-css(display: inline-block):has(> script)","134757":"uzone.id##body > .md\\:hidden:has(> div:has-text(/iklan/i))","135322":"pintartekno.id##div:has(> p:has-text(/adv/i) + .adsbygoogle)","135385":"samsungstarters.com##div:has(> small:has-text(/adv/i))","135442":"antaranews.com##div:matches-css(min-width:300px):has(> .adsbygoogle)","135513":"cosmopolitan.co.id,herworld.co.id,katadata.co.id##div:matches-css(text-align: center):has-text(/adv/i)","135618":"doktersehat.com##div:matches-css(text-align: center):has-text(/iklan/i)","135692":"hetanews.com##div[style^=\"position: relative;\"]:has(> div[style^=\"position: absolute;\"] > a:has-text(/iklan/i))","135963":"emka.web.id##p:has-text(/adv/i)","136063":"cubmu.com###bitmovin-player .aspect-video:has(> .relative:has-text(/tutup iklan/i))","136149":"cubmu.com##.w-full.h-\\[549px\\]:has(> span:has-text(/adv/i))","136372":"sehatq.com##div:has([id^=\"div-gpt-ad\"]) + p:has-text(/scroll untuk/i)","136444":"sehatq.com##div:matches-css(position:absolute):matches-css(top:0px):has([id^=\"div-gpt-ad\"]):upward(1)","140693":"suara.com##div:matches-css-before(content: /Adv/)","140811":"genpi.co##article [class^=\"_popIn_\"]:has-text(/adv/i)","140867":"marketeers.com##article [class^=\"bg-gray-\"]:has-text(/adv/i)","143289":"sekedus.com##body > .main-container > div:matches-css(position: fixed):has-text(/adblock/i)","143383":"sekedus.com##body > div:matches-css(position: fixed):has-text(/adblock/i)","146317":"||googletagmanager.com/gtm.js$script,redirect=googletagmanager-gtm,domain=orami.co.id","147624":"[$path=/artikel]cermati.com##a:matches-attr(href=\"/^https?:\\/\\/promo\\./\"):has(> picture)","148671":"yummy.co.id###IDN_SkinLeft:upward(1)","148710":"yummy.co.id###IDN_SkinRight:upward(1)","149375":"yummy.co.id##div:has(> button:has-text(/tutup/i)):has-text(/SCROLL UNTUK MELANJUTKAN MEMBACA/i)","149473":"yummy.co.id##div:matches-css(align-items: center):has-text(/adv/i)","152894":"kompas.id##div:matches-css(max-width: 320px):matches-css(max-height: 50px)","152971":"kompas.id##div:matches-css(max-width: 728px):matches-css(max-height: 90px)","153048":"bolasport.com,grid.id,gridoto.com,juara.net,kgnow.com,kompas.com,kompas.tv,motorplus-online.com,parapuan.co,tribunnews.com,tribunnewswiki.com##div:matches-css-before(content: /Adv/)","155521":"cnbcindonesia.com###balloon:matches-css(position: fixed)","155870":"cnbcindonesia.com##.detail-text > div:matches-css(margin: 24px -18px):has(> div:matches-css(background-size: 480px 600px):has(> [id^=\"div-gpt-ad-\"]))","156022":"detik.com##.detail__body-text div:matches-css(align-content: center):has(> .video > [id^=\"div-gpt-\"])","156161":"haibunda.com##.m-r1:matches-css(height: 625px)","156437":"haibunda.com##.pic_artikel_sisip_table:has-text(/banner/i)","156830":"detik.com##body > div:matches-css(min-height: 150px):has(> center > [id^=\"div-gpt-ad-\"])","156921":"cnbcindonesia.com##div:matches-css(background-size: 728px 90px)","156987":"cnbcindonesia.com##div:matches-css(background-size: 970px 250px)","157054":"cnbcindonesia.com##div:matches-css(background-size: 970px 50px)","157120":"cnbcindonesia.com##div:matches-css(position: sticky):has(div:matches-css(background-size: 300px 250px):has(> [id^=\"div-gpt-ad-\"]))","157253":"cnbcindonesia.com##div:matches-css(position: sticky):has(div:matches-css(background-size: 300px 250px):has(> [id^=\"div-gpt-ad-\"])):upward(div[style=\"width: 100%; height:600px;\"])","157434":"detik.com##div:matches-css(width: 300px):has(> [id^=\"div-gpt-ad-\"])","157504":"detik.com##div:matches-css(width: 970px):matches-css(height: 250px):has(center > [id^=\"div-gpt-ad-\"])","159056":"bola.net,kapanlagi.com##[id^=\"div-gpt-ad\"]:upward(.dfp-bframe-cont)","159587":"inibaru.id##.adsbyadop:upward([class*=\"bg-\"])","161529":"okezone.com##[id^=\"div-gpt-ad-\"]:upward(.center-paralax)","161588":"inews.id##div:matches-css(text-align: center):has([id*=\"-StickyAd\" i])","162083":"inews.id##div:matches-css(justify-content: center):matches-css(height: 298px):has(> div[id^=\"div-gpt-ad-\"])","162193":"inews.id##div:matches-css(justify-content: center):matches-css(height: 90px):has(> div[id^=\"div-gpt-ad-\"])","164597":"jemberterkini.id##.widget:has(> .normalwidget-title:has-text(/adv/i))","165032":"bandungterkini.id,banyuwangiterkini.id,batuterkini.id,idnhits.com,indonesiaterkini.id,jatengterkini.id,jatimterkini.id,jemberterkini.id,jogjaterkini.id,kediriterkini.id,lamonganterkini.id,madiunterkini.id,malangterkini.id,nganjukterkini.id,pacitanterkini.id,pewarta.co.id,republikindonesia.net,suaranasional.id,surabayaterkini.id,tajam.net##center:has(font:has-text(/adv/i))","166089":"beritasatu.com##div:matches-css(text-align: center):has-text(/adv/i)","168429":"republika.co.id##article > div:matches-css(text-align:center):has-text(/sponsored/i)","168631":"roboguru.ruangguru.com##[class^=\"css-\"]:has(> p:has-text(/iklan/i) )","169880":"cantika.com##.card:has(> .card-header:has-text(/iklan/i))","183300":"[$path=/id]acresdie7g9a6i.cfd,begravity96lkyc.cfd,beneathdrop5blm3.cfd,checknative1h68vf.cfd,chestacceptukwwfz.cfd,downfree8qu4ha.sbs,evenpropertyuvh6m.cfd,examinemanyle5cs.cfd,familiarcowboy6h3n4.cfd,fatherhopel6bex.shop,fctv77.cc,fctv77.com,fctv77.com.bd,fctv77.com.np,fctv77.live,fctv77.one,fctv77.xyz,foggotx9nllw.cfd,forthgivenvq45pp.cfd,goescrowdg4wa4.sbs,grownfuelftgkh0.cfd,guardmapbhutt9.cfd,guidepoet1zkmwy.cfd,happenedought1tzn2s.cfd,howfruitsizmx.cfd,individualfor3hhiah.cfd,joindesigna4pts.cfd,lookcolorj8haxzd.cfd,lovelydoingljb5lwv.cfd,neverboxyfsve.cfd,notbothr4elc2.cfd,officefutureocm0sq.cfd,outlineschooluy9o1l.cfd,rbsports77.com,rbsports77.com.bd,rbsports77.com.np,rbsports77.live,rbsports77.net,rbtv77.agency,rbtv77.app,rbtv77.asia,rbtv77.blog,rbtv77.cc,rbtv77.cloud,rbtv77.club,rbtv77.co.id,rbtv77.com,rbtv77.com.bd,rbtv77.com.np,rbtv77.digital,rbtv77.icu,rbtv77.in,rbtv77.link,rbtv77.live,rbtv77.me,rbtv77.mobi,rbtv77.one,rbtv77.org,rbtv77.pro,rbtv77.pw,rbtv77.site,rbtv77.space,rbtv77.store,rbtv77.us,rbtv77.vip,rbtv77.website,rbtv77.win,rbtv77.work,rbtv77.ws,rbtv77.xyz,selectaffect28ma1f.cfd,shakingfoota7okr5.cfd,singlevariousht1etk0.sbs,slopethrownj4cj4p.cfd,tongueroadjyxetf9.cfd,toypencill82qkh4.shop,twentycuttinguaans.cfd,wincanaldcocv1.cfd##.__layout-inside div:matches-css(position: fixed):has(> img)","184637":"[$path=/id]acresdie7g9a6i.cfd,begravity96lkyc.cfd,beneathdrop5blm3.cfd,checknative1h68vf.cfd,chestacceptukwwfz.cfd,downfree8qu4ha.sbs,evenpropertyuvh6m.cfd,examinemanyle5cs.cfd,familiarcowboy6h3n4.cfd,fatherhopel6bex.shop,fctv77.cc,fctv77.com,fctv77.com.bd,fctv77.com.np,fctv77.live,fctv77.one,fctv77.xyz,foggotx9nllw.cfd,forthgivenvq45pp.cfd,goescrowdg4wa4.sbs,grownfuelftgkh0.cfd,guardmapbhutt9.cfd,guidepoet1zkmwy.cfd,happenedought1tzn2s.cfd,howfruitsizmx.cfd,individualfor3hhiah.cfd,joindesigna4pts.cfd,lookcolorj8haxzd.cfd,lovelydoingljb5lwv.cfd,neverboxyfsve.cfd,notbothr4elc2.cfd,officefutureocm0sq.cfd,outlineschooluy9o1l.cfd,rbsports77.com,rbsports77.com.bd,rbsports77.com.np,rbsports77.live,rbsports77.net,rbtv77.agency,rbtv77.app,rbtv77.asia,rbtv77.blog,rbtv77.cc,rbtv77.cloud,rbtv77.club,rbtv77.co.id,rbtv77.com,rbtv77.com.bd,rbtv77.com.np,rbtv77.digital,rbtv77.icu,rbtv77.in,rbtv77.link,rbtv77.live,rbtv77.me,rbtv77.mobi,rbtv77.one,rbtv77.org,rbtv77.pro,rbtv77.pw,rbtv77.site,rbtv77.space,rbtv77.store,rbtv77.us,rbtv77.vip,rbtv77.website,rbtv77.win,rbtv77.work,rbtv77.ws,rbtv77.xyz,selectaffect28ma1f.cfd,shakingfoota7okr5.cfd,singlevariousht1etk0.sbs,slopethrownj4cj4p.cfd,tongueroadjyxetf9.cfd,toypencill82qkh4.shop,twentycuttinguaans.cfd,wincanaldcocv1.cfd##.iframe-wrapper > iframe + div:matches-css(position: absolute):has(> img)","185987":"[$path=/id]acresdie7g9a6i.cfd,begravity96lkyc.cfd,beneathdrop5blm3.cfd,checknative1h68vf.cfd,chestacceptukwwfz.cfd,downfree8qu4ha.sbs,evenpropertyuvh6m.cfd,examinemanyle5cs.cfd,familiarcowboy6h3n4.cfd,fatherhopel6bex.shop,fctv77.cc,fctv77.com,fctv77.com.bd,fctv77.com.np,fctv77.live,fctv77.one,fctv77.xyz,foggotx9nllw.cfd,forthgivenvq45pp.cfd,goescrowdg4wa4.sbs,grownfuelftgkh0.cfd,guardmapbhutt9.cfd,guidepoet1zkmwy.cfd,happenedought1tzn2s.cfd,howfruitsizmx.cfd,individualfor3hhiah.cfd,joindesigna4pts.cfd,lookcolorj8haxzd.cfd,lovelydoingljb5lwv.cfd,neverboxyfsve.cfd,notbothr4elc2.cfd,officefutureocm0sq.cfd,outlineschooluy9o1l.cfd,rbsports77.com,rbsports77.com.bd,rbsports77.com.np,rbsports77.live,rbsports77.net,rbtv77.agency,rbtv77.app,rbtv77.asia,rbtv77.blog,rbtv77.cc,rbtv77.cloud,rbtv77.club,rbtv77.co.id,rbtv77.com,rbtv77.com.bd,rbtv77.com.np,rbtv77.digital,rbtv77.icu,rbtv77.in,rbtv77.link,rbtv77.live,rbtv77.me,rbtv77.mobi,rbtv77.one,rbtv77.org,rbtv77.pro,rbtv77.pw,rbtv77.site,rbtv77.space,rbtv77.store,rbtv77.us,rbtv77.vip,rbtv77.website,rbtv77.win,rbtv77.work,rbtv77.ws,rbtv77.xyz,selectaffect28ma1f.cfd,shakingfoota7okr5.cfd,singlevariousht1etk0.sbs,slopethrownj4cj4p.cfd,tongueroadjyxetf9.cfd,toypencill82qkh4.shop,twentycuttinguaans.cfd,wincanaldcocv1.cfd##div:matches-css(position: relative):has(> img + div:matches-css(position: absolute))","193166":"kuyhaa.org##.bs-blog-post .code-block:has(> button:has-text(/download/i))","193242":"darmediatama.com##.entry-content > .code-block > button:has-text(/download/i)","193691":"kuyhaa.id##article #download-container button:has-text(/download/i)","193852":"gigapurbalinggaa.com##article .code-block > center:has(> button:has-text(/download/i))","193941":"kuyhaacracks.com##article > .code-block:has(> button:has-text(/unduh/i))","194016":"kuyhaa.id##article center:has(.button-container > button:has-text(/download/i))","197214":"mercon.id#$?#style:has-text(::selection) { remove: true; }","208912":"123moviesmy.site##body > div:matches-css(position: fixed):has(> div:matches-css(position: relative))","210638":"sokuja.uk##body > div:matches-css(position: fixed)","210691":"sokuja.uk##div:matches-css(position: fixed):has(> div > #countdown)","226224":"komiku.id##div:matches-css(text-align:center):has(> span:has-text(/iklan/i))","231963":"shinigami.ae,shinigami.app,shinigami.asia,shinigami.com,shinigami.com.bd,shinigami.com.np,shinigami.gg,shinigami.net,shinigami.org,shinigami.sh,shinigami.ws##.bg-base-card:has(> .flex > .inline > a:has-text(/ads@shinigami./i))","233005":"tempatwisata.pro##span:has-text(/adv/i)","234981":"jurnalistekno.id##div:matches-css(text-align: center):has(> a > img)","235201":"link2unlock.com##header > div:matches-css(text-align: center):has(> center > iframe)","249171":"buahmangga.com,dibalik.com,digoreng.com,dimakan.com,duduk123.com,forumsemut.com,masuk123.com,semprot.com##.js-post:has-text(Banned)","250254":"buahmangga.com,dibalik.com,digoreng.com,dimakan.com,duduk123.com,forumsemut.com,masuk123.com,semprot.com##.semprot_wizard:has-text(adblocker)","310766":"webbrowsertools.com##.card:has-text(/advertisement/i)","310822":"malaysiakini.com##.justify-center:has-text(/ads/i)"}