{"105621":"c-ute.doorblog.jp##div[class^=\"article-body\"] > div[class^=\"title\"]:has(> p:contains(Amazon))","472770":"eroangle.club##.article > h3.frontTitle:contains(お勧めサイト[PR])","504496":"geinoukame.com##.menu_title:contains(/スポンサードリンク|記事|【PR】/)","522153":"blog.livedoor.jp#?##left_wrapper > div.area01 > p[style=\"”font-size:5pt;\"] + center:has-text(スポンサードリンク)","532909":"trafficnews.jp#?##slider_list span.title-text:has-text(おすすめPR):upward(#slider_list)","608139":"viet-jo.com#?##irelated > div > ul > div.bds > div.bd_left1[name]:has-text(PR):upward(4)"}