{"146543":"jornaldocentro.pt##div[data-element_type=\"container\"] > div.elementor-element:has(> .elementor-widget-container:contains(pub))","146672":"jornaldocentro.pt##.e-con-inner > div.elementor-element:has(> .elementor-widget-container:contains(pub))","155015":"noticiasaominuto.com##.mb-8 > div:has(> h3:contains(Recomendados para si))","158775":"estrenosdivx.net##.noticia:has(> div.card-body > p:contains(Promociones))","160171":"cmjornal.pt#$#.pub { remove: true; }","161011":"lance.com.br##div[class=\"w-full mx-auto my-\\[60px\\]\"]:contains(Suplemento baratinho)"}