{"20166":"csfd.cz#?#.widget-group-2 li:-abp-has(div.ad-pmg)","20212":"csfd.cz#?#.ct-related:-abp-contains(/^\\s+Reklama/)","20259":"doktorka.cz#?#.block-imageblock:-abp-contains(Reklama)","20310":"dotekomanie.cz#?#div.box:-abp-contains(/^reklama/i)","20358":"enigmaplus.cz,epochaplus.cz#?#.text-center:-abp-has(>span:-abp-contains(reklama))","20431":"enigmaplus.cz,epochaplus.cz#?#div:-abp-has(>a[class^=\"glightbox\"])","20494":"enigmaplus.cz,epochaplus.cz#?#span:-abp-contains(reklama)","20548":"konzolista.cz#?#.v-card--link:-abp-has(.ad)","20588":"lupa.cz,root.cz#?#div.article--content:-abp-has(div.design-advert)","20651":"motorkari.cz#?#div:-abp-has(> a[href*=\"?act=detail&f=8\"])","20705":"msmt.cz#?#.bcc:-abp-has(.banners)","20735":"slovnik.aktuality.sk#?#.desktop-wrapper:-abp-has([id^=\"div-gpt-ad\"])","20800":"sports24.cz#?#.tdc-row:not(:-abp-has(>.tdc-element-style))","20855":"vtn-vranov.sk#?#.widget:-abp-has(img[src*=\"/ads/\"])","20903":"www.seznam.cz#?#div.dragging-enabled:-abp-has(div.gadget--reklama)","21451":"enigmaplus.cz,epochaplus.cz##img[src^=\"/upload/data/\"]:upward(3)","21518":"enigmaplus.cz##img[src*=\"/img/atlas\"]:upward(3)","21568":"epochaplus.cz##img[alt=\"casopis\"]:upward(3)","22038":"indian-tv.cz,nerdfix.cz##a:matches-css(background-image: /url/):matches-css(position: fixed):upward(1)","24821":"vranovske.sk#$?#style:has-text(::selection) { remove: true; }"}