{"19309":"24jgora.pl,24wroclaw.pl,babice24.pl,bbfan.pl,bp24.pl,brodnica-cbr.pl,ciechanowinaczej.pl,ddb24.pl,debica24.eu,dobroni.pl,e-kg.pl,e-wyszogrod.pl,egarwolin.pl,egorzow.pl,ekspresjaroslawski.pl,eprzasnysz.pl,e-sochaczew.pl,ewysmaz.pl,fakty.bialystok.pl,galopuje.pl,golub-cgd.pl,goral.info.pl,gpr24.pl,ibialoleka.pl,ibielsk.pl,ikampinos.pl,imokotow.pl,inowroclaw.info,inowroclaw.info.pl,iochota.pl,iotwock.info,ipragapoludnie.pl,iskierniewice.pl,itvpiaseczno.pl,izabelin24.pl,izoliborz.pl,izyrardow.pl,jaworzno.biz,kartuzy.info,konecki24.pl,koscierski.info,kurierbytowski.com.pl,kurierpodlaski.pl,lipno-cli.pl,lowicz24.eu,mylomza.pl,nolesnica.pl,nowawrzesnia.pl,nowinynyskie.com.pl,nswiecie.pl,nwloclawek.pl,olawa24.pl,ototorun.pl,pilaonline.pl,plonszczak.pl,poluje.pl,profitnes.pl,pulsgdanska.pl,pultusk24.pl,radomszczanska.pl,regionalna24.pl,rypin-cry.pl,sejny.net,skarzyski.eu,starachowicki.eu,sucha24.pl,szczecinek.com,szydlowiecki.eu,tp.com.pl,tudeblin.pl,tugrodzisk.pl,tulegnica.pl,turyki.pl,twojradom.pl,twojzwolen.pl,wabrzezno-cwa.pl,wabrzezno.pl,wiadomosciwedkarskie.com.pl,wideoportal.tv,wio.waw.pl,wterenie.pl,wyszogrod.pl,zambrow.org,zlotowskie.pl,zycie.pila.pl,zyciekalisza.pl#?#[class=\"grid__col grid__col--1\"]:-abp-has(>.adv)","21206":"zlotowskie.pl#?#[class=\"card  card--box\"]:not(:-abp-has([href*=\"/ligi/\"]))","26862":"7dnigryfina.pl,dgoleniowski.pl,dzienniknowogardzki.pl,dziennikstargardzki.pl#?#.wp-block-image:-abp-has(figure > [target=\"_blank\"]:not([href*=\"/dn-wzp\"]) + hr) + hr","27023":"7dnigryfina.pl,dgoleniowski.pl,dzienniknowogardzki.pl,dziennikstargardzki.pl#?#.wp-block-image:-abp-has([href*=\"/a896x480\"], [src*=\"/a896x480\"]) + hr","27169":"7dnigryfina.pl,dgoleniowski.pl,dzienniknowogardzki.pl,dziennikstargardzki.pl#?#.wp-block-image:-abp-has([href*=\"/zdjecie2\"], [src*=\"/zdjecie2\"]) + hr","27315":"7dnigryfina.pl,dgoleniowski.pl,dzienniknowogardzki.pl,dziennikstargardzki.pl#?#.wp-block-image:-abp-has([href*=\"/DEMOKRcja\"], [src*=\"/DEMOKRcja\"]) + hr","27463":"7dnigryfina.pl,dgoleniowski.pl,dzienniknowogardzki.pl,dziennikstargardzki.pl#?#.wp-block-image:-abp-has([href*=\"/1440x1152\"], [src*=\"/1440x1152\"]) + hr","27611":"7dnigryfina.pl,dgoleniowski.pl,dzienniknowogardzki.pl,dziennikstargardzki.pl#?#.wp-block-image:-abp-has([href*=\"/JARMARK-pomzach\"], [src*=\"/JARMARK-pomzach\"]) + hr","27771":"7dnigryfina.pl,dgoleniowski.pl,dzienniknowogardzki.pl,dziennikstargardzki.pl#?#.wp-block-image:-abp-has([href*=\"/pz_1920x1080a-WWW\"], [src*=\"/pz_1920x1080a-WWW\"]) + hr","27935":"7dnigryfina.pl,dgoleniowski.pl,dzienniknowogardzki.pl,dziennikstargardzki.pl#?#.wp-block-image:-abp-has([href*=\"/spolecznik-zajawka\"], [src*=\"/spolecznik-zajawka\"]) + hr","28101":"7dnigryfina.pl,dgoleniowski.pl,dzienniknowogardzki.pl,dziennikstargardzki.pl#?#.wp-block-image:-abp-has([href*=\"/Oferta-do-gazety-Gol\"], [src*=\"/Oferta-do-gazety-Gol\"]) + hr","28271":"7dnigryfina.pl,dgoleniowski.pl,dzienniknowogardzki.pl,dziennikstargardzki.pl#?#.wp-block-image:-abp-has([src*=\"/zdjecie-na-www-i-jednoczesnie-zajawka-obrazowa-na-stronie-glownej\"]) + hr","28453":"7dnigryfina.pl,dgoleniowski.pl,dzienniknowogardzki.pl,dziennikstargardzki.pl#?#.wp-block-image:-abp-has([href*=\"/zdjecie-na-www-i-jednoczesnie-zajawka-obrazowa-na-stronie-glownej\"]) + hr","28636":"7dnigryfina.pl,dgoleniowski.pl,dzienniknowogardzki.pl,dziennikstargardzki.pl#?#.wp-block-image:-abp-has([title^=\"„Z Credit Agricole mniej plastiku na twoim koncie”\"]) + hr","32406":"antyfake.pl,biznesinfo.pl,domekiogrodek.pl,goniec.pl,kobieta.swiatgwiazd.pl,lelum.pl,pacjenci.pl,portalparentingowy.pl,rolnikinfo.pl,rozrywka.goniec.pl,rozrywka.lelum.pl,smakosze.pl,sport.goniec.pl,swiatgwiazd.pl,swiatzwierzat.pl,tech.biznesinfo.pl,turysci.pl,wiadomosci.goniec.pl#?#.w-full > .items-center[style*=\"min-height:\"]:-abp-has(> .ad-placeholder)","35756":"badaniaprenatalne.pl#?#.part-sidebar > .widget:-abp-contains(REKLAMA)","36178":"bankier.pl#?#.boxContent > ul > li[class^=\"item-\"]:-abp-has(.premium-link)","38131":"bezuzyteczna.pl#?#section:-abp-has(script + div[id^=\"crt\"][style])","38569":"bielskirynek.pl#?#.sppb-addon-content > .sppb-addon-title:-abp-contains(reklama)","39137":"bielsko.info,czecho.pl,pless.pl,tychy.info#?#body > .page > main > .small.pasek-gray:-abp-contains(Reklama)","43375":"bolec.info#?#.bbbb > div > div > div:-abp-contains(reklama)","43431":"bolec.info#?#.bbbb:-abp-has([data-original*=\"/pictures/informacje/\"])","43497":"bolec.info#?#.bottom:nth-of-type(20) > .bbbb:-abp-contains(reklama)","43561":"bolec.info#?#.bottom:nth-of-type(n+5):nth-of-type(-n+6) > .bbbb:-abp-contains(reklama)","44182":"booklips.pl#?#.widget_custom_html:-abp-contains(Patron)","44393":"braclowiecka.pl#?##sidebar > div.widget > h3:-abp-contains(Reklama)","45330":"budnet.pl#?#tr:-abp-has(.post_adv)","49835":"chomikuj.pl#?##InboxTable > tbody > tr:-abp-has(> td > .spons)","54193":"crafted.pl#?#.ipsComment.ipsBox.cPost:-abp-has(.cAuthorPane_info > li:-abp-contains(/^Reklama$/))","55894":"cypr24.eu#?#.elementor-widget-wrap:-abp-has(h6:-abp-contains(REKLAMA))","56061":"czasciechanowa.pl#?#.et_pb_module:-abp-has(> .et_pb_code_inner:-abp-contains(Reklama))","56186":"czaskultury.pl#?#div.row > .col-md-12 > .line-header > span:-abp-contains(Reklama)","57817":"dbpolska.net#?#.conntent > center:-abp-contains(Reklama)","59517":"defence24.pl,energetyka24.com,infosecurity24.pl#?#section.section:nth-of-type(-n+2):-abp-has(> div > .adv)","59620":"defence24.pl,defence24.com#?#section.section:nth-of-type(-n+2):-abp-has(> div > div > .adv)","65590":"e-hotelarz.pl#?#.row > center, div.row > .col-md-4.col-sm-12 > .text-center, div.row > .col-md-4.col-sm-12 > div.pws-box-title:-abp-contains(Reklama)","67077":"ebarlinek.pl#?#.col-md-4 > div.margin-bottom-sm.margin-top-sm > div:-abp-contains(Reklama)","67164":"ebarlinek.pl#?#.margin-bottom-xs.margin-top-xs > div:-abp-contains(Reklama)","67236":"ebarlinek.pl#?#.margin-bottom-md.margin-top-md > div:-abp-contains(R EK L A M A)","71099":"elektroda.pl#?#.topic-lists > li[id] > .topic-box > .position-relative:-abp-has(> .sec-b > div > ins.adsbygoogle)","71209":"elektroda.pl#?#.topic-lists > li[id] > .topic-box > .position-relative:-abp-has(> .sec-b > div[id^=\"div-gpt-ad\"])","71319":"elektroda.pl#?#a.button_open[href=\"/rtvforum/companyabout.php\"]:-abp-contains(Zamieść Reklamę)","71410":"elektroda.pl#?#.the-post-list > ul > li[class^=\"clearfix \"]:-abp-has(:scope > a[href][target=\"_blank\"][onclick*=\"'Banner\"])","71637":"elektroda.pl#?#.the-list > li[class^=\"clearfix \"]:-abp-has(:scope > a[href][target=\"_blank\"][onclick*=\"'Navibox', 'Click', '\"])","71761":"elektroda.pl#?#.the-content > div[class] > div:-abp-has(:scope >form[action^=\"https://www.tme.eu/pl/katalog/\"][target=\"_blank\"])","71886":"elektroda.pl#?#.the-content > div[class] > div:-abp-has(:scope >a[href^=\"http://www.biall.com.pl/sklep.html\"][target=\"_blank\"])","72010":"elektroda.pl#?#.the-content > div[class] > div:-abp-has(:scope >a[href][target=\"_blank\"][onclick*=\"'Patron', 'Click Button'\"])","72133":"elektroda.pl#?#.ad-resize.container > div[id][style^=\"min-width: \"]:-abp-has( > .text-center > [id^=\"div-gpt-ad-\"])","72245":"elektroda.pl#?#[class*=\"col-\"][style^=\"min-height:\"]:-abp-has(div[id^=\"div-gpt-ad-\"], .text-center)","74744":"epainfo.pl#?#.block-title > span:-abp-contains(/R(EKLAMA|eklama)/)","76616":"esporter.pl,interia.pl,pomponik.pl,styl.pl#?#div[style*=\"sticky\"]:-abp-has(a[target=\"_blank\"][onclick*=\"'polsat'\"])","78294":"expresskaszubski.pl#?#.title > span:-abp-contains(REKLAMA)","78394":"express-miejski.pl,emka.news#?#div[class] > .small:-abp-contains(REKLAMA)","81669":"flarrow.pl#?#.td_block_wrap:-abp-has(.td-pulldown-size:-abp-contains(Reklama))","85396":"forum.pasja-informatyki.pl#?#.qa-widget-side:-abp-has(.adsbygoogle)","85460":"forum.pasja-informatyki.pl#?#div[style^=\"width:728\"]:-abp-has(> a[target=\"_blank\"] > img)","87940":"gazeta-mlawska.pl#?#div.clear.box_tekstowy_mainpage > h3:-abp-contains(Reklama)","88852":"gazetabilgoraj.pl#?#.vc_row-has-fill.vc_row-fluid.wpb_row.vc_row.row:-abp-has(img[width=\"350\"][height=\"250\"][src*=\"-350x250.\"])","92829":"gismeteo.pl#?#.layout > div.side > div.side__i:-abp-has(> div > div.ad)","92897":"gismeteo.pl#?#.column-wrap > div[class^=\"wrap_small __frame\"] > div.media_frame:-abp-has(> .media_content > .adsbygoogle)","93543":"glogow-info.pl,glogow.info.pl#?#.contentpaneopen:-abp-contains(Reklama)","93611":"glogow-info.pl,glogow.info.pl#?#.module:-abp-contains(Reklama)","94341":"gloszabrza24.pl#?#div.moduletable:-abp-contains(REKLAMA)","97027":"gorzow.news#?#p.tdm-descr:-abp-contains(― reklama ―)","98989":"grodzisknews.pl#?#.rek_wew:not(:-abp-has(>.center))","100776":"gtaforum.pl#?#center:-abp-has(> .adsbygoogle)","101681":"halogorlice.info#?#.sppb-addon-title:-abp-contains(reklama)","101737":"halogorlice.info#?#p:-abp-contains(reklama)","108953":"interia.pl,pomponik.pl,styl.pl#?#div[style*=\"sticky\"]:-abp-has(> .boxHeader ~ a[href][target=\"_blank\"][onclick*=\"'polsat'\"])","117221":"katowice24.info#?#.inner:-abp-contains(/reklama/i)","119219":"komputerowapasja.pl#?#.et_pb_section_6:-abp-contains(Reklamy Google)","119284":"komputerowapasja.pl#?#.et_pb_text_8:-abp-contains(Twoja reklama)","120390":"korsokolbuszowskie.pl#?#div.widget.row > .widget-custom.text-center:-abp-has(> div:-abp-contains(/Reklama/i))","122131":"kreskowki.tv#?#div.panel-default.panel:nth-of-type(2):-abp-has(script[src^=\"//adsearch.adkontekst.pl\"])","127365":"lebork24.info#?#span:-abp-contains(reklama)","130279":"lokalna.info#?#.td_block_single_image:-abp-has(>[style*=\"scaled\"])","134402":"lwowek24.pl#?#.elementor-widget-wrap.elementor-element-populated:-abp-has(>div>div>center)","136316":"matematyka.pisz.pl#?##obrazekOpis > div[style^=\"width:\"][style*=\"height:\"]:not([class]):not([id]):-abp-has(> div[style] > .adsbygoogle)","136448":"matematyka.pisz.pl#?##poprawejTekst > div[style^=\"width:\"][style*=\"height:\"]:not([class]):not([id]):-abp-has(> .adsbygoogle)","138017":"mecze24.pl#?#div[class^=\"m\"].module > div:-abp-contains(REKLAMA)","138515":"meczewinternecie.pl#?#figcaption:-abp-contains(STS kod promocyjny)","140236":"menworld.pl#?#h4.top-widget-title:-abp-contains(Reklama)","142864":"milmag.pl#?#div.home-intro__grid-tile:-abp-has(> .ad)","143404":"milanos.pl#?#.post:-abp-contains(reklama)","144118":"mlawa.fora.pl#?#table.forumline > tbody > tr:-abp-has(a[href^=\"http://www.mlawa.fora.pl/reklama\"])","145369":"mobileclick.pl#?#[id^=\"text-\"]:-abp-has(.widget-title:-abp-contains(Reklama))","145438":"mobileclick.pl#?#.post > .entry-content > h4:-abp-contains(Reklama)","146028":"moj.tauron.pl#?#div.ebok-pop-up:-abp-has([title^=\"Zyskaj dotację do 4000\" i][title*=\"fotowolt\" i])","151197":"naekranie.pl#?#body > div[class][style*=\"position: fixed\"]:-abp-has(.yt-player, video)","152795":"naszamlawa.pl#?#.td-pulldown-size:-abp-contains(R E K L A M A)","153825":"naszemiasto.pl#?#.componentsArticleContent hr:-abp-has(~ h3 > a[href*=\"ceneo.pl\"])","153904":"naszemiasto.pl#?#.componentsArticleContent hr:-abp-has(~ p strong:-abp-contains(doskonałe))","153987":"naszemiasto.pl#?#.componentsArticleContent hr ~ p:-abp-has(strong:-abp-contains(doskonałe))","154070":"naszemiasto.pl#?#.componentsArticleContent ul:-abp-has(a[href*=\"ceneo.pl\"])","154501":"naszraciborz.pl,naszwodzislaw.com#?#.grey:-abp-has(>.site_ad)","156036":"nhl.pl#?#.ipbtable:-abp-has(div[align=\"center\"] > script[src^=\"//nhlpl.engine.adglare.org\"])","156593":"niebezpiecznik.pl#?#div[style=\"width:300px;float:left;\"] ~ p:first-of-type:-abp-contains(/^$/)","159436":"nowy-sacz.info#?##main > div:nth-child(2):-abp-contains(reklama)","160986":"oddslivesport.com#?#.tab-content div[class] > center > fieldset:-abp-has(> a[target=\"_blank\"])","162414":"oknonet.pl#?#.left-zobacz:-abp-has(a[href^=\"/openurl.php\"])","164655":"optyczne.pl#?#center:-abp-has(script)","164732":"originals24.pl#?#table > tbody > tr > td > font:-abp-contains(Reklama)","166411":"payu.com#?#.status > .main > p:-abp-has(+ a[href^=\"https://ad.doubleclick.net/\"])","170216":"poczta.interia.pl#?##wrapper > .maximized-wrapper:-abp-has(.premium-account-promotion-new)","170303":"poczta.interia.pl#?##wrapper > .maximized-wrapper:-abp-has(.premium-account-promotion)","170414":"poczta.interia.pl#?#.border:-abp-has(+ .ad-box)","175941":"portal.librus.pl#?##synergiaLogin + div[class]:-abp-has(picture > source[srcset*=\"librus\"] ~ img[src*=\"librus\"])","176427":"portalplock.pl#?#h6:-abp-contains(Reklama)","180368":"profilki.pl#?#div.centering.tile:-abp-has(.adsbygoogle)","183760":"przyslijprzepis.pl#?#body > p:-abp-contains(REKLAMA)","196417":"rodzice.pl#?#[id^=\"text-\"]:-abp-has(.adsbygoogle)","201070":"sjp.pwn.pl#?#.col-wrapper > div:nth-of-type(1):-abp-has(> div:nth-of-type(2):-abp-contains(Sponsorowane))","201167":"sjp.pwn.pl#?#.col-wrapper > div:nth-of-type(12):-abp-has(> .banner)","206980":"spidersweb.pl#?#.sidebar-panel:-abp-has(center:only-child script:-abp-contains(googletag.cmd.push))","208952":"starosadeckie.info#?#.entry-content > p:-abp-contains(Reklama)","209831":"stoczniowcy.pl#?#a:-abp-has([src^=\"img/reklama_\"])","210038":"stooq.com#?##f13 > table:-abp-has(#f13 > a[href^=\"//stooq.com/ads/\"])","210104":"stooq.com#?##f13 > table:-abp-has(#f13 > b:-abp-contains(Artykuł Sponsorowany))","210175":"stooq.com#?#table:-abp-has(:scope > tbody > tr > td > #aswift_1_expand)","210399":"stooq.pl#?##f13 > table:-abp-has(#f13 > a[href^=\"//stooq.pl/ads/\"])","210463":"stooq.pl#?##f13 > table:-abp-has(#f13 > b:-abp-contains(Artykuł Sponsorowany))","210533":"stooq.pl#?#table:-abp-has(:scope > tbody > tr > td > #aswift_1_expand)","210973":"stooq.pl,stooq.com#?#table[border=\"0\"][cellpadding=\"0\"][cellspacing=\"0\"]:not([width]):-abp-has([id=\"ads_goog_1\"])","212538":"super-nowa.pl#?#.col-lg-12 > .row > .col-lg-9:-abp-contains(r e k l a m a)","212609":"super-nowa.pl#?#div.row > div.col-md-6:-abp-contains(reklama)","215229":"szczebrzeszyn.info#?#.u-text-grey-30:-abp-contains(/REKLAMA|CZYTAJ TAKŻE/)","219826":"telewizjazary.pl#?#.jeg_block_heading:-abp-has(>h3>span:-abp-contains(Reklama))","221644":"tkn24.pl#?#font:-abp-contains(REKLAMA)","231106":"tygodnik.szczytno.pl#?#p:-abp-contains(Reklama)","233230":"voltahorse.pl#?#th:-abp-contains(REKLAMA)","234981":"warzywapolowe.pl#?#.tdc-column[class*=\"4\"]:-abp-has(h4:-abp-contains(Zaprzyjaźnione strony))","237397":"wiadomoscihandlowe.pl,wiadomoscikosmetyczne.pl#?#div[class*=\"position_\"]:-abp-has(> div[id*=\"gpt-ad\"])","238402":"wielkahistoria.pl#?##custom_html-5:-abp-has(.adsbygoogle)","238610":"wiesci.info.pl#?#h4:-abp-contains(REKLAMA)","238649":"wiesci.com.pl#?#aside:-abp-has(> h4 > span:-abp-contains(REKLAMA))","241611":"wp.pl#?#[class^=\"_\"]:-abp-has(>img[src*=\".wp.pl\"])","242949":"wydarzenia.interia.pl,sport.interia.pl#?#div[class*=\" \"]:-abp-has( > [data-iwa-viewability-name] > .ad)","244099":"www.bankier.pl#?#li.m-home-link-list__item:-abp-contains(/reklama/)","250769":"www.se.pl#?#.article__placement:-abp-has(> div[class^=\"zpr_m_inside\"])","253633":"wylecz.to#?#.row div[class][style*=\"border-bottom:\"][style*=\"max-height:\"]:-abp-has(:scope > div[style]:-abp-contains(REKLAMA))","255295":"zomato.com#?#.ad-banner-text:-abp-contains(Ad)","256978":"zegocina.in#?#.wpb_wrapper .td_block_template_1:-abp-contains(Reklama)","258842":"zwa24.pl#?#[class^=\"elementor-heading-title\"]:-abp-contains(Reklama)","301198":"wykop.pl#?#div.r-block:-abp-has(:scope > .baner-mobile)","301250":"wykop.pl#?#div.r-block:-abp-has(:scope > [id^=bmone2n-])","301506":"wykop.pl#?#li.link:-abp-has(.adsbygoogle)","301544":"wykop.pl#?#li.link:-abp-has(a[href*='wykop.pl/market'])","301596":"wykop.pl#?#li.link:-abp-has(a[href*='wykop.pl/paylink'])","301649":"wykop.pl#?#li.link:-abp-has(a[href*='wykop.pl/reklama'])","301731":"wykop.pl#?#.r-block:-abp-has(a[href*=\"wykop.pl/tracker\"])","312125":"kuchnia.wp.pl#?#body > div:-abp-has( > div > a[href])","312365":"o2.pl#?#div[class][style=\"width:100%\"] > div[class*=\" \"]:-abp-has(:scope > img[role=\"presentation\"]:not([src]))","312985":"pogoda.wp.pl#?#.narrow.grid-right > div:nth-of-type(1):-abp-has(div:empty)","313056":"pogoda.wp.pl#?#.desktop > div[class*=\" \"]:-abp-has(div)","313443":"ranking.abczdrowie.pl#?#div[class]:-abp-has(>div>iframe)","314420":"autocentrum.pl,autokult.pl,dobreprogramy.pl,fotoblogia.pl,gadzetomania.pl,genialne.pl,komorkomania.pl,polygamia.pl,pysznosci.pl,tech.wp.pl#?#[role=\"listitem\"]:-abp-has(span:-abp-contains(REKLAMA))","314608":"dom.wp.pl,facet.wp.pl,film.wp.pl,finanse.wp.pl,gry.wp.pl,gwiazdy.wp.pl,kobieta.wp.pl,ksiazki.wp.pl,kuchnia.wp.pl,moto.wp.pl,opinie.wp.pl,tech.wp.pl,teleshow.wp.pl,turystyka.wp.pl,wawalove.wp.pl,wiadomosci.wp.pl,wroclaw.wp.pl#?#div[class*=\" \"]:-abp-has(>div[class]:first-child:empty+img[src*=\"://v.wpimg.pl/\"][alt]:empty)","315310":"fitness.wp.pl#?#div:-abp-has(>[src^=\"https://i.wpimg.pl/100x0/m.autokult.pl/\"])","315386":"fitness.wp.pl#?#.grid-item:-abp-has(>span:-abp-contains(REKLAMA))","315639":"parenting.pl#?#[class$=\"grid__box \"]:-abp-has(>div>span:-abp-contains(Reklama))","316757":"~www.wp.pl,wp.pl,sportowefakty.wp.pl#?#div[class*=\" \"]:-abp-has(>div[class*=\" \"] > [class^=\"__bc_layer\"])","317052":"tv.wp.pl#?#div[class*=\" \"][height]:-abp-has(> img[src^=\"https://v.wpimg.pl/\"][src$=\"==\"]:not([alt]))","317592":"wiadomosci.wp.pl#?#[role=\"listitem\"]:-abp-has(a + div:-abp-contains(REKLAMA))","318376":"www.wp.pl#?#div[class^=\"sc-\"]:-abp-has(> img[src=\"//v.wpimg.pl/LTc0NzY1JT1MBXgCbQRjPU1HPlQpXWM1TFlhCS1WYyQIVmEYPh88OgQ=/\"])","318496":"www.wp.pl#?#div[class*=\" \"]:-abp-has(> img[src$=\"/i.wp.pl/a/i/stg/pkf/bg.png\"])","318572":"www.wp.pl#?#div[class*=\" \"]:not([id],[style],[data-st-area],[data-section]):-abp-has(>script:-abp-contains(undefined,))","318683":"www.dobreprogramy.pl#?#article > .hint:-abp-has(a[href$=\"/Czyszczenie-systemu-z-niechcianego-oprogramowania,News,61336.html\"])","319279":"fitness.wp.pl#?#.article-wrapper.wizard-body > div:not([class*=\"-\"]):-abp-has(> img[src^=\"https://i.wpimg.pl/100x0/m.autokult.pl/\"])","319408":"wideo.wp.pl#?#header + div + style + div:-abp-has(>[src=\"https://std.wpcdn.pl/images/adv/placeholder_wp.svg\"])","319515":"wideo.wp.pl#?#header + style + div:-abp-has(>[src=\"https://std.wpcdn.pl/images/adv/placeholder_wp.svg\"])","321532":"money.pl#?#section + div:-abp-has(>style)","321570":"money.pl#?#[id=\"header\"] + div + div:-abp-has(>style)","321620":"money.pl#?##app > div[class^=\"sc-\"] > div[class]:not([class*=\" \"]):-abp-has(:scope > div[class*=\" \"]:only-child > img[src^=\"https://v.wpimg.pl/\"][src$=\"==\"][alt])","321779":"money.pl#?#div:-abp-has(>[src^=\"https://v.wpimg.pl/\"]:not([alt],[loading]))","322392":"www.money.pl#?#.article__content>div[class*=\" \"]:-abp-has(div>div>div:-abp-contains(REKLAMA))","322477":"www.money.pl#?#main > div:first-child:-abp-has(img[src^=\"https://v.wpimg.pl/\"][loading=\"lazy\"])","322569":"money.pl,pudelek.pl,wideo.wp.pl#?#[data-st-area=\"list-recommended4you-MainColumn\"] > div > div:-abp-contains(/REKLAMA/i)","322806":"money.pl,moneyv.wp.pl#?#div[class^=\"sc-\"]:-abp-has(> img[src=\"https://i.wpimg.pl/O/56x45/i.wp.pl/a/i/stg/pkf/bg.png\"])","322921":"money.pl,wp.pl#?#div[class]:-abp-has(>div[class]:first-child:-abp-contains(REKLAMA):not(:-abp-has(>*)))","326579":"bajeczki.org#?#div.site-content:-abp-has(> div[id^=\"videojs-remote\"])","328450":"ikrotoszyn.pl,ipleszew.pl,iostrowwlkp.pl,igostyn.pl#?#div.container > .row > div.col-md-12:-abp-has(> img[alt*=\"reklamy\"][title*=\"reklamy\"])","331048":"rydzyna24.pl#?#h2:-abp-contains(Reklama)","331776":"tapeciarnia.pl#?#.thumb td:-abp-contains(REKLAMA)","331822":"tapeciarnia.pl#?#td > div:-abp-contains(REKLAMA)","336511":"www.dobreprogramy.pl#?#div.collection:-abp-contains(Edycja wideo dla ambitnych)","342388":"stooq.com,stooq.pl##table[border=\"0\"][cellpadding=\"0\"][cellspacing=\"0\"]:not([width])[-ext-has='[id=\"ads_goog_1\"]']","342498":"stooq.com,stooq.pl##td[align=\"center\"] > [id]:contains(REKLAMA)","342897":"bankier.pl##.boxContent > ul > li[class^=\"item-\"][-ext-has=\".premium-link\"]","343417":"originals24.pl##table > tbody > tr > td > font:contains(Reklama)","345026":"www.dobreprogramy.pl##article[itemprop=\"review\"] > div[id]:matches-css-after(content: /przy|pomocy|Asystenta|pobierania/)","346424":"pogoda.wp.pl##.grid-right > div:matches-css(background-image: /data:image\\/png;base64,/)","346515":"pogoda.wp.pl##.grid-right > div > div:matches-css(background-image: /data:image\\/png;base64,/)","346612":"money.pl,moneyv.wp.pl###app > div[data-reactroot] > div[class]:matches-css(background-image: /v\\.wpimg\\.pl\\/MjAxOTA/)","346732":"www.money.pl###app > div > div:matches-css(background-image: /^url\\(\"https:\\/\\/v\\.wpimg\\.pl/)","347580":"stooq.pl,stooq.com##:xpath(//*[@align=\"center\"]/*[@id][contains(text(),\"REKLAMA\")])","352069":"pl##li > div[id*=\"taboola\"]:upward(li)","352136":"encyklopedia.pwn.pl##div[style*=\"font-size\"]:upward(div[class*=\"col\"])","352342":"filmy69.pl##li.videoblock script[src^=\"https://a.realsrv.com/\"]:upward(li)","352419":"filmy69.pl##li.videoblock iframe[id][src*=\"/www/delivery/\"]:upward(li)"}