{"12683":"18comic.org,18comic.vip,18-comic.work#@?#:-abp-has(>ins+script)","174214":"18comic.org,18comic.vip,jmcomic1.city,jmcomic1.win#@?#:-abp-has(>script[src*=\".realsrv.com\"])","174367":"ruanyifeng.com#@?#.asset-content > p:-abp-contains(/二维|助教|0 元|报名费|原价/) + p + p > img","174448":"ruanyifeng.com#@?#.asset-content > p:-abp-contains(/二维|助教|0 元|报名费|原价/) + p > img","416920":"appinn.com#?#.featured-section > .test:-abp-has(>.post-img>a[href^=\"http\"]:not([href*=\"appinn.\"]))","417991":"bing.com#?#.b_algo:-abp-has(.ad_esltitle)","418029":"bing.com#?#.b_algo:-abp-has(.b_ads1line)","418066":"bing.com#?#.sb_form_placeholder:-abp-has(>.ad-ghost-slug)","418138":"mydrivers.com#?#li:-abp-has(>.titl+:-abp-contains(好 物))","459197":"douyin.com#?##videoSideBar:-abp-has(div:-abp-contains(/商品|商家|退款|店铺/))","560030":"114la.com#?#.sortItem:-abp-has(> dIV[class] > .FeedADClose)","560086":"141jj.com#?#li:-abp-contains(/贊助|推廣/)","560120":"159i.com#?#.style15:-abp-has(> img[src=\"//159i.com/images/arrow3.gif\"])","560188":"159i.com#?#:-abp-has(> img[src*=\"gif\"])","560224":"159i.com#?#div:-abp-has(> img+a)","560253":"1point3acres.com#?#div[id^=\"portal_block\"]:-abp-has(a[href*=\"fiverr.com\"])","560324":"2345.com#?#.pic:-abp-has(a[href^=\"http://g.wan.\"])","560371":"3dmgame.com#?#.downl_list:-abp-has(style)","560409":"3g.baidu.com,m.baidu.com,m5.baidu.com,www.baidu.com#?#div:-abp-has(>.openBox-container)","560493":"3g.baidu.com,m.baidu.com,m5.baidu.com,www.baidu.com#?#div:-abp-has(>div[id$=\"_1\"]+div[id$=\"_5\"])","560586":"423down.com#?#.post-related > ul > li:-abp-has(> a[href^=\"http\"]:not([href*=\"423down.\"]))","560672":"423down.com#?#li:-abp-has(> .pic[href^=\"http\"]:not([href*=\"423down.\"]))","577134":"ablesci.com#?#.fly-panel:-abp-has(img[src*=\"-hongbao.\"])","577187":"amazon.cn#?#.s-result-item:-abp-has(> .s-item-container > h5 .s-sponsored-info-icon)","577355":"cn.bing.com#?##b_results > li:-abp-has(.b_adProvider)","577405":"baidu.com#?#.c-gap-bottom-small:-abp-has(>a>div>div[class^=\"jr-stock-open-account-\"])","577487":"baidu.com#?#.container:-abp-has(>.bottom-section>.item_voice_room[data-yysid])","577562":"baidu.com#?#.container_frs:-abp-has(>.voice_room_card_frs[data-url*=\"yylive\"])","577637":"baidu.com,bdimg.com,tieba.com#?#.l_post:-abp-has(div[class*=\" fc-\"])","577702":"baidu.com,bdimg.com,tieba.com#?#.thread_item_box:-abp-has(div[class*=\" fc-\"])","577776":"bdimg.com,tieba.baidu.com,tieba.com#?#.tl_shadow:-abp-has(> .ti_item > .ti_infos > .label_text_tag:-abp-contains(广告))","577885":"benyixiwang.com#?#p:-abp-has(a[href=\"http://www.sm9166.com\"])","577943":"bilibili.com#?#.eva-extension-body > .bili-video-card:-abp-has(.bili-video-card__info--ad)","578030":"bilibili.com#?#.video-card-common:-abp-has(>.card-pic>a[href*=\"cm.bilibili.com\"][data-target-url])","578125":"bilibili.com#?#.video-page-special-card-small:-abp-has(>.card-box>.info>a[href^=\"http\"]:not([href*=\".bilibili.com/\"]))","578240":"bing.com#?#li[class=\"b_algo\"]:-abp-has(.b_attribution[data-partnertag]+p[class])","579167":"btmulu.com#?#.item:-abp-has(> a[target=\"_blank\"])","579213":"cartoon18.com#?#.row:-abp-has(.badge:-abp-contains(ad))","579296":"chbeyond.cn#?#a:-abp-has(> .xcybk-adfg)","579332":"cnyes.com#?#.content-main > div:-abp-has(>div[id^=\"div-gpt-ad\"])","579393":"cnyes.com#?#article > div:-abp-has(>div[id^=\"div-gpt-ad\"])","579448":"copyfuture.com#?#.tabbable > div:-abp-contains(宝红)","579522":"czzy.top,czzy77.com#?#.swiper-slide:-abp-has(a[href^=\"http\"]:not([href*=\"czzy\"]))","579600":"6parknews.com#?##d_list > ul > li:-abp-has(a[href^=\"http\"]:not([href*=\"6parknews\"]))","600484":"douban.com#?#.rec_topics:-abp-has(>.rec_topics_name[href^=\"https://erebor.douban.\"])","600565":"doubiuser.github.io,doubibackup.com#?#.custom-html-widget:-abp-has(div[style^=\"position\"])","600652":"douyin.com#?#.xgplayer>div[class]:-abp-has(svg[height=\"16\"][width=\"30\"])","600721":"douyu.com#?#.SharePanel:-abp-has(> .SharePanel-content > .SharePanel-contentTitle:-abp-contains(福利))","600813":"douyu.com#?#.bc-wrapper:-abp-has(>.wm-view>div>.isLink[href*=\".qualtrics.com/\"])","600890":"douyu.com#?#.wm-general:-abp-has(.link[href*=\".tmall.com\"])","600995":"engadget.com#?#.Py\\(40px\\):-abp-has(> article > .D\\(f\\) > .Pos\\(r\\)[data-ylk*=\":AD;\"])","601078":"fishpi.cn#?#.module:-abp-has(>.ad)","601185":"guilinlife.com#?#li:-abp-has(> div > .content-other > .content-type:-abp-contains(广告))","601285":"hao.360.com#?#.cube-mod:-abp-has(.dh-cpcad-container)","601335":"hdhive.online#?#.mt-4:-abp-has(>.text-lg)","601373":"huya.com#?#.item-pic:-abp-has(>.img-tips)","601411":"ifeng.com#?#.box_list:-abp-has(.tuig)","601445":"ifeng.com#?#div[class^=\"titleImg-\"]:-abp-has(span[class^=\"source-\"]:-abp-contains(推广))","601584":"image.baidu.com#?#.newfcImgli:-abp-has(.fc-ad-tip)","601631":"image.so.com#?#.cell:-abp-has(.txt:-abp-contains(广告))","601676":"image.so.com#?#.imgcell:-abp-has(.txt:-abp-contains(广告))","603210":"iqshv.com#?#.post-list-item:-abp-has(.thumb-link[href^=\"http\"]:not([href*=\".iqshv.\"]))","603293":"itdog.cn#?#.card:-abp-has(.partner>a[href*=\".jimcloud.net\"])","603350":"ithome.com#?#.placeholder:-abp-has(> a > .plc-con > .plc-footer > .tip-gray)","603423":"ithome.com#?#li:-abp-has(>.block a[href*=\"/lapin.\"])","603472":"jianshu.com#?#div[id]:-abp-has(> .ad-badge)","603512":"jin10.com#?#.jin-timeline:-abp-has(.jin-tag)","603553":"kostool.cn#?#div:-abp-has(> h1:-abp-contains(推广))","603636":"ldqk.xyz,masuit.com#?#.panel:-abp-has(>.panel-body>a>img)","603690":"lenovo.com.cn#?#.imgNewText:-abp-has(>footer>.info>.source:-abp-contains(/广告/))","603761":"lenovo.com.cn#?#a:-abp-has(>div>p:-abp-contains(广告))","604328":"libaclub.com#?#.ui-list-item:-abp-has(>.ui-list-item-title>a[onclick^=\"SendAd\"])","604405":"lihkg.com#?#div[class^=\"_\"]:-abp-has(>div>div>.adsbygoogle)","604461":"linkedin.com#?#.core-rail > div > div[id^=\"ember\"]:-abp-has(.feed-shared-actor__description span:-abp-contains(/促銷內容|广告/))","604575":"linkedin.com#?#.core-rail > div > div[id^=\"ember\"]:-abp-has(.feed-shared-actor__sub-description span:-abp-contains(/促銷內容|广告/))","604693":"manhuadb.com#?#.comicbook-index:-abp-has(>a[href^=\"http\"])","604748":"moegirl.org.cn#?#.capsule-card:-abp-has(.n-tag)","604792":"mongoing.com#?#.widget_custom_html:-abp-has(> .custom-html-widget > a[href^=\"http\"]:not([href*=\"mongoing.com\"]))","604901":"mrmad.com.tw#?#div[id^=\"mrmad-\"]:-abp-has(>.adsbygoogle)","604954":"muchong.com#?#.forum_Post_index:-abp-has(nobr:-abp-contains(18))","605010":"mydowndown.com#?#.bs-component:-abp-has(>a[href*=\"97jez.com\"])","605069":"mydrivers.com#?#li:-abp-has(>.titl+:-abp-contains(/广*告/))","605118":"mydrivers.com#?#li:-abp-has(>.titl+:-abp-contains(/推*广/))","605167":"mydrivers.com#?#li:-abp-has(>.titl+:-abp-contains(好物))","605213":"news.baidu.com#?#.index-list-item:-abp-has(.tip-time:-abp-contains(广告))","605276":"news.sohu.com,www.sohu.com#?#.list16 > ul > li:-abp-contains(广告)","605337":"nfmovies.com#?#div[id]:-abp-has(>img[onclick=\"openurl()\"])","605392":"nfstar.net#?#.myui-panel-bg:-abp-has(strong:-abp-contains(广告))","605446":"novipnoad.com#?#.video-item:-abp-has(img[src*=\"/bd/\"])","606015":"isiyuan.net#?##page-list > ul > .layui-row:-abp-has(.ad)","606068":"zn513.cc#?##portal_block_69_content > li:-abp-has(a[href^=\"http\"])","606131":"ruanyifeng.com#?#.asset-content > p:-abp-contains(/二维|助教|0 元|报名费|原价/) + p + p > img","606211":"ruanyifeng.com#?#.asset-content > p:-abp-contains(/二维|助教|0 元|报名费|原价/) + p > img","606287":"runoob.com#?#.sidebar-box:-abp-has(.re-600160)","606330":"samsung.com#?#.template-item:-abp-has(> .wrap-sub-title > div > .ad)","606705":"sogou.com#?#div[class^=\"right-feedback\"]:-abp-has(>.list-step-title:-abp-contains(网游))","610226":"toutiao.com#?#.has_action:-abp-has(> .icon_ad)","610406":"v2ex.com#?#.box:-abp-has(>.inner>div>span[style]:-abp-contains(Sponsored))","610503":"wealth.com.tw#?#div[class]:-abp-has(>div[class]>div[class*=\"-ad-manager-\"])","610575":"weibo.com#?#.card-content > ul > li:-abp-has(> p > .icon-txt-recommend)","610643":"weibo.com#?#.card-content > ul > li:-abp-has(>a[action-type=\"realtimehot_ad\"])","610718":"weibo.com#?#.card-wrap:-abp-has(> .card-film > .card-head > .title:-abp-contains(广告))","610795":"weibo.com#?#.card-wrap:-abp-has(>.card-top>.s-fr:-abp-contains(广告))","610854":"weibo.com#?#.card-wrap:-abp-has(>.card>i[style*=\"%E5%B9%\"])","610910":"weibo.com#?#.vue-recycle-scroller__item-view:-abp-has(.wbpro-ad-tag:-abp-contains(广告))","610988":"weibo.com#?#.vue-recycle-scroller__item-view:-abp-has(div[class*=\"head-info_\"]>div:-abp-contains(热推))","611081":"weibo.com#?#.vue-recycle-scroller__item-view:-abp-has(div[class*=\"head-info_\"]>img[src^=\"data\"])","611174":"weibo.com#?#.vue-recycle-scroller__item-view:-abp-has(img[class^=\"head-info_authicon_\"][src^=\"data\"])","611272":"weibo.com#?#.vue-recycle-scroller__item-view:-abp-has(span[class^=\"wbpro-icon-search\"]:-abp-contains(/商|上新|好物/))","611376":"weibo.com#?#.wbpro-side-panel:-abp-has(span[class^=\"wbpro-icon-search\"]:-abp-contains(商))","611457":"weibo.com#?#tr:-abp-has(> .td-03 > .icon-txt-recommend)","611509":"wenxuecity.com#?#div:-abp-has(>label[class^=\"adlab\"])","611559":"wezhicms.com#?#.card-main:-abp-has(.waimai-item-img)","611608":"x6d.com#?#li:-abp-has(>.myad)","611634":"yahoo.com#?#.js-stream-content:-abp-has(a[href*=\".promotions.\"])","611695":"yahoo.com#?#.js-stream-content:-abp-has(div:-abp-contains(雅虎搜尋))","611751":"yahoo.com#?#.stream-item:-abp-has(>div>div>div>span:-abp-contains(即日熱搜))","611815":"yahoo.com#?#.wafer-beacon:-abp-has(a[data-ylk*=\":ad;\"])","611867":"ying35.com#?#table:-abp-has(a[href*=\"/fei-ad\"])","611911":"ypojie.com#?#.excerpt:-abp-has(>.focus[href^=\"http\"]:not([href*=\"ypojie\"]))","611983":"yyets.click#?#.MuiBadge-root:-abp-has(>a[href*=\"/maomao.cloud/\"])","612045":"zhihu.com#?#.TopstoryItem:-abp-has(.Popover > .TopstoryItem-advertButton)","645486":"18-comicfrieren.xyz,18comic.org,18comic.vip#?#:-abp-has(>ins+div)","645548":"18-comicfrieren.xyz,18comic.org,18comic.vip#?#:-abp-has(>ins+script)","645613":"18-comicfrieren.xyz,18comic.org,18comic.vip#?#:-abp-has(>ins+style)","645677":"18-comicfrieren.xyz,18comic.org,18comic.vip#?#:-abp-has(>script+ins)","645742":"18-comicfrieren.xyz,18comic.org,18comic.vip#?#:not(body):-abp-has(>script[src*=\".realsrv.com\"])","646516":"58.com#?#.ac_item:-abp-has(.jingpin)","646549":"58.com#?#.business_main:-abp-has(> .business_desc > .left > .ding_icon)","646617":"58.com#?#.zzinfo:-abp-has(.zhiding_icon)","646654":"58.com#?#LI[sortid]:-abp-has(.icon-jingxuan)","646695":"58.com#?#LI[sortid]:-abp-has(.icon-zhiding)","646735":"58.com#?#LI[sortid]:-abp-has(.jinico)","646769":"58.com#?#TR[logr]:-abp-has(> .t > .mt-p-tit > .jingpin)","646821":"58.com#?#tr[sortid]:-abp-has(> .t > .ico.accurate)","647522":"91porny.org,jstv600.com,x9av7.com#?#.card:-abp-has(>.card-image>a[href^=\"http\"])","648369":"ipv6.baidu.com,www.baidu.com,www1.baidu.com,xueshu.baidu.com#?##content_left > [class]:-abp-has(span[data-tuiguang])","648583":"ipv6.baidu.com,www.baidu.com,www1.baidu.com,xueshu.baidu.com#?##content_left > div:-abp-has(.ec-tuiguang)","648685":"ipv6.baidu.com,www.baidu.com,www1.baidu.com,xueshu.baidu.com#?##content_right > [class]:-abp-has(span[data-tuiguang])","648799":"ipv6.baidu.com,www.baidu.com,www1.baidu.com,xueshu.baidu.com#?##content_right > div:-abp-has(.ec-tuiguang)","648985":"ipv6.baidu.com,xueshu.baidu.com,www.baidu.com,www1.baidu.com#?#.c-container:-abp-has(.t > a[data-landurl])","675283":"boylov.xyz,boylove.cc,boyloves.fun#?#:-abp-has(>.adsbyexoclick)","677572":"ddooo.com#?#span:-abp-has(>p:-abp-contains(高速))","677611":"ddooo.com#?#ul:-abp-has(>dd:-abp-contains(高速))","695059":"rvlev.com,t66y.com#?#.tpc_content:-abp-has(>b:nth-child(n+40)>span>a[onmouseover=\"this.style.background='#DEF5CD';\"]:-abp-contains(91TV)) > :nth-child(-n+45)","695208":"rvlev.com,t66y.com#?#.tpc_content:-abp-has(>b:nth-child(n+50)>span>a[onmouseover=\"this.style.background='#DEF5CD';\"]:-abp-contains(91TV)) > :nth-child(-n+55)","695357":"rvlev.com,t66y.com#?#[class]:-abp-has(>a[onmouseover=\"this.style.background='#DEF5CD';\"]:nth-child(n+150):-abp-contains(/赌|娱|澳/)) > :nth-child(-n+155)","695499":"rvlev.com,t66y.com#?#[class]:-abp-has(>a[onmouseover=\"this.style.background='#DEF5CD';\"]:nth-child(n+160):-abp-contains(/赌|娱|澳/)) > :nth-child(-n+170)","695641":"rvlev.com,t66y.com#?#[class]:-abp-has(>a[onmouseover=\"this.style.background='#DEF5CD';\"]:nth-child(n+180):-abp-contains(/赌|娱|澳/)) > :nth-child(-n+188)","695783":"rvlev.com,t66y.com#?#[class]:-abp-has(>a[onmouseover=\"this.style.background='#DEF5CD';\"]:nth-child(n+190):-abp-contains(/赌|娱|澳/)) > :nth-child(-n+195)","696526":"69xx.one,69xx487.xyz,8mav.cc,av411.xyz,cable2055.cc,theav.xyz,thep178.com,theporn.cc,weav.xyz#?#[class]:-abp-has(>a>.q-responsive)"}