{"4740133":"||googletagmanager.com/gtm.js$third-party,script,redirect=googletagmanager-gtm,domain=~corsair.com|~olx.ae|~olx.ba|~olx.be|~olx.bg|~olx.ca|~olx.cc|~olx.co|~olx.co.id|~olx.co.il|~olx.co.in|~olx.co.ke|~olx.co.kr|~olx.co.nz|~olx.co.th|~olx.co.za|~olx.com|~olx.com.ar|~olx.com.au|~olx.com.bd|~olx.com.br|~olx.com.co|~olx.com.mx|~olx.com.ng|~olx.com.np|~olx.com.pe|~olx.com.pk|~olx.com.sg|~olx.com.tr|~olx.com.ua|~olx.com.uy|~olx.cz|~olx.de|~olx.eu|~olx.fr|~olx.ge|~olx.gr|~olx.hu|~olx.id|~olx.ie|~olx.in|~olx.io|~olx.kz|~olx.mobi|~olx.mx|~olx.net|~olx.org|~olx.pe|~olx.ph|~olx.pl|~olx.pt|~olx.ro|~olx.ru|~olx.ua|~olx.us|~olx.uz|~olx.vn|~olx.xyz|~simon.com|~bethesda.net|~paddle.com","5028617":"||sgtm.ipekyol.com.tr/gtm.js$script,redirect=googletagmanager-gtm","5028939":"||googletagmanager.com/gtag/js$script,redirect=googletagmanager-gtm,domain=ncsoft.jp","5030397":"||googletagmanager.com/gtag/js?id=$script,redirect=googletagmanager-gtm,domain=dvdmax.pl","5082919":"||googletagmanager.com/gtag/js$script,redirect=googletagmanager-gtm,domain=clujust.ro","5090493":"||googletagmanager.com/gtm.js$script,redirect=googletagmanager-gtm,important,domain=raaga.com","5090647":"||googletagmanager.com/gtag/js$script,redirect=googletagmanager-gtm,domain=weathernews.jp,important","5094932":"||googletagmanager.com/gtag/js?id=$script,redirect=googletagmanager-gtm,domain=inforesist.org,important","5095534":"||googletagmanager.com/gtm.js$script,xmlhttprequest,redirect=googletagmanager-gtm,domain=evernote.com,important","5101490":"||googletagmanager.com/gtm.js$script,xmlhttprequest,redirect=googletagmanager-gtm,domain=whoer.net","5102824":"||googletagmanager.com/gtm.js$script,xmlhttprequest,redirect=googletagmanager-gtm,domain=coda.io,important","5104276":"||googletagmanager.com/gtm.js$script,xmlhttprequest,redirect=googletagmanager-gtm,domain=systemrequirementslab.com,important","5110416":"||googletagmanager.com/gtm.js$script,xmlhttprequest,redirect=googletagmanager-gtm,important,domain=napishem.ru","5112540":"||googletagmanager.com/gtm.js$script,xmlhttprequest,redirect=googletagmanager-gtm,domain=oresundsbron.com,important","5112894":"||googletagmanager.com/gtm.js$script,xmlhttprequest,redirect=googletagmanager-gtm,important,domain=thestar.co.uk","5113916":"||googletagmanager.com/gtag/js$script,other,redirect=googletagmanager-gtm,domain=filmomaniak.pl","5120731":"||googletagmanager.com/gtm.js$script,xmlhttprequest,redirect=googletagmanager-gtm,important,domain=cuk.pl","5124217":"||googletagmanager.com/gtm.js$script,xmlhttprequest,redirect=googletagmanager-gtm,important,domain=pcjisaku.com","5130692":"||googletagmanager.com/gtm.js$script,xmlhttprequest,redirect=googletagmanager-gtm,important,domain=northantstelegraph.co.uk","5136000":"||googletagmanager.com/gtm.js$script,xmlhttprequest,important,redirect=googletagmanager-gtm,domain=gazin.com.br","5139351":"||googletagmanager.com/gtag/js$script,other,redirect=googletagmanager-gtm,domain=guardaserie.app|guardaserie.biz|guardaserie.cc|guardaserie.ch|guardaserie.club|guardaserie.co.uk|guardaserie.com.bd|guardaserie.com.co|guardaserie.com.np|guardaserie.dev|guardaserie.digital|guardaserie.eu|guardaserie.info|guardaserie.life|guardaserie.media|guardaserie.net|guardaserie.one|guardaserie.online|guardaserie.org|guardaserie.pl|guardaserie.ru|guardaserie.space|guardaserie.store|guardaserie.today|guardaserie.website|guardaserie.world|guardaserie.ws","5140917":"||googletagmanager.com/gtm.js$script,redirect=googletagmanager-gtm,important,domain=flyingv.cc","5150494":"||googletagmanager.com/gtag/js$script,other,redirect=googletagmanager-gtm,domain=playphrase.me","5152590":"||googletagmanager.com/gtag/js$script,redirect=googletagmanager-gtm,domain=html5.gamedistribution.com","5159705":"||googletagmanager.com/gtm.js$script,redirect=googletagmanager-gtm,important,domain=displate.com","5181620":"||googletagmanager.com/gtm.js$script,redirect=googletagmanager-gtm,domain=theverge.com,important"}