[{"id":1688,"action":{"type":"allow"},"condition":{"urlFilter":"||r.bat.bing.com/?ld="},"priority":100001},{"id":1836,"action":{"type":"allowAllRequests"},"condition":{"urlFilter":"||search.yahoo.com^","resourceTypes":["main_frame"]},"priority":140101},{"id":1881,"action":{"type":"allow"},"condition":{"urlFilter":"||ad.doubleclick.net/searchads/link/click?","initiatorDomains":["google.adult","google.ae","google.ai","google.al","google.am","google.app","google.at","google.az","google.ba","google.be","google.bg","google.biz","google.blog","google.by","google.ca","google.cc","google.ch","google.ci","google.cl","google.cloud","google.cn","google.co","google.co.id","google.co.il","google.co.in","google.co.jp","google.co.ke","google.co.kr","google.co.nz","google.co.th","google.co.uk","google.co.za","google.com","google.com.ar","google.com.au","google.com.bd","google.com.br","google.com.co","google.com.hk","google.com.mx","google.com.my","google.com.ng","google.com.np","google.com.pe","google.com.ph","google.com.pk","google.com.sa","google.com.sg","google.com.tr","google.com.tw","google.com.ua","google.com.uy","google.com.vn","google.cz","google.de","google.dev","google.dk","google.dz","google.ee","google.es","google.eu","google.fi","google.fm","google.fr","google.ga","google.ge","google.gg","google.gr","google.hk","google.hr","google.hu","google.id","google.ie","google.in","google.in.th","google.in.ua","google.info","google.io","google.ir","google.is","google.it","google.jp","google.kg","google.kr","google.kz","google.lk","google.lt","google.lv","google.ma","google.md","google.me","google.mk","google.ml","google.mn","google.mx","google.my","google.net","google.news","google.ng","google.nl","google.no","google.one","google.or.id","google.org","google.pe","google.ph","google.pk","google.pl","google.pt","google.ro","google.rs","google.ru","google.sa","google.se","google.sg","google.sh","google.shop","google.si","google.site","google.sk","google.store","google.su","google.tk","google.tn","google.to","google.tv","google.tw","google.ua","google.uk","google.us","google.uz","google.vn","google.website","google.ws"],"resourceTypes":["main_frame"]},"priority":100102},{"id":155224,"action":{"type":"allowAllRequests"},"condition":{"urlFilter":"||ask.com/web","resourceTypes":["main_frame"]},"priority":140101},{"id":204529,"action":{"type":"allow"},"condition":{"urlFilter":"||developer.mozilla.org/pong/"},"priority":100001},{"id":204569,"action":{"type":"allow"},"condition":{"urlFilter":"||startpage.com/adsense/search/async-ads.js","initiatorDomains":["startpage.com"]},"priority":100201},{"id":210954,"action":{"type":"allow"},"condition":{"urlFilter":"||ad.doubleclick.net/searchads/link/click?","initiatorDomains":["duckduckgo.com","duckduckgogg42xjoc72x3sjasowoarfbgcmvfimaftt6twagswzczad.onion"],"resourceTypes":["main_frame"]},"priority":100151},{"id":213048,"action":{"type":"allow"},"condition":{"urlFilter":"/gb.php?idb_=","initiatorDomains":["ek.ua","m.ua"]},"priority":100151},{"id":213102,"action":{"type":"allow"},"condition":{"urlFilter":"||info.price.nadavi.*/*.php?p4g_api_type_=iframe","domainType":"thirdParty"},"priority":100002},{"id":213233,"action":{"type":"allow"},"condition":{"urlFilter":"||adwolf.ru^","initiatorDomains":["retrofm.ru","radio7.ru","europaplus.ru"]},"priority":100135}]