[{"id":61280,"action":{"type":"redirect","redirect":{"transform":{"queryTransform":{"removeParams":["autoplay"]}}}},"condition":{"urlFilter":"||player.octivid.com/*/video?*&autoplay=","initiatorDomains":["kooora.com"],"resourceTypes":["main_frame","sub_frame"]},"priority":201},{"id":165663,"action":{"type":"redirect","redirect":{"transform":{"queryTransform":{"removeParams":["autoplay"]}}}},"condition":{"urlFilter":"||player.cnevids.com/*/video","initiatorDomains":["vanityfair.com"],"resourceTypes":["main_frame","sub_frame"]},"priority":201},{"id":393055,"action":{"type":"redirect","redirect":{"transform":{"queryTransform":{"removeParams":["aff-view"]}}}},"condition":{"urlFilter":"||boncharge.com^","resourceTypes":["main_frame","sub_frame"]},"priority":1},{"id":749180,"action":{"type":"modifyHeaders","requestHeaders":[{"header":"user-agent","operation":"remove"}]},"condition":{"urlFilter":"||destyy.com^","resourceTypes":["main_frame","sub_frame","stylesheet","script","image","font","object","xmlhttprequest","ping","media","websocket","other"]},"priority":1},{"id":749242,"action":{"type":"modifyHeaders","requestHeaders":[{"header":"user-agent","operation":"remove"}]},"condition":{"urlFilter":"||gestyy.com^","resourceTypes":["main_frame","sub_frame","stylesheet","script","image","font","object","xmlhttprequest","ping","media","websocket","other"]},"priority":1},{"id":1351,"action":{"type":"block"},"condition":{"urlFilter":"://www.google.*/async/folsrch?*&async=_basejs:*,_basecomb:*&q=","resourceTypes":["xmlhttprequest"]},"priority":101},{"id":4029,"action":{"type":"block"},"condition":{"urlFilter":"||20.detik.com/embed/","domainType":"firstParty","resourceTypes":["sub_frame"]},"priority":102},{"id":5895,"action":{"type":"block"},"condition":{"urlFilter":"||image-cdn.flowgpt.com/marketing/"},"priority":1},{"id":15196,"action":{"type":"block"},"condition":{"urlFilter":"||player.glomex.com^","initiatorDomains":["ga.de"]},"priority":201},{"id":16291,"action":{"type":"block"},"condition":{"urlFilter":"||geo.dailymotion.com/player/x2ww.js","initiatorDomains":["letribunaldunet.fr"]},"priority":201},{"id":17037,"action":{"type":"block"},"condition":{"urlFilter":"||geo.dailymotion.com/player/xdgu3.html","initiatorDomains":["idntimes.com"]},"priority":201},{"id":18585,"action":{"type":"block"},"condition":{"urlFilter":"||player.anyclip.com^","initiatorDomains":["dictionary.com"]},"priority":201},{"id":22856,"action":{"type":"block"},"condition":{"urlFilter":"||player.cnevids.com/interlude/","initiatorDomains":["glamour.com","gqjapan.jp","wired.it","wired.com","vogue.de","gq.com","revistagq.com","gqmagazine.fr","gq-magazin.de","gqitalia.it","gqindia.com","gq.com.tw","gq.com.mx","gq-magazine.co.uk","gq.ru"]},"priority":108},{"id":23086,"action":{"type":"block"},"condition":{"urlFilter":"||player.cnevids.com/interlude/gq*&rightRail=true","initiatorDomains":["gq.com.mx"]},"priority":201},{"id":23175,"action":{"type":"block"},"condition":{"urlFilter":"||img-global.cpcdn.com/promotional_banners"},"priority":1},{"id":23834,"action":{"type":"block"},"condition":{"urlFilter":"||1prof.by/wp-content/uploads/*/igry-sng-na-banner.gif"},"priority":1},{"id":24292,"action":{"type":"block"},"condition":{"urlFilter":"||pregchan.com/randomBanner.js"},"priority":1},{"id":27394,"action":{"type":"block"},"condition":{"urlFilter":"||geo.dailymotion.com/player/x8agi.html","initiatorDomains":["cumhuriyet.com.tr"]},"priority":201},{"id":27481,"action":{"type":"block"},"condition":{"urlFilter":"||fcp.codes^","initiatorDomains":["areanapoli.it"]},"priority":201},{"id":29532,"action":{"type":"block"},"condition":{"urlFilter":"||coin-hive.com^","domainType":"thirdParty"},"priority":2},{"id":29574,"action":{"type":"block"},"condition":{"urlFilter":"||coinhive.com^","domainType":"thirdParty"},"priority":2},{"id":30607,"action":{"type":"block"},"condition":{"urlFilter":"||ppstatic.pl/assets/nsk/v*/js/compiled/atoms/article/*sticky-video*.js"},"priority":1},{"id":32510,"action":{"type":"block"},"condition":{"urlFilter":"||youtube.com/embed/yCXxVBZxYOc?autoplay=1","initiatorDomains":["ac-illust.com","photo-ac.com"]},"priority":151},{"id":35659,"action":{"type":"block"},"condition":{"urlFilter":"||geo.dailymotion.com/libs/player/","initiatorDomains":["boldsky.com"]},"priority":201},{"id":45180,"action":{"type":"block"},"condition":{"urlFilter":"||gqjapan.jp/verso/static/chunk.presenter-account-bookmarks"},"priority":1},{"id":46251,"action":{"type":"block"},"condition":{"urlFilter":"||softpedia.com/zds.php"},"priority":1},{"id":47324,"action":{"type":"block"},"condition":{"urlFilter":"||pay-day.ru/wp-content/cache/min/1/js/vq_starter.js"},"priority":1},{"id":48083,"action":{"type":"block"},"condition":{"urlFilter":"||static.insurancedekho.com/pwa/js/bundle/Newsdetail."},"priority":1},{"id":51320,"action":{"type":"block"},"condition":{"urlFilter":"||widget.golfscape.com^","initiatorDomains":["sport360.com"]},"priority":201},{"id":51937,"action":{"type":"block"},"condition":{"urlFilter":"||embed.dugout.com^","domainType":"thirdParty","excludedInitiatorDomains":["sportowefakty.wp.pl","ultra-soccer.jp"],"resourceTypes":["script"]},"priority":103},{"id":52173,"action":{"type":"block"},"condition":{"urlFilter":"||ais.th/asset_index2020/js/chat_and_shop.js"},"priority":1},{"id":52759,"action":{"type":"block"},"condition":{"urlFilter":"||img.weblogssl.com/*/js/dailymotion-","initiatorDomains":["applesfera.com"]},"priority":201},{"id":54822,"action":{"type":"block"},"condition":{"urlFilter":"||fireworkapi1.com/embed/v2/playlists/*/feeds?page_size=10"},"priority":1},{"id":54891,"action":{"type":"block"},"condition":{"urlFilter":"||fireworkapi1.com/embed/v2/channels/whats_trending"},"priority":1},{"id":54953,"action":{"type":"block"},"condition":{"urlFilter":"||fireworkapi.com/embed/v2/publisher_clients/"},"priority":1},{"id":55009,"action":{"type":"block"},"condition":{"urlFilter":"||fireworkapi1.com^","initiatorDomains":["jj-jj.net","mensnonno.jp","olive-hitomawashi.com","gizmodo.jp","final-inc.com","roomie.jp","gendai.media","as-web.jp","boldsky.com","blogto.com","getnews.jp","lp.p.pia.jp","fudge.jp","motor-fan.jp","madamefigaro.jp","forzastyle.com","maquia.hpplus.jp","web.gekisaka.jp"]},"priority":107},{"id":56529,"action":{"type":"block"},"condition":{"urlFilter":"||point.widget.rakuten.co.jp^","domainType":"thirdParty"},"priority":2},{"id":57150,"action":{"type":"block"},"condition":{"urlFilter":"||images.news18.com/static_news18/pix/ibnhome/news18/jio_saavn_"},"priority":1},{"id":59187,"action":{"type":"block"},"condition":{"urlFilter":"||meczyki.pl/js/news-widget.js","initiatorDomains":["devilpage.pl"]},"priority":201},{"id":60319,"action":{"type":"block"},"condition":{"urlFilter":"||azby.fmworld.net/usage/images/banner_enquete.jpg"},"priority":1},{"id":62813,"action":{"type":"block"},"condition":{"urlFilter":"||mwcm.nytimes.com/capi/metered_assets/?plat=*&areas=welcomeAd"},"priority":1},{"id":64732,"action":{"type":"block"},"condition":{"urlFilter":"||newzit.com/static/videoplayer/*/scripts/mol-fe-videoplayer.min.js"},"priority":1},{"id":64865,"action":{"type":"block"},"condition":{"urlFilter":"||edicloud.edipresse.pl/random/wizaz/video.js","initiatorDomains":["wizaz.pl"]},"priority":201},{"id":67451,"action":{"type":"block"},"condition":{"urlFilter":"||syouron.com/NEKO_TORA.js"},"priority":1},{"id":70151,"action":{"type":"block"},"condition":{"urlFilter":"||static3.car.ru/img/ya.gif"},"priority":1},{"id":71309,"action":{"type":"block"},"condition":{"urlFilter":"||brief.pl/wp-content/uploads/2021/06/baner-www-750x100px.png"},"priority":1},{"id":71778,"action":{"type":"block"},"condition":{"urlFilter":"||fiverr.com/embed_gigs?id","initiatorDomains":["ytplaylist-len.herokuapp.com"]},"priority":201},{"id":72197,"action":{"type":"redirect","redirect":{"extensionPath":"/web-accessible-resources/redirects/nooptext.js"}},"condition":{"urlFilter":"||hentaidude.com/wp-admin/admin-ajax.php?action=geocheck","resourceTypes":["xmlhttprequest"]},"priority":1101},{"id":72670,"action":{"type":"block"},"condition":{"urlFilter":"||nicoad.nicovideo.jp/v1/contents/video/*/pickup_supporters"},"priority":1},{"id":72740,"action":{"type":"block"},"condition":{"urlFilter":"||sputnik.by/files/tgparser/sputnik_by.html"},"priority":1},{"id":73256,"action":{"type":"block"},"condition":{"urlFilter":"||s.yimg.jp/images/auct/salespromotion/2021_2/0216_stop/376_376.png","initiatorDomains":["auctions.yahoo.co.jp"]},"priority":201},{"id":77496,"action":{"type":"block"},"condition":{"urlFilter":"||diets.ru/i/rb/start_to_lose_weight_*.jpg"},"priority":1},{"id":79653,"action":{"type":"block"},"condition":{"urlFilter":"||mir24.tv/uploaded/resources/Telegramm_1200x90.jpg"},"priority":1},{"id":80622,"action":{"type":"block"},"condition":{"urlFilter":"||api.rnet.plus^","initiatorDomains":["shakko.ru","mirovich.media","livejournal.com"]},"priority":1000135},{"id":82824,"action":{"type":"block"},"condition":{"urlFilter":"||embed.sendtonews.com^","initiatorDomains":["dailyrecordnews.com"]},"priority":201},{"id":82950,"action":{"type":"block"},"condition":{"urlFilter":"||haber7.net/sondakika/ramazan-widget"},"priority":1},{"id":82998,"action":{"type":"block"},"condition":{"urlFilter":"||turkmedya.com.tr/ramazan?","initiatorDomains":["star.com.tr","gunes.com"]},"priority":151},{"id":84314,"action":{"type":"block"},"condition":{"urlFilter":"||drozdogan.com/images/koronavirus_banner_*.gif"},"priority":1},{"id":84533,"action":{"type":"block"},"condition":{"urlFilter":"||content.jwplatform.com^","initiatorDomains":["lifewire.com","techradar.com","digitalcameraworld.com","loudersound.com","musicradar.com","gardeningetc.com","livingetc.com","tomshardware.com","www-techradar-com.cdn.ampproject.org"]},"priority":113},{"id":86118,"action":{"type":"block"},"condition":{"urlFilter":"||cdn.viqeo.tv/js/vq_starter.js","initiatorDomains":["teleprogramma.pro","coop-land.ru","om1.ru","pravda.ru"]},"priority":126},{"id":87112,"action":{"type":"block"},"condition":{"urlFilter":"||cdn.tinypass.com/api/tinypass.min.js","initiatorDomains":["seekingalpha.com"]},"priority":201},{"id":87970,"action":{"type":"block"},"condition":{"urlFilter":"||vidtech.cbsinteractive.com^","initiatorDomains":["metrolyrics.com"]},"priority":201},{"id":88524,"action":{"type":"block"},"condition":{"urlFilter":"||jiosaavn.com/embed/","initiatorDomains":["ndtv.com"]},"priority":201},{"id":89206,"action":{"type":"block"},"condition":{"urlFilter":"||psxplanet.ru/forum/clientscript/ny2021/scripts/game_v4.js"},"priority":1},{"id":89469,"action":{"type":"block"},"condition":{"urlFilter":"||silvergames.com/div/own.php?"},"priority":1},{"id":90110,"action":{"type":"block"},"condition":{"urlFilter":"||codestudyblog.com/ref/myscripts.js"},"priority":1},{"id":90617,"action":{"type":"block"},"condition":{"urlFilter":"||ilenta.com/images/banner/"},"priority":1},{"id":91555,"action":{"type":"block"},"condition":{"urlFilter":"||expclan.org/styles/banners/skupka.gif"},"priority":1},{"id":91605,"action":{"type":"block"},"condition":{"urlFilter":"||expclan.org/styles/banners/des.gif"},"priority":1},{"id":91652,"action":{"type":"block"},"condition":{"urlFilter":"||expclan.org/styles/banners/iphone.gif"},"priority":1},{"id":92414,"action":{"type":"block"},"condition":{"urlFilter":"bugsnag.com^","initiatorDomains":["adblock-tester.com"]},"priority":201},{"id":92475,"action":{"type":"block"},"condition":{"urlFilter":"/bugsnag.min.js","initiatorDomains":["adblock-tester.com"]},"priority":201},{"id":92539,"action":{"type":"block"},"condition":{"urlFilter":"||sentry-cdn.com^","initiatorDomains":["adblock-tester.com"]},"priority":201},{"id":93742,"action":{"type":"block"},"condition":{"urlFilter":"||jsrdn.com/s/cs.js","initiatorDomains":["foreignpolicy.com","muscleandfitness.com"]},"priority":151},{"id":94410,"action":{"type":"block"},"condition":{"urlFilter":"||connatix.com^","initiatorDomains":["lifehacker.com","thegatewaypundit.com","bleepingcomputer.com"]},"priority":135},{"id":94692,"action":{"type":"block"},"condition":{"urlFilter":"||business-standard.com/covid-*.php"},"priority":1},{"id":95829,"action":{"type":"block"},"condition":{"urlFilter":"||cdn.viqeo.tv/embed?playerId=","initiatorDomains":["mail.ru"]},"priority":201},{"id":95897,"action":{"type":"block"},"condition":{"urlFilter":"||viqeo.tv/js/vq_starter.js","initiatorDomains":["mail.ru"]},"priority":201},{"id":96293,"action":{"type":"block"},"condition":{"urlFilter":"||download.skype.com/share/skypebuttons/js/skypeCheck.js"},"priority":1},{"id":96594,"action":{"type":"block"},"condition":{"urlFilter":"||api.dmcdn.net^","initiatorDomains":["kompasiana.com"]},"priority":201},{"id":97037,"action":{"type":"block"},"condition":{"urlFilter":"||dostfilms.*/uploads/readmore.min.js"},"priority":1},{"id":99355,"action":{"type":"block"},"condition":{"urlFilter":"||animepertutti.org/wp-content/uploads/*/telegramjoin.jpg"},"priority":1},{"id":100020,"action":{"type":"block"},"condition":{"urlFilter":"||cdn.zmescience.com/wp-content/themes/jnews/assets/dist/image/preloader.gif"},"priority":1},{"id":100107,"action":{"type":"block"},"condition":{"urlFilter":"||adncdnend.azureedge.net^","initiatorDomains":["minecraftseedhq.com"]},"priority":201},{"id":100240,"action":{"type":"block"},"condition":{"urlFilter":"||r.dlandroid.com/wp-content/uploads/*/telegram.png"},"priority":1},{"id":101546,"action":{"type":"block"},"condition":{"urlFilter":"||player.anyclip.com^","initiatorDomains":["warcraftlogs.com"]},"priority":201},{"id":102130,"action":{"type":"block"},"condition":{"urlFilter":"||business.ru/files/widgets/VKwidget"},"priority":1},{"id":102280,"action":{"type":"block"},"condition":{"urlFilter":"||golos.ua/assets/img/telegram.gif"},"priority":1},{"id":103755,"action":{"type":"block"},"condition":{"urlFilter":"||cdnjs.cloudflare.com/ajax/libs/Snowstorm/*/snowstorm-min.js","initiatorDomains":["forum.antichat.ru"]},"priority":201},{"id":103968,"action":{"type":"block"},"condition":{"urlFilter":"||player.anyclip.com^","initiatorDomains":["thewindowsclub.com"]},"priority":201},{"id":104232,"action":{"type":"block"},"condition":{"urlFilter":"||i2.kidstaff.com.ua/info-1-5.js"},"priority":1},{"id":104347,"action":{"type":"block"},"condition":{"urlFilter":"||nu6i-bg-net.com/snow3.gif"},"priority":1},{"id":104619,"action":{"type":"block"},"condition":{"urlFilter":"||fb.ru/front/build/comments.js","initiatorDomains":["fb.ru"]},"priority":201},{"id":105302,"action":{"type":"block"},"condition":{"urlFilter":"||avjd014.com/statics/layer_mobile/layer.js"},"priority":1},{"id":109356,"action":{"type":"block"},"condition":{"urlFilter":"||m.timesofindia.com/common_cube.cms"},"priority":1000001},{"id":109553,"action":{"type":"block"},"condition":{"urlFilter":"||player.anyclip.com^","initiatorDomains":["softpedia.com"]},"priority":201},{"id":110591,"action":{"type":"block"},"condition":{"urlFilter":"||player.anyclip.com^","initiatorDomains":["mobilesyrup.com"]},"priority":201},{"id":111019,"action":{"type":"block"},"condition":{"urlFilter":"||ferra.media.eagleplatform.com^","initiatorDomains":["ferra.ru"]},"priority":201},{"id":111404,"action":{"type":"block"},"condition":{"urlFilter":"||imtranslator.net/images/donate.gif"},"priority":1},{"id":113167,"action":{"type":"block"},"condition":{"urlFilter":"||suedkurier.de/_fWS/jsoninplainout/script/shift-2017_private-mode.js"},"priority":1},{"id":113587,"action":{"type":"block"},"condition":{"urlFilter":"||news.sy/wp-content/uploads/syr.","resourceTypes":["media"]},"priority":101},{"id":113646,"action":{"type":"allow"},"condition":{"urlFilter":"||static.mailerlite.com/js/jquery.validate.min.js","initiatorDomains":["ibizaglobalradio.com"]},"priority":100201},{"id":113746,"action":{"type":"allow"},"condition":{"urlFilter":"||static.mailerlite.com/js/jquery.validate.min.js","initiatorDomains":["nanonet.pl"]},"priority":100201},{"id":115654,"action":{"type":"block"},"condition":{"urlFilter":"||cdn.britannica.com/mendel/curiosity/eb-mendel-curiosity-300x90c.png"},"priority":1},{"id":115734,"action":{"type":"block"},"condition":{"urlFilter":"/wp-content/plugins/snow-3d/*"},"priority":1},{"id":117083,"action":{"type":"block"},"condition":{"urlFilter":"||montpellierhandball.com/scripts/fancybox/minified__fancybox.js"},"priority":1},{"id":118020,"action":{"type":"block"},"condition":{"urlFilter":"||cdn.playwire.com/*/embed.js","initiatorDomains":["tasteofcinema.com","slant.co","gtplanet.net","filehippo.com"]},"priority":126},{"id":118439,"action":{"type":"block"},"condition":{"urlFilter":"||nnmstatic.win/forum/new_year/"},"priority":1},{"id":118542,"action":{"type":"block"},"condition":{"urlFilter":"||cloudfront.net/_next/chunks/eea-*.js","initiatorDomains":["healthline.com"]},"priority":201},{"id":120195,"action":{"type":"block"},"condition":{"urlFilter":"||mshop.rediff.com/trending-now/widget"},"priority":1},{"id":120244,"action":{"type":"block"},"condition":{"urlFilter":"||recoprofile.rediff.com/news_recommendation/news_template.html"},"priority":1},{"id":120318,"action":{"type":"block"},"condition":{"urlFilter":"||shopping.rediff.com/trending-now/widget"},"priority":1},{"id":121767,"action":{"type":"block"},"condition":{"urlFilter":"||wibbitz.com^","initiatorDomains":["pwinsider.com"]},"priority":201},{"id":124087,"action":{"type":"block"},"condition":{"urlFilter":"||cdn-*.playwire.com/*/embed.js","initiatorDomains":["gamezone.com"]},"priority":201},{"id":124355,"action":{"type":"block"},"condition":{"urlFilter":"||mcd-sdk.playbuzz.com/embed^","initiatorDomains":["appunwrapper.com"]},"priority":201},{"id":124595,"action":{"type":"block"},"condition":{"urlFilter":"||taraz-gov.xn--kz/wp-content/uploads/2018/07/---c7y8a5ad88eeb3irfpb8my0ad.mp4"},"priority":1},{"id":125171,"action":{"type":"block"},"condition":{"urlFilter":"||wp.com/gizchina.it/wp-content/uploads/*/banner-gizdeals.png"},"priority":1},{"id":125382,"action":{"type":"block"},"condition":{"urlFilter":"||trecetv.es/images/banners/TRECE.gif"},"priority":1},{"id":125430,"action":{"type":"block"},"condition":{"urlFilter":"||wibbitz.com^","initiatorDomains":["gamerevolution.com"]},"priority":201},{"id":145984,"action":{"type":"block"},"condition":{"urlFilter":"||javhiv.net/statics/defaultv2/js/debug1.js"},"priority":1},{"id":146847,"action":{"type":"block"},"condition":{"urlFilter":"||pdj.cc^","initiatorDomains":["promodj.com"]},"priority":201},{"id":146898,"action":{"type":"block"},"condition":{"urlFilter":"||widget.crowdynews.com^","initiatorDomains":["gmanetwork.com"]},"priority":201},{"id":147861,"action":{"type":"block"},"condition":{"urlFilter":"||d3otfkap419ijo.cloudfront.net/*/lib-components-newsletter-modal.js"},"priority":1},{"id":148012,"action":{"type":"block"},"condition":{"urlFilter":"||designmodo.com/wp-content/themes/designmodov2.1/js/banner-slides.js"},"priority":1},{"id":148970,"action":{"type":"block"},"condition":{"urlFilter":"||radioroks.ua^","initiatorDomains":["megatrack.top"]},"priority":201},{"id":150535,"action":{"type":"block"},"condition":{"urlFilter":"||srviral.com^","initiatorDomains":["alrincon.com"]},"priority":201},{"id":151002,"action":{"type":"block"},"condition":{"urlFilter":"||macerkopf.de/wp-content/plugins/dreamgrow-scroll-triggered-box/js/script.js"},"priority":1},{"id":153287,"action":{"type":"block"},"condition":{"urlFilter":"||view.vzaar.com/*/player","initiatorDomains":["filehippo.com"]},"priority":201},{"id":153878,"action":{"type":"block"},"condition":{"urlFilter":"||avinfo.co/i/chromavinfo.jpg"},"priority":1},{"id":154943,"action":{"type":"block"},"condition":{"urlFilter":"||lostfilm.info/css*/b/"},"priority":1},{"id":155032,"action":{"type":"block"},"condition":{"urlFilter":"||baibako.tv/bg/"},"priority":1},{"id":166086,"action":{"type":"block"},"condition":{"urlFilter":"||afisha.ru/dzen/yaDzen.js"},"priority":1},{"id":166192,"action":{"type":"block"},"condition":{"urlFilter":"||afisha.ru/js/banner_glitch/BannerGlitch.js"},"priority":1},{"id":166247,"action":{"type":"block"},"condition":{"urlFilter":"||afisha.ru/noindex/IsShowLive.js"},"priority":1},{"id":167076,"action":{"type":"block"},"condition":{"urlFilter":"||streamspread.com^","initiatorDomains":["systemrequirementslab.com"]},"priority":201},{"id":168181,"action":{"type":"block"},"condition":{"urlFilter":"||epochtimes.de/assets/themes/eptde16/popup/fb-like-epochtimes.de.html"},"priority":1},{"id":169377,"action":{"type":"block"},"condition":{"urlFilter":"||mts.ctc.ru/?nowrap="},"priority":1},{"id":170495,"action":{"type":"block"},"condition":{"urlFilter":"g-tv.ru/videomore_gtv.php?video_id=*&auto_play=1","initiatorDomains":["kino-dom.tv"]},"priority":201},{"id":170873,"action":{"type":"block"},"condition":{"urlFilter":"||sports.ru/censusbarca/*.js"},"priority":1},{"id":171305,"action":{"type":"block"},"condition":{"urlFilter":"||vesti.ru/4sport.html"},"priority":1},{"id":176135,"action":{"type":"block"},"condition":{"urlFilter":"||pogoda.mail.ru/*/ct-push-notifications/ct-push-notifications.xml.js"},"priority":1},{"id":177475,"action":{"type":"block"},"condition":{"urlFilter":"/wp-content/plugins/sociallocker-"},"priority":1},{"id":177748,"action":{"type":"block"},"condition":{"urlFilter":"/pandalocker.","initiatorDomains":["lanka.ru"],"resourceTypes":["script"]},"priority":301},{"id":180735,"action":{"type":"block"},"condition":{"urlFilter":"||trimay.ru/?"},"priority":1},{"id":181071,"action":{"type":"block"},"condition":{"urlFilter":"||cinemaxxl.de/js/detectIncognito.min.js"},"priority":1},{"id":181358,"action":{"type":"block"},"condition":{"urlFilter":"||informer.rs/files/img/gde-da-gledate*.png"},"priority":1},{"id":182876,"action":{"type":"block"},"condition":{"urlFilter":"||php.co.jp/image/sns_tw.jpg"},"priority":1},{"id":185382,"action":{"type":"block"},"condition":{"urlFilter":"||i.dailymail.co.uk/i/pix/2017/08/02/636x90_facebook_ad_sport.png"},"priority":1},{"id":190081,"action":{"type":"block"},"condition":{"urlFilter":"||yargiyayinevi.com/Data/EditorFiles/banners/eylul21/slider-alt"},"priority":1},{"id":190323,"action":{"type":"block"},"condition":{"urlFilter":"||wionews.com/live-tv/embed?autoplay=1&mute=1"},"priority":1},{"id":190925,"action":{"type":"block"},"condition":{"urlFilter":"||zeenews.india.com/live-tv/embed#mute"},"priority":1},{"id":192622,"action":{"type":"block"},"condition":{"urlFilter":"||zn.ua/user/img/special/zn-youtube.png"},"priority":1},{"id":192815,"action":{"type":"block"},"condition":{"urlFilter":"||robinlinus.github.io/share-the-love/","initiatorDomains":["robinlinus.com"]},"priority":201},{"id":194351,"action":{"type":"block"},"condition":{"urlFilter":"||nallihanhaber.com/wp-content/uploads/2020/09/nallihansondakika-min.gif"},"priority":1},{"id":203342,"action":{"type":"block"},"condition":{"urlFilter":"||faktxeber.com/images/telegram-logo.gif"},"priority":1},{"id":203393,"action":{"type":"block"},"condition":{"urlFilter":"||i.hizliresim.com/4r4kBG.gif"},"priority":1},{"id":203433,"action":{"type":"block"},"condition":{"urlFilter":"||kfund-media.com/wp-content/uploads/2018/01/580h400_banner_telegram-min.png"},"priority":1},{"id":203520,"action":{"type":"block"},"condition":{"urlFilter":"||mayu-pravo.com/share/slider/"},"priority":1},{"id":203561,"action":{"type":"block"},"condition":{"urlFilter":"||u.today/img/satoshi-twitter.png"},"priority":1},{"id":280795,"action":{"type":"block"},"condition":{"urlFilter":"||yastatic.net/s3/home/logos/doodle/mp4/tvstation_","initiatorDomains":["ya.ru"]},"priority":201},{"id":342907,"action":{"type":"block"},"condition":{"urlFilter":"||api.k2s.cc/v1/files/*/recommended?"},"priority":1},{"id":348007,"action":{"type":"block"},"condition":{"urlFilter":"||toomics.com/*/img/event/payment_promotion_bnr"},"priority":1},{"id":348976,"action":{"type":"block"},"condition":{"urlFilter":"||afisha.ru/img/top-banners/sberprime/desk/index.html"},"priority":1},{"id":349040,"action":{"type":"block"},"condition":{"urlFilter":"||daily.afisha.ru/next/static/sber-prime/desktop/index.html"},"priority":1},{"id":352262,"action":{"type":"block"},"condition":{"urlFilter":"||mangatilkisi.com/wp-content/uploads/2024/12/MangaTilkisi-reklamsiz-okuma.webp"},"priority":1},{"id":365978,"action":{"type":"block"},"condition":{"urlFilter":"||assets.gzt.com/gzt/wwwroot/images/gif-banner.gif"},"priority":1},{"id":369373,"action":{"type":"block"},"condition":{"urlFilter":"||jleague.jp/img/skyscraper/"},"priority":1},{"id":369877,"action":{"type":"block"},"condition":{"urlFilter":"||qgraph.io/dist/aiqua-wp.js","initiatorDomains":["cw.com.tw"]},"priority":201},{"id":369945,"action":{"type":"block"},"condition":{"urlFilter":"||optimonk.com^","initiatorDomains":["bnext.com.tw"]},"priority":201},{"id":374949,"action":{"type":"block"},"condition":{"urlFilter":"||ibarakinews.jp/attach_image/cplanbigbanner.png"},"priority":1},{"id":375008,"action":{"type":"block"},"condition":{"urlFilter":"||ibarakinews.jp/attach_image/qjiB.png"},"priority":1},{"id":375538,"action":{"type":"block"},"condition":{"urlFilter":"||hubspotusercontent-na1.net/hubfs/*/banners/tax-haven-banner-*.gif"},"priority":1},{"id":377002,"action":{"type":"block"},"condition":{"urlFilter":"||makuring.jp/wp-content/uploads/2023/09/5338.jpeg.webp"},"priority":1},{"id":379742,"action":{"type":"block"},"condition":{"urlFilter":"||images.www.kochinews.co.jp/media/freehtml/1/images/b928d825015e678fa8e7a219c41f6f35c7db139c.jpg"},"priority":1},{"id":381511,"action":{"type":"block"},"condition":{"urlFilter":"||ufret.jp/img/ads/U-FRETpremium_2312_banner.jpg"},"priority":1},{"id":385091,"action":{"type":"block"},"condition":{"urlFilter":"||common.blogimg.jp/stf/common/banner/ldshopping_001.jpg"},"priority":1},{"id":385286,"action":{"type":"block"},"condition":{"urlFilter":"||hachiraw.net/01.png"},"priority":1},{"id":385318,"action":{"type":"block"},"condition":{"urlFilter":"||ichiba.faq.rakuten.net/resource/*/RakutenMobile_Banner/"},"priority":1},{"id":387760,"action":{"type":"block"},"condition":{"urlFilter":"||site.pfm.moneyforward.com/prod/appstorage/pfm/web_banner/"},"priority":1},{"id":389571,"action":{"type":"block"},"condition":{"urlFilter":"||bce.bdstatic.com/p3m/common-service/uploads/dibu_edc2214.png"},"priority":1},{"id":390152,"action":{"type":"block"},"condition":{"urlFilter":"||fitnesslove.net/wp0901/wp-content/uploads/2023/12/kyuin"},"priority":1},{"id":390830,"action":{"type":"block"},"condition":{"urlFilter":"||camonster.io/streams/streams_live.php","initiatorDomains":["nsfwmonster.com"]},"priority":201},{"id":390915,"action":{"type":"block"},"condition":{"urlFilter":"||creative.cams.gifsauce.com/widgets/"},"priority":1},{"id":395355,"action":{"type":"block"},"condition":{"urlFilter":"||kamigame.jp/wp-content/uploads/recruit.png"},"priority":1},{"id":395410,"action":{"type":"block"},"condition":{"urlFilter":"||blogparts.bookwalker.jp^","initiatorDomains":["ddnavi.com"]},"priority":201},{"id":395754,"action":{"type":"block"},"condition":{"urlFilter":"||rule34.xxx/images/rule34_merch.jpg"},"priority":1},{"id":396916,"action":{"type":"block"},"condition":{"urlFilter":"||tabs.ultimate-guitar.com/static/public/video/fp/fp-video.noaudio."},"priority":1},{"id":398188,"action":{"type":"block"},"condition":{"urlFilter":"||wk-partners.co.jp/homepage/wp-content/themes/webkikaku/assets/images/blog-banner-ad.png"},"priority":1},{"id":398288,"action":{"type":"block"},"condition":{"urlFilter":"||best-hit.tv/random_pr.js"},"priority":1},{"id":401291,"action":{"type":"block"},"condition":{"urlFilter":"||jorudan.co.jp/com/img/bnr/w685_"},"priority":1},{"id":402221,"action":{"type":"block"},"condition":{"urlFilter":"||gamewith.jp/ad/"},"priority":1},{"id":402693,"action":{"type":"block"},"condition":{"urlFilter":"||dream.jp/entmeet/wp-content/themes/entmeet/images/banner/sidebar_bnr.png"},"priority":1},{"id":403416,"action":{"type":"block"},"condition":{"urlFilter":"||utatane-plts.com/images/banner/utatane-plts_pr_","initiatorDomains":["m-pe.tv"]},"priority":201},{"id":404554,"action":{"type":"block"},"condition":{"urlFilter":"||mygame8.jp/assets/originals/vtubers_"},"priority":1},{"id":405630,"action":{"type":"block"},"condition":{"urlFilter":"||youtube.com/embed","initiatorDomains":["bryanadams.com"]},"priority":1000201},{"id":407434,"action":{"type":"block"},"condition":{"urlFilter":"||fc2.com/video/css/u/pm/img/PC_bnr_"},"priority":1},{"id":409532,"action":{"type":"block"},"condition":{"urlFilter":"||envader.plus/_next/image?url=%2Fassets%2Fbanner%2Fbanner-2.jpg"},"priority":1},{"id":409607,"action":{"type":"block"},"condition":{"urlFilter":"||techplay.jp/tp-images/ad/"},"priority":1},{"id":411065,"action":{"type":"block"},"condition":{"urlFilter":"||rule34.xxx/images/futa.jpg"},"priority":1},{"id":414815,"action":{"type":"block"},"condition":{"urlFilter":"||young-machine.com/main/wp-content/uploads/2022/11/banner-game.png"},"priority":1},{"id":418944,"action":{"type":"block"},"condition":{"urlFilter":"||creatives.wetransfer.net/creator/"},"priority":1},{"id":418990,"action":{"type":"block"},"condition":{"urlFilter":"||backgrounds.wetransfer.net^"},"priority":1},{"id":420198,"action":{"type":"block"},"condition":{"urlFilter":"||static.navinavi-hoken.com/*/dist/navinavi_hoken_com/images/img_line_diagnose_"},"priority":1},{"id":421314,"action":{"type":"block"},"condition":{"urlFilter":"||5ch.net/images/uplift-itest.png"},"priority":1},{"id":422075,"action":{"type":"block"},"condition":{"urlFilter":"||pornve.com/img/300x250f.gif"},"priority":1},{"id":422218,"action":{"type":"block"},"condition":{"urlFilter":"||rule34.xxx/images/shirt2.jpg"},"priority":1},{"id":422396,"action":{"type":"block"},"condition":{"urlFilter":"||bankbazaar.com/interstitials.html"},"priority":1},{"id":423161,"action":{"type":"block"},"condition":{"urlFilter":"||j-depo.com/news/tpl/images/bnner_kango_simple_300_250.jpg"},"priority":1},{"id":424178,"action":{"type":"block"},"condition":{"urlFilter":"||sejuku.net/blog/wp-content/uploads/2023/06/300_250-"},"priority":1},{"id":429543,"action":{"type":"block"},"condition":{"urlFilter":"||deviantart.com/*/?realEstateId="},"priority":1},{"id":430007,"action":{"type":"block"},"condition":{"urlFilter":"||tvbaw-na.s3.us-west-1.amazonaws.com/wallpaper/viet_live"},"priority":1},{"id":430259,"action":{"type":"block"},"condition":{"urlFilter":"||content.invisioncic.com/Mmalware/*_728x90"},"priority":1},{"id":430506,"action":{"type":"block"},"condition":{"urlFilter":"||4sysops.com/img/WindowsServer2022Bookad.html^","resourceTypes":["sub_frame"]},"priority":101},{"id":431703,"action":{"type":"block"},"condition":{"urlFilter":"||health.eonet.jp/uploads/eo2380_"},"priority":1},{"id":434276,"action":{"type":"block"},"condition":{"urlFilter":"||singtao.ca/*/singclub_feature_articles/"},"priority":1},{"id":438465,"action":{"type":"block"},"condition":{"urlFilter":"||go2senkyo.com/img/cmn/recuit_banner.jpg"},"priority":1},{"id":439358,"action":{"type":"block"},"condition":{"urlFilter":"||mornlong.com/zb_users/upload/images_ads/"},"priority":1},{"id":439657,"action":{"type":"block"},"condition":{"urlFilter":"||s.aimg.sk/aktuality_symfony/static/leaflet-slider-widget.js"},"priority":1},{"id":440372,"action":{"type":"block"},"condition":{"urlFilter":"||keisan.casio.jp/keisan/image/contents_pc.jpg"},"priority":1},{"id":440429,"action":{"type":"block"},"condition":{"urlFilter":"||keisan.casio.jp/keisan/image/classpad_"},"priority":1},{"id":442690,"action":{"type":"block"},"condition":{"urlFilter":"||crepu.net/assets/images/advertisement/"},"priority":1},{"id":446538,"action":{"type":"block"},"condition":{"urlFilter":"||frontend.vh.yandex.ru/player/","initiatorDomains":["techinsider.ru","novochag.ru"]},"priority":151},{"id":447770,"action":{"type":"block"},"condition":{"urlFilter":"||cocolog-nifty.com/updates/status/banner_ad.json"},"priority":1},{"id":447830,"action":{"type":"block"},"condition":{"urlFilter":"||gaishishukatsu.com/img/advisers/box_banner.jpg"},"priority":1},{"id":447889,"action":{"type":"block"},"condition":{"urlFilter":"||geo.dailymotion.com/player/x15mh.js","initiatorDomains":["programme-television.org"]},"priority":201},{"id":447981,"action":{"type":"block"},"condition":{"urlFilter":"||geo.dailymotion.com/player/xajs0.js","initiatorDomains":["programme-television.org"]},"priority":201},{"id":448238,"action":{"type":"block"},"condition":{"urlFilter":"||static.fc2.com/contents/images/ZQEJVWJ2Z/j4k/"},"priority":1},{"id":451272,"action":{"type":"block"},"condition":{"urlFilter":"||hojyokin-portal.jp/tbl_banner/"},"priority":1},{"id":454133,"action":{"type":"block"},"condition":{"urlFilter":"||leechpremium.link/img/banner/"},"priority":1},{"id":456427,"action":{"type":"block"},"condition":{"urlFilter":"||static.olx.com.br/nu/banner/nu_banner_seasonal.json"},"priority":1},{"id":456602,"action":{"type":"block"},"condition":{"urlFilter":"||ecbeing.net/cms/images/headline/kokuchi.jpg"},"priority":1},{"id":456658,"action":{"type":"block"},"condition":{"urlFilter":"||minnano-anime.com/p/minnanovideo_bn634.png"},"priority":1},{"id":456713,"action":{"type":"block"},"condition":{"urlFilter":"/minnanovideo_bn300.png","initiatorDomains":["minnano-anime.com","minnano-camera.com"]},"priority":151},{"id":457463,"action":{"type":"block"},"condition":{"urlFilter":"||mixhost.jp/vpn-column/wp-content/uploads/*/600x500"},"priority":1},{"id":457752,"action":{"type":"block"},"condition":{"urlFilter":"||kinokordon.love/d.kinokordonchat.gif"},"priority":1},{"id":458212,"action":{"type":"block"},"condition":{"urlFilter":"||error.fc2.com/web/image/bnr_kantan_404.png"},"priority":1},{"id":460431,"action":{"type":"block"},"condition":{"urlFilter":"||kashi-mo.com/media/wp-content/themes/kashimo/img/kashimo_wimax/220625_"},"priority":1},{"id":462398,"action":{"type":"block"},"condition":{"urlFilter":"||okbizcs.okwave.jp/img/ss/oemfile/*/right_side_banner_"},"priority":1},{"id":465198,"action":{"type":"block"},"condition":{"urlFilter":"||h1.rmr.rocks/auto/44/82/89/14.png"},"priority":1},{"id":467762,"action":{"type":"block"},"condition":{"urlFilter":"||player.ivideosmart.com^","initiatorDomains":["renote.net"]},"priority":201},{"id":467828,"action":{"type":"block"},"condition":{"urlFilter":"||cdn.dlupload.com/contents/horiads_new.png"},"priority":1},{"id":467882,"action":{"type":"block"},"condition":{"urlFilter":"||dlupload.com.np/contents/banner3_new.png"},"priority":1},{"id":469538,"action":{"type":"block"},"condition":{"urlFilter":"||gameguru.ru/static/core/img/for-lootguru/banner2.png"},"priority":1},{"id":470670,"action":{"type":"block"},"condition":{"urlFilter":"||itest.5ch.net/assets/img/ronin_premium_640x100.png"},"priority":1},{"id":472481,"action":{"type":"block"},"condition":{"urlFilter":"||jdpower.com/sites/default/files/image/*/23_Auto%20Summit%20PR%20Ad_speaker%20gif.gif"},"priority":1},{"id":476651,"action":{"type":"block"},"condition":{"urlFilter":"||images.wondershare.com/*/fotophire-article-banner.jpg"},"priority":1},{"id":478013,"action":{"type":"block"},"condition":{"urlFilter":"||ec.geo-online.co.jp/img/usr/cotegory/risumaho_"},"priority":1},{"id":478072,"action":{"type":"block"},"condition":{"urlFilter":"||smafi.info/assets/images/advertising/"},"priority":1},{"id":479704,"action":{"type":"block"},"condition":{"urlFilter":"||tenor.com/*/search-entrypoint-optimized.gif"},"priority":1},{"id":482414,"action":{"type":"block"},"condition":{"urlFilter":"||blog.esuteru.com/js/azrank/swiper.min.js"},"priority":1},{"id":482467,"action":{"type":"block"},"condition":{"urlFilter":"||linksgroup.heteml.net/js/output/hatima/amazon_ranking"},"priority":1},{"id":487308,"action":{"type":"block"},"condition":{"urlFilter":"||aurora.network/images/banners/"},"priority":1},{"id":487752,"action":{"type":"block"},"condition":{"urlFilter":"||imagel.sekainavi.com/images/banner/"},"priority":1},{"id":489840,"action":{"type":"block"},"condition":{"urlFilter":"||promo.datacamp.com/banner.js"},"priority":1},{"id":490772,"action":{"type":"block"},"condition":{"urlFilter":"||image.rakuten.co.jp/cyberbay/cabinet/"},"priority":1},{"id":491405,"action":{"type":"block"},"condition":{"urlFilter":"||znetlive.com/*/flash-banner-2.gif"},"priority":1},{"id":491451,"action":{"type":"block"},"condition":{"urlFilter":"||dailyhostnews.com/pdf/flash-banner-1.gif"},"priority":1},{"id":491727,"action":{"type":"block"},"condition":{"urlFilter":"||livenewsworld.com/wp-content/*/pum/"},"priority":1},{"id":492178,"action":{"type":"block"},"condition":{"urlFilter":"||crio.do/blog/assets/images/crio-offerings"},"priority":1},{"id":492675,"action":{"type":"block"},"condition":{"urlFilter":"||ecuabet.com/banner-"},"priority":1},{"id":494374,"action":{"type":"block"},"condition":{"urlFilter":"||brandboardapi.yemek.com/ad/getadbyslug"},"priority":1},{"id":495875,"action":{"type":"block"},"condition":{"urlFilter":"||books.rakuten.co.jp/books/img/bnr/event/campaign/pointup-program/20210401/20210401-spu-950x100.png"},"priority":1},{"id":496379,"action":{"type":"block"},"condition":{"urlFilter":"||niutrans.com/static/img/right-banner."},"priority":1},{"id":498084,"action":{"type":"block"},"condition":{"urlFilter":"||cdn.eapteka.ru/local/react/build/static/*/loyaltyProgramm."},"priority":1},{"id":498155,"action":{"type":"block"},"condition":{"urlFilter":"||asahicom.jp/shukatsunavi/assets/images/column/prebiz_banner660x100px.jpg"},"priority":1},{"id":498498,"action":{"type":"block"},"condition":{"urlFilter":"||seolaboratory.jp/banner/"},"priority":1},{"id":499653,"action":{"type":"block"},"condition":{"urlFilter":"||darkreader.org/elements/backers-graph.js"},"priority":1},{"id":500973,"action":{"type":"block"},"condition":{"urlFilter":"||appsrentables.com/images/flyer1-apps-vs.jpg"},"priority":1},{"id":501029,"action":{"type":"block"},"condition":{"urlFilter":"||appsrentables.com/images/flyer1-apps-secretos.jpg"},"priority":1},{"id":507459,"action":{"type":"block"},"condition":{"urlFilter":"||superprof.es/apuntes/wp-content/themes/sp_ressources/dist/videos/apprenez-a-la-maison-desktop.m4v"},"priority":1},{"id":507897,"action":{"type":"block"},"condition":{"urlFilter":"||visionplus.id/videocontents/vod/","initiatorDomains":["okezone.com"]},"priority":201},{"id":511201,"action":{"type":"block"},"condition":{"urlFilter":"||knowledgecity.com/blog/wp-content/uploads/*/KnowledgeCity-Banner-"},"priority":1},{"id":511279,"action":{"type":"block"},"condition":{"urlFilter":"||knowledgecity.com/blog/wp-content/uploads/*/FreeCourses-"},"priority":1},{"id":512865,"action":{"type":"block"},"condition":{"urlFilter":"||bostonreview.net/sites/default/files/Side_Column_ad"},"priority":1},{"id":513310,"action":{"type":"block"},"condition":{"urlFilter":"||edsys.in/wp-content/themes/edsys/images/blog_side_banner.png"},"priority":1},{"id":513694,"action":{"type":"block"},"condition":{"urlFilter":"||spinny.com/blog/wp-content/uploads/*/*WithCTA","resourceTypes":["image"]},"priority":101},{"id":513891,"action":{"type":"block"},"condition":{"urlFilter":"||mmocs.com/templates/game/images/join_affiliate.jpg"},"priority":1},{"id":515472,"action":{"type":"block"},"condition":{"urlFilter":"||pcdn.co/wp-content/uploads/*/Read-Our-Story"},"priority":1},{"id":515528,"action":{"type":"block"},"condition":{"urlFilter":"||digify.com/wp-content/uploads/*/Internal-Blog_Graphics_Education-"},"priority":1},{"id":516476,"action":{"type":"block"},"condition":{"urlFilter":"||fireeye.com/*/services/images/bnr-mandiant-advantage"},"priority":1},{"id":517591,"action":{"type":"block"},"condition":{"urlFilter":"||phpnet.us/images/web.png"},"priority":1},{"id":517913,"action":{"type":"block"},"condition":{"urlFilter":"||p.dmm.co.jp/p/general/ds/bnr/"},"priority":1},{"id":520966,"action":{"type":"block"},"condition":{"urlFilter":"||blockadblock.com/adblocking/wp-content/uploads/*/internalvert_300x200.png"},"priority":1},{"id":521118,"action":{"type":"block"},"condition":{"urlFilter":"||static.foxnews.com/static/orion/styles/img/fox-news/nation-promo/"},"priority":1},{"id":521717,"action":{"type":"block"},"condition":{"urlFilter":"||hub.packtpub.com/wp-content/uploads/2019/07/Generic.png"},"priority":1},{"id":524104,"action":{"type":"block"},"condition":{"urlFilter":"||torguard.net/blog/wp-content/uploads/2018/09/torguard-090418-300x250.gif"},"priority":1},{"id":524189,"action":{"type":"block"},"condition":{"urlFilter":"||mifirm.net/assets/img/micloud.gif"},"priority":1},{"id":524293,"action":{"type":"block"},"condition":{"urlFilter":"||harness.io/wp-content/uploads/*/PipelinePatterns.png"},"priority":1},{"id":530056,"action":{"type":"block"},"condition":{"urlFilter":"||cmtscience.ru/photos/shares/banners/5eba53abef3e6.gif"},"priority":1},{"id":530204,"action":{"type":"block"},"condition":{"urlFilter":"||mirsmart.com.ua/image/catalog/bg/bg-sh-xiaomi-vivo.jpg"},"priority":1},{"id":531424,"action":{"type":"block"},"condition":{"urlFilter":"||img.news.goo.ne.jp/image_proxy/resize/*/topics/*/s_banner/"},"priority":1},{"id":531495,"action":{"type":"block"},"condition":{"urlFilter":"||script.softcube.com^","initiatorDomains":["foxtrot.com.ua"]},"priority":201},{"id":531828,"action":{"type":"block"},"condition":{"urlFilter":"||cdn.myanimelist.net/images/event/support_mal/banner-ani-*.gif"},"priority":1},{"id":532285,"action":{"type":"block"},"condition":{"urlFilter":"||betonsuccess.ru/cache/user_beton_banners/banner_*.gif"},"priority":1},{"id":532588,"action":{"type":"block"},"condition":{"urlFilter":"||usefomo.com^","domainType":"thirdParty"},"priority":2},{"id":534103,"action":{"type":"block"},"condition":{"urlFilter":"||androidheadlines.com/wp-content/uploads/2019/07/AH-TechDeals-300x150.jpg"},"priority":1},{"id":534188,"action":{"type":"block"},"condition":{"urlFilter":"||androidheadlines.com/wp-content/uploads/2020/04/AH-Latest-Tech-Deals-Wide.jpg"},"priority":1},{"id":534688,"action":{"type":"block"},"condition":{"urlFilter":"||img1.infobank.by/images/imagesindb/banner-perevody-150419-3.png.aspx"},"priority":1},{"id":534833,"action":{"type":"block"},"condition":{"urlFilter":"||zviazda.by/banners/padpiska202025.jpg"},"priority":1},{"id":535391,"action":{"type":"block"},"condition":{"urlFilter":"||letu.ru/common/img/background/doma_*.jpg"},"priority":1},{"id":537789,"action":{"type":"block"},"condition":{"urlFilter":"||pcsecrets.ru/wp-content/uploads/*/word_book*.png"},"priority":1},{"id":538887,"action":{"type":"block"},"condition":{"urlFilter":"||blackhole.beeline.ru/i/banners/"},"priority":1},{"id":541422,"action":{"type":"block"},"condition":{"urlFilter":"||i.bcrncdn.com/promotions/devaluation/182x600/"},"priority":1},{"id":542020,"action":{"type":"block"},"condition":{"urlFilter":"||doeda.com/wp-content/*/porno.gif"},"priority":1},{"id":542810,"action":{"type":"block"},"condition":{"urlFilter":"||abeagle-public.buzzfeed.com/public/v2/experiment_variants?"},"priority":1},{"id":543333,"action":{"type":"block"},"condition":{"urlFilter":"||fmovies.cab/addons/img/merry_christmas"},"priority":1},{"id":544890,"action":{"type":"block"},"condition":{"urlFilter":"||mytoysgroup.scene7.com/is/image/myToysGroup/*-nnk_plakativ"},"priority":1},{"id":544961,"action":{"type":"block"},"condition":{"urlFilter":"||redecanais.com/imgs-videos/bannervip.jpg"},"priority":1},{"id":545418,"action":{"type":"block"},"condition":{"urlFilter":"||shop.kicker.de^"},"priority":1},{"id":548161,"action":{"type":"block"},"condition":{"urlFilter":"||1pornoxxx.com/templates/1pornoxxx/images/rkl300.png"},"priority":1},{"id":548511,"action":{"type":"block"},"condition":{"urlFilter":"||uploadgig.com/static/vid1.mp4"},"priority":1},{"id":549582,"action":{"type":"block"},"condition":{"urlFilter":"||journalistenwatch.com/wp-content/uploads/2017/08/Boxerin-03.gif"},"priority":1},{"id":549658,"action":{"type":"block"},"condition":{"urlFilter":"||vkstorm.ru/banners/","domainType":"thirdParty"},"priority":2},{"id":549705,"action":{"type":"block"},"condition":{"urlFilter":"||files.webmoney.ru/files/vHbEEBYW/inline"},"priority":1},{"id":549955,"action":{"type":"block"},"condition":{"urlFilter":"||banner.consultant.ru^"},"priority":1},{"id":550762,"action":{"type":"block"},"condition":{"urlFilter":"||news.atv.az/images/top-banner.png"},"priority":1},{"id":550808,"action":{"type":"block"},"condition":{"urlFilter":"||softbesplatno.net/templates/FreeSoft/images/banner*.png"},"priority":1},{"id":553419,"action":{"type":"block"},"condition":{"urlFilter":"||illicium.wmtransfer.com^"},"priority":1},{"id":553456,"action":{"type":"block"},"condition":{"urlFilter":"||illicium.web.money^"},"priority":1},{"id":553488,"action":{"type":"block"},"condition":{"urlFilter":"||archdaily.com/auth/js/kenneth.js^"},"priority":1},{"id":553534,"action":{"type":"block"},"condition":{"urlFilter":"||c-s.net.ua/images/200x200-empty.gif"},"priority":1},{"id":553582,"action":{"type":"block"},"condition":{"urlFilter":"||mpgh.net/images/mini_offur.png"},"priority":1},{"id":553625,"action":{"type":"block"},"condition":{"urlFilter":"||new-line.net.ua/templates/CounterStrike/images/8831.png"},"priority":1},{"id":558908,"action":{"type":"block"},"condition":{"urlFilter":"||s3.amazonaws.com/knowt.com/images/radb","initiatorDomains":["knowt.com"],"resourceTypes":["image"]},"priority":301},{"id":561064,"action":{"type":"block"},"condition":{"urlFilter":"||dlupload.com/contents/horiads","resourceTypes":["image"]},"priority":101},{"id":564257,"action":{"type":"block"},"condition":{"urlFilter":"||eow.alc.co.jp/content/js/popup_control.js"},"priority":1},{"id":569048,"action":{"type":"block"},"condition":{"urlFilter":"||online-stopwatch.com/images/wantmore/www.online-stopwatch.com.jpg"},"priority":1},{"id":571570,"action":{"type":"block"},"condition":{"urlFilter":"||static.wattpad.com/image/*_House-Ad_Premium_"},"priority":1},{"id":574403,"action":{"type":"block"},"condition":{"urlFilter":"||appewa.com/assets/promo-","resourceTypes":["image"]},"priority":101},{"id":574948,"action":{"type":"block"},"condition":{"urlFilter":"||media.geeksforgeeks.org/wp-content/post-ads-banner/"},"priority":1},{"id":575934,"action":{"type":"block"},"condition":{"urlFilter":"||img5.lalafo.com/i/banners"},"priority":1},{"id":576675,"action":{"type":"block"},"condition":{"urlFilter":"||cdn.tinypass.com/api/tinypass.min.js","initiatorDomains":["digiday.com"]},"priority":201},{"id":577065,"action":{"type":"block"},"condition":{"urlFilter":"||special.pikabu.ru/*/embed/"},"priority":1},{"id":577809,"action":{"type":"block"},"condition":{"urlFilter":"||image.mediapen.com/popup/"},"priority":1},{"id":577847,"action":{"type":"block"},"condition":{"urlFilter":"||image.mediapen.com/*/series_"},"priority":1},{"id":582165,"action":{"type":"block"},"condition":{"urlFilter":"||daidata.goraggio.com/ad_image"},"priority":1},{"id":582742,"action":{"type":"block"},"condition":{"urlFilter":"||cuonet.com/data/file/plan/thumb-"},"priority":1},{"id":582787,"action":{"type":"block"},"condition":{"urlFilter":"||sports.smt.docomo.ne.jp/img/bnr/bnr_dgame.jpg"},"priority":1},{"id":582941,"action":{"type":"block"},"condition":{"urlFilter":"||rakuten.co.jp/com/advance/ichiba/rc-gp-sp_banner_scv/sp/condition.js"},"priority":1},{"id":583329,"action":{"type":"block"},"condition":{"urlFilter":"||hbzb111.com/api/advert/"},"priority":1},{"id":583607,"action":{"type":"block"},"condition":{"urlFilter":"||newsstat.dallasnews.com^"},"priority":1},{"id":584225,"action":{"type":"block"},"condition":{"urlFilter":"||yimg.jp/images/realestate/special/*compTopImpact_","initiatorDomains":["realestate.yahoo.co.jp"],"resourceTypes":["image"]},"priority":301},{"id":584652,"action":{"type":"block"},"condition":{"urlFilter":"||mj-king.net/img/BannerAdvertisement/"},"priority":1},{"id":584701,"action":{"type":"block"},"condition":{"urlFilter":"||mj-king.net/img/bnr/bnr_*_300x200.gif"},"priority":1},{"id":584751,"action":{"type":"block"},"condition":{"urlFilter":"||mjk-r.net/common/sample/full01/img/bnr_"},"priority":1},{"id":584803,"action":{"type":"block"},"condition":{"urlFilter":"||mjk-r.net/common/sample/full01/img/bg_special_"},"priority":1},{"id":584862,"action":{"type":"block"},"condition":{"urlFilter":"||mjk-r.net/common/sample/smart01/img/bnr_"},"priority":1},{"id":585210,"action":{"type":"block"},"condition":{"urlFilter":"||japan-indepth.jp/wp-content/uploads/2019/02/jid_member.png"},"priority":1},{"id":585394,"action":{"type":"block"},"condition":{"urlFilter":"||gamewith.jp/ad/"},"priority":1},{"id":586512,"action":{"type":"block"},"condition":{"urlFilter":"||r.mradx.net^*.html?data=","initiatorDomains":["cloud.mail.ru"],"resourceTypes":["sub_frame"]},"priority":301},{"id":587211,"action":{"type":"block"},"condition":{"urlFilter":"||yanmaga.jp/api/customers/viewer_banners/"},"priority":1},{"id":590909,"action":{"type":"block"},"condition":{"urlFilter":"||news-postseven.com/uploads/*/banner_300x300.png"},"priority":1},{"id":591380,"action":{"type":"block"},"condition":{"urlFilter":"||oricon.co.jp/sp/img/_parts/manual/yomurun/"},"priority":1},{"id":591901,"action":{"type":"block"},"condition":{"urlFilter":"||insurance.rakuten.co.jp/car/img/banner/mno_"},"priority":1},{"id":591957,"action":{"type":"block"},"condition":{"urlFilter":"||lolipop.jp/img/bnr/bnr_lolipop_ad_"},"priority":1},{"id":592353,"action":{"type":"block"},"condition":{"urlFilter":"||nijiyome.jp/css/contents_pc/topjack.css"},"priority":1},{"id":592405,"action":{"type":"block"},"condition":{"urlFilter":"||nijiyome.com/nijiyome-img/img/banners/*/topjack_","initiatorDomains":["nijiyome.jp"],"resourceTypes":["image"]},"priority":301},{"id":596444,"action":{"type":"block"},"condition":{"urlFilter":"||kidona.rakuten.co.jp/imgt/brand/banner/*_mno_"},"priority":1},{"id":596502,"action":{"type":"block"},"condition":{"urlFilter":"||takarakuji.rakuten.co.jp/image/banner/other/external/r_mobile_"},"priority":1},{"id":596577,"action":{"type":"block"},"condition":{"urlFilter":"||takarakuji.rakuten.co.jp/pc/champ/loto/img/external/r_mobile_"},"priority":1},{"id":596712,"action":{"type":"block"},"condition":{"urlFilter":"||rakuten-sonpo.co.jp/Portals/0/images/common/group/bnr_pr_life_partner_"},"priority":1},{"id":597470,"action":{"type":"block"},"condition":{"urlFilter":"||yimg.jp/images/yjtop-common/extension/promo/*/new/banner/weather_banner.png","initiatorDomains":["weather.yahoo.co.jp"]},"priority":201},{"id":597597,"action":{"type":"block"},"condition":{"urlFilter":"||pharma.mynavi.jp/img/areabnr/bnr_top_"},"priority":1},{"id":597647,"action":{"type":"block"},"condition":{"urlFilter":"||pharma.mynavi.jp/sp/img/bg_pr.gif"},"priority":1},{"id":598696,"action":{"type":"block"},"condition":{"urlFilter":"||fc2.com/video/img/banner/"},"priority":1},{"id":598793,"action":{"type":"block"},"condition":{"urlFilter":"||sponichi.co.jp/gamble/auto/images/charilotobanner005_"},"priority":1},{"id":599226,"action":{"type":"block"},"condition":{"urlFilter":"||xgoo.jp/top2018/conductor_banner"},"priority":1},{"id":600679,"action":{"type":"block"},"condition":{"urlFilter":"||sourcenext.com/~/media/Images/pr_sc/"},"priority":1},{"id":601152,"action":{"type":"block"},"condition":{"urlFilter":"||rakuten-bank.co.jp/shared/images/top/pr/"},"priority":1},{"id":603781,"action":{"type":"block"},"condition":{"urlFilter":"||octoparse.com/media/*/web-banner-1.jpeg"},"priority":1},{"id":603937,"action":{"type":"block"},"condition":{"urlFilter":"||p.dmm.co.jp/p/bnr/dc/topics/large/book_"},"priority":1},{"id":604388,"action":{"type":"block"},"condition":{"urlFilter":"||xgoo.jp/images/common/banner_*_320_150","initiatorDomains":["oshiete.goo.ne.jp"]},"priority":201},{"id":604476,"action":{"type":"block"},"condition":{"urlFilter":"||xgoo.jp/images/common/banner_*_630_110","initiatorDomains":["oshiete.goo.ne.jp"]},"priority":201},{"id":605385,"action":{"type":"block"},"condition":{"urlFilter":"||myjcom.jp/special/common/tvguide/banner/"},"priority":1},{"id":608640,"action":{"type":"block"},"condition":{"urlFilter":"||weraveyou.com/wp-content/uploads/*/*/sample-pack-ad.jpg"},"priority":1},{"id":608860,"action":{"type":"block"},"condition":{"urlFilter":"||gomovies-online.cam/addons/*.gif"},"priority":1},{"id":612263,"action":{"type":"block"},"condition":{"urlFilter":"||taboola.com^","initiatorDomains":["sankei.com"]},"priority":201},{"id":612627,"action":{"type":"block"},"condition":{"urlFilter":"/stock_bnr_300-","initiatorDomains":["food-foto.jp","model-foto.jp","pro-foto.jp"]},"priority":135},{"id":613073,"action":{"type":"block"},"condition":{"urlFilter":"||radiko.jp/static/image/half_banner.gif"},"priority":1},{"id":613329,"action":{"type":"block"},"condition":{"urlFilter":"||news.sod.co.jp/wp-content/uploads/*/prime_cp_","domainType":"firstParty","resourceTypes":["image"]},"priority":102},{"id":613544,"action":{"type":"block"},"condition":{"urlFilter":"||bizocean.jp/column/wp-content/uploads/2017/11/temply_banner"},"priority":1},{"id":613616,"action":{"type":"block"},"condition":{"urlFilter":"||goobike.com/img/","initiatorDomains":["bikebros.co.jp"]},"priority":201},{"id":613846,"action":{"type":"block"},"condition":{"urlFilter":"/random_affiliate.js","initiatorDomains":["elog.tokyo","freegame-mugen.jp"]},"priority":151},{"id":614401,"action":{"type":"block"},"condition":{"urlFilter":"||cloudfront.net/column/*/eikaiwa_ad_bannar_","initiatorDomains":["weblio.jp"]},"priority":201},{"id":614997,"action":{"type":"block"},"condition":{"urlFilter":"||rakuten-static.com/1/grp/banner/js/create.js"},"priority":1},{"id":615534,"action":{"type":"block"},"condition":{"urlFilter":"||brocardi.it/frontend/images/banner-quesito-libero-pensoso.gif"},"priority":1},{"id":616035,"action":{"type":"block"},"condition":{"urlFilter":"||mora.jp/pc/img/jack/"},"priority":1},{"id":616068,"action":{"type":"block"},"condition":{"urlFilter":"||rakuten.co.jp/sitemap/img/banner/"},"priority":1},{"id":616637,"action":{"type":"block"},"condition":{"urlFilter":"||jugem.jp/user_blog/ad/"},"priority":1},{"id":617275,"action":{"type":"block"},"condition":{"urlFilter":"||casting-porno-tube.com/wp-content/uploads/*/Banner1.png"},"priority":1},{"id":617343,"action":{"type":"block"},"condition":{"urlFilter":"||xtube.com/staticcdn/promotion/"},"priority":1},{"id":617735,"action":{"type":"block"},"condition":{"urlFilter":"||cloudfront.net/widgets2021/banner/index.html","initiatorDomains":["tvn24.pl"]},"priority":201},{"id":618205,"action":{"type":"block"},"condition":{"urlFilter":"||cf.quizizz.com/img/super/ads/ads_banner*.png"},"priority":1},{"id":618630,"action":{"type":"block"},"condition":{"urlFilter":"||kakaku.com/script/itemview/RdmReviewAd.js"},"priority":1},{"id":619480,"action":{"type":"block"},"condition":{"urlFilter":"||tsite.jp/resource/t-mall/hit/game_bnr_sp.jpg"},"priority":1},{"id":619779,"action":{"type":"block"},"condition":{"urlFilter":"||cdn.duden.de/public_files/*/DO_Plus-banner-boxer.mp4"},"priority":1},{"id":620448,"action":{"type":"block"},"condition":{"urlFilter":"||limg.imgsmail.ru/informers/vk-slides/"},"priority":1},{"id":622154,"action":{"type":"block"},"condition":{"urlFilter":"||yomiuri.co.jp/assets/images/footer-subscribe/"},"priority":1},{"id":626160,"action":{"type":"block"},"condition":{"urlFilter":"||elegantthemes.com/js/promo_slide_in.js"},"priority":1},{"id":627635,"action":{"type":"block"},"condition":{"urlFilter":"||widgets.hawk-assets.co.uk^","initiatorDomains":["techradar.com"]},"priority":201},{"id":628344,"action":{"type":"block"},"condition":{"urlFilter":"||shop.investors.com/images/promotional/shop/*/index.html","initiatorDomains":["investors.com"],"resourceTypes":["sub_frame"]},"priority":301},{"id":629413,"action":{"type":"block"},"condition":{"urlFilter":"||dorzeczy.pl/dorzeczy/_*/widgets/promocja-tygodnika-"},"priority":1},{"id":632426,"action":{"type":"block"},"condition":{"urlFilter":"||photobucket.com/resources/common/js/prompt.js"},"priority":1},{"id":632709,"action":{"type":"block"},"condition":{"urlFilter":"||vgc.no/vgpluss/campaigns/wp.png"},"priority":1},{"id":632843,"action":{"type":"block"},"condition":{"urlFilter":"||cdn.r10.net/r10/i/r10.gif"},"priority":1},{"id":637866,"action":{"type":"block"},"condition":{"urlFilter":"||weraveyou.com/wp-content/uploads/*/WeRaveYou_PromotionAD6.png"},"priority":1},{"id":637940,"action":{"type":"block"},"condition":{"urlFilter":"||teknoblog.com/wp-content/uploads/*/teknoblog-patreon-300-250@2x.jpg"},"priority":1},{"id":641180,"action":{"type":"block"},"condition":{"urlFilter":"/mlxhl/v2/for-page?","resourceTypes":["xmlhttprequest"]},"priority":101},{"id":647874,"action":{"type":"block"},"condition":{"urlFilter":"||img.stripst.com/*/previews","initiatorDomains":["xhamster.com"]},"priority":201},{"id":647945,"action":{"type":"block"},"condition":{"urlFilter":"||xhamsterpremium.com^","domainType":"thirdParty"},"priority":2},{"id":655975,"action":{"type":"block"},"condition":{"urlFilter":"||media.giphy.com/headers/2018-09-21-03-1537542191/FilmFestHPBannerFINAL.gif"},"priority":1},{"id":658412,"action":{"type":"block"},"condition":{"urlFilter":"||flashondemand.top-ix.org/video-omg/channels/vvvvid.mp4"},"priority":1},{"id":658479,"action":{"type":"block"},"condition":{"urlFilter":"||playwire.com^","initiatorDomains":["psprices.com"]},"priority":201},{"id":659478,"action":{"type":"block"},"condition":{"urlFilter":"||myshows.me/shared/img/fe/banners/pro-*.gif"},"priority":1},{"id":659920,"action":{"type":"block"},"condition":{"urlFilter":"||aidma.104.com.tw/js/e104aidma.php"},"priority":1},{"id":660730,"action":{"type":"block"},"condition":{"urlFilter":"||s.yimg.com/rx/up/builds/8.5.18/ifcp.html","initiatorDomains":["mail.yahoo.com"]},"priority":201},{"id":660817,"action":{"type":"block"},"condition":{"urlFilter":"||s.yimg.com/rx/builds/*/iframe-controller-page.html","initiatorDomains":["mail.yahoo.com"]},"priority":201},{"id":661322,"action":{"type":"block"},"condition":{"urlFilter":"||app.123pan.com/manager/share_background/*.png"},"priority":1},{"id":662338,"action":{"type":"block"},"condition":{"urlFilter":"||forums.comodo.com/Themes/comodov2/images/free-signup.png"},"priority":1},{"id":662999,"action":{"type":"block"},"condition":{"urlFilter":"||attservicesinc.tt.omtrdc.net/m2/attservicesinc/mbox/json?mbox="},"priority":1000001},{"id":663495,"action":{"type":"block"},"condition":{"urlFilter":"||yimg.com/*/js/generic_yset_search-min.js^"},"priority":1},{"id":664046,"action":{"type":"block"},"condition":{"urlFilter":"||filearchive.cnews.ru/*promo","initiatorDomains":["cnews.ru"],"resourceTypes":["media"]},"priority":301},{"id":664286,"action":{"type":"block"},"condition":{"urlFilter":"||nim.ru/i/1920_1101/banner/"},"priority":1},{"id":665421,"action":{"type":"block"},"condition":{"urlFilter":"||contributions.guardianapis.com^"},"priority":1},{"id":666465,"action":{"type":"block"},"condition":{"urlFilter":"||apay-up-banner.com^","domainType":"thirdParty","initiatorDomains":["book.oricon.co.jp"],"resourceTypes":["image"]},"priority":302},{"id":669190,"action":{"type":"block"},"condition":{"urlFilter":"||bb.tele2.ru/media/video/*mobile","initiatorDomains":["tele2.ru"]},"priority":201},{"id":669262,"action":{"type":"block"},"condition":{"urlFilter":"||bb.tele2.ru/media/video/*desktop","initiatorDomains":["tele2.ru"]},"priority":201},{"id":670222,"action":{"type":"block"},"condition":{"urlFilter":"||healthy-vape.shop/user_data/packages/*/img/banner/bnr_debut_gray.png"},"priority":1},{"id":671666,"action":{"type":"block"},"condition":{"urlFilter":"||i38.ru/templates/teleinform/js/cprgt.js"},"priority":1},{"id":672689,"action":{"type":"block"},"condition":{"urlFilter":"||static.haoword.com/pc/js/fwdibu.js"},"priority":1},{"id":676829,"action":{"type":"block"},"condition":{"urlFilter":"||animespirit.tv/templates/animespirit/images/background"},"priority":1},{"id":680936,"action":{"type":"block"},"condition":{"urlFilter":"||mtb-news.de/news/*/Radon_"},"priority":1},{"id":681083,"action":{"type":"block"},"condition":{"urlFilter":"||ecogolik.ru/upload/iblock/628/Sentio_Adv.jpg"},"priority":1},{"id":762921,"action":{"type":"allow"},"condition":{"urlFilter":"||statesman.com/section/widget-eedition-ads","initiatorDomains":["statesman-tx.newsmemory.com"]},"priority":100201},{"id":788472,"action":{"type":"block"},"condition":{"urlFilter":"||fastly.jsdelivr.net/npm/disable-devtool@latest/disable-devtool.min.js","initiatorDomains":["dizipal37.cloud","dizipal43.cloud","dizipal45.cloud","dizipal47.cloud","dizipal48.cloud","dizipal54.cloud","dizipal73.cloud","dizipal140.cloud"]},"priority":114},{"id":789206,"action":{"type":"block"},"condition":{"urlFilter":"||knowbaike.com/jzfz.js"},"priority":1},{"id":789341,"action":{"type":"block"},"condition":{"urlFilter":"/wp-content/plugins/swiftninjapro-inspect-element-console-blocker/assets/*"},"priority":1},{"id":789426,"action":{"type":"block"},"condition":{"urlFilter":"/wp-content/plugins/wccp-pro/*"},"priority":1},{"id":789467,"action":{"type":"block"},"condition":{"urlFilter":"/wp-content/plugins/content-copy-protection-disable-right-click/assets/*"},"priority":1},{"id":789550,"action":{"type":"block"},"condition":{"urlFilter":"/wp-content/plugins/ungrabber/js/ungrabber.min.js"},"priority":1},{"id":789610,"action":{"type":"block"},"condition":{"urlFilter":"/wp-content/plugins/image-watermark/js/no-right-click.js"},"priority":1},{"id":789677,"action":{"type":"block"},"condition":{"urlFilter":"/wp-content/plugins/wp-content-copy-protection/assets/*"},"priority":1},{"id":789743,"action":{"type":"block"},"condition":{"urlFilter":"/wp-content/plugins/jcwp-copy-paste-blocker/*"},"priority":1},{"id":789799,"action":{"type":"block"},"condition":{"urlFilter":"/wp-content/plugins/digiproveblog/*","excludedInitiatorDomains":["wordpress.org"]},"priority":2},{"id":789879,"action":{"type":"block"},"condition":{"urlFilter":"/wp-content/plugins/disable-right-click/*"},"priority":1},{"id":789931,"action":{"type":"block"},"condition":{"urlFilter":"/wp-content/plugins/right-click-disable-orignal/*"},"priority":1},{"id":789991,"action":{"type":"block"},"condition":{"urlFilter":"||gazetasp.com.br/application/themes/gazetasp.com.br/js/noticia.js"},"priority":1},{"id":790068,"action":{"type":"block"},"condition":{"urlFilter":"||klmanga.app/js/script.js"},"priority":1},{"id":790105,"action":{"type":"block"},"condition":{"urlFilter":"||mangarawjp.tv/js/script.js"},"priority":1},{"id":790144,"action":{"type":"block"},"condition":{"urlFilter":"||mantan-web.jp/assets/js/no_contextmenu.js"},"priority":1},{"id":790198,"action":{"type":"block"},"condition":{"urlFilter":"||topcarweb.com/Content/js/nocopy.js"},"priority":1},{"id":790245,"action":{"type":"block"},"condition":{"urlFilter":"||descargas.pntic.mec.es/*/libot_drag.js"},"priority":1},{"id":790296,"action":{"type":"block"},"condition":{"urlFilter":"||script.gmarket.co.kr/js/itemdweb/ItemBase.js"},"priority":1},{"id":790353,"action":{"type":"block"},"condition":{"urlFilter":"||theaircurrent.com/wp-content/themes/slate/print.css"},"priority":1},{"id":790417,"action":{"type":"block"},"condition":{"urlFilter":"||tv-asahi.co.jp/wp-content/themes/favclip-master/js/front.js"},"priority":1},{"id":790489,"action":{"type":"block"},"condition":{"urlFilter":"||xn--80aebkobnwfcnsfk1e0h.xn--p1ai/media/gibdd/build/js/nocopy.js"},"priority":1},{"id":790566,"action":{"type":"block"},"condition":{"urlFilter":"||a24.com.ua/design/imed/js/ncp.js"},"priority":1},{"id":790611,"action":{"type":"block"},"condition":{"urlFilter":"||cafe.naver.com/static/js/mycafe/javascript/autosourcing*.js"},"priority":1},{"id":790683,"action":{"type":"block"},"condition":{"urlFilter":"||securitylab.ru/js/cpb.js"},"priority":1},{"id":790720,"action":{"type":"block"},"condition":{"urlFilter":"||suntory.co.jp/softdrink/craftboss/flash/assets/img/mouse.gif"},"priority":1},{"id":790793,"action":{"type":"block"},"condition":{"urlFilter":"||suntory.co.jp/softdrink/craftboss/flash/assets/js/main.js"},"priority":1},{"id":790863,"action":{"type":"block"},"condition":{"urlFilter":"||tmgrup.com.tr/*/pageProtection.js"},"priority":1},{"id":790909,"action":{"type":"block"},"condition":{"urlFilter":"||profilki.pl/kody/niekopiuj.js"},"priority":1},{"id":790951,"action":{"type":"block"},"condition":{"urlFilter":"||bajery.net/adds/copy_b.php"},"priority":1},{"id":790990,"action":{"type":"block"},"condition":{"urlFilter":"||xn--b1aew.xn--p1ai/media/*/js/nocopy.js"},"priority":1},{"id":515807,"action":{"type":"block"},"condition":{"regexFilter":"(mybook-new|sign-book2)\\.(jpg|png)","initiatorDomains":["zhangxinxu.com"]},"priority":201}]