[{"id":5,"action":{"type":"block"},"condition":{"urlFilter":"AdsClick.php?AdsID="},"priority":1},{"id":35,"action":{"type":"block"},"condition":{"urlFilter":"BannerClick.aspx?ID="},"priority":1},{"id":66,"action":{"type":"block"},"condition":{"urlFilter":"/bannerscstm/*"},"priority":1},{"id":91,"action":{"type":"block"},"condition":{"urlFilter":"/banners/*.jpg","excludedResourceTypes":["image","main_frame"]},"priority":2},{"id":131,"action":{"type":"block"},"condition":{"urlFilter":"b.*/ban/*"},"priority":1},{"id":151,"action":{"type":"block"},"condition":{"urlFilter":"/catalog/images/baner*.gif"},"priority":1},{"id":188,"action":{"type":"block"},"condition":{"urlFilter":"/cgi-bin/banner.cgi"},"priority":1},{"id":218,"action":{"type":"block"},"condition":{"urlFilter":"com.nxtras.banner.ImageRotator"},"priority":1},{"id":259,"action":{"type":"block"},"condition":{"urlFilter":"/design/images/banner/*"},"priority":1},{"id":293,"action":{"type":"block"},"condition":{"urlFilter":"?go=_common&p=banner&bannerId="},"priority":1},{"id":334,"action":{"type":"block"},"condition":{"urlFilter":"/images/banner.gif"},"priority":1},{"id":363,"action":{"type":"block"},"condition":{"urlFilter":"/mambo/images/banners*"},"priority":1},{"id":396,"action":{"type":"block"},"condition":{"urlFilter":"/tpbanners/*"},"priority":1},{"id":419,"action":{"type":"block"},"condition":{"urlFilter":"/xgemius.js"},"priority":1},{"id":525,"action":{"type":"block"},"condition":{"urlFilter":"||24ins.bg/affiliate/"},"priority":1},{"id":557,"action":{"type":"block"},"condition":{"urlFilter":"||360.bg/baner*"},"priority":1},{"id":583,"action":{"type":"block"},"condition":{"urlFilter":"||4bg.info/*banner*"},"priority":1},{"id":613,"action":{"type":"block"},"condition":{"urlFilter":"a.actualno.com"},"priority":1},{"id":638,"action":{"type":"block"},"condition":{"urlFilter":"||abcnews.bg/user_pic/files/Absolute/index.html"},"priority":1},{"id":696,"action":{"type":"block"},"condition":{"urlFilter":"||account-bg.info/e107/e107_images/banners/"},"priority":1},{"id":750,"action":{"type":"block"},"condition":{"urlFilter":"||actualno.com/actualno-arena-baner*"},"priority":1},{"id":797,"action":{"type":"block"},"condition":{"urlFilter":"adds.svetu.com/banners/"},"priority":1},{"id":831,"action":{"type":"block"},"condition":{"urlFilter":"||adhash.org","resourceTypes":["script"]},"priority":101},{"id":869,"action":{"type":"block"},"condition":{"urlFilter":"||ads*.fixar.org"},"priority":1},{"id":896,"action":{"type":"block"},"condition":{"urlFilter":"adsy.mail.bg"},"priority":1},{"id":919,"action":{"type":"block"},"condition":{"urlFilter":"||advbg.do.am/banners/"},"priority":1},{"id":952,"action":{"type":"block"},"condition":{"urlFilter":"advertere.zamunda.net/www/images/"},"priority":1},{"id":996,"action":{"type":"block"},"condition":{"urlFilter":"||afera.bg/280x190*"},"priority":1},{"id":1026,"action":{"type":"block"},"condition":{"urlFilter":"||afera.bg/banner*"},"priority":1},{"id":1055,"action":{"type":"block"},"condition":{"urlFilter":"||afera.bg/benim.jpg"},"priority":1},{"id":1086,"action":{"type":"block"},"condition":{"urlFilter":"||afera.bg/images/banners/"},"priority":1},{"id":1123,"action":{"type":"block"},"condition":{"urlFilter":"||afera.bg/wp-content/uploads/*/516x516*"},"priority":1},{"id":1174,"action":{"type":"block"},"condition":{"urlFilter":"||afera.bg/wp-content/uploads/*/banneri*"},"priority":1},{"id":1225,"action":{"type":"block"},"condition":{"urlFilter":"||afera.bg/wp-content/uploads/flash_baners/"},"priority":1},{"id":1279,"action":{"type":"block"},"condition":{"urlFilter":"||afera-public.us-southeast-1.linodeobjects.com/wp-content/uploads/2023/08/%D0%BC%D0%B5%D0%BD%D0%B4%D0%B8%D0%B0-%D0%BC%D0%B0%D0%BB%D0%BB.jpg"},"priority":1},{"id":1431,"action":{"type":"block"},"condition":{"urlFilter":"||agencia-sliven.com/img/140x120*"},"priority":1},{"id":1475,"action":{"type":"block"},"condition":{"urlFilter":"||agencia-sliven.com/img/140x160*"},"priority":1},{"id":1519,"action":{"type":"block"},"condition":{"urlFilter":"||agencia-sliven.com/img/*baner*"},"priority":1},{"id":1562,"action":{"type":"block"},"condition":{"urlFilter":"||agencia-sliven.com/img/blue_house.gif"},"priority":1},{"id":1612,"action":{"type":"block"},"condition":{"urlFilter":"||agencia-sliven.com/img/mbal.gif"},"priority":1},{"id":1656,"action":{"type":"block"},"condition":{"urlFilter":"||agroplovdiv.bg/adro/Sinor.09.01.2021/HORTISMART.html"},"priority":1},{"id":1721,"action":{"type":"block"},"condition":{"urlFilter":"||agroplovdiv.bg/wp-content/uploads/2015/05/imbo-1.gif"},"priority":1},{"id":1786,"action":{"type":"block"},"condition":{"urlFilter":"||agroplovdiv.bg/wp-content/uploads/2017/05/logo_naz1.jpg"},"priority":1},{"id":1854,"action":{"type":"block"},"condition":{"urlFilter":"||agroplovdiv.bg/wp-content/uploads/2018/07/logo_new1.jpg"},"priority":1},{"id":1922,"action":{"type":"block"},"condition":{"urlFilter":"||agroplovdiv.bg/wp-content/uploads/2021/04/AGRIA_METEOR_300-X-250px_01_2021.gif"},"priority":1},{"id":2013,"action":{"type":"block"},"condition":{"urlFilter":"||agroplovdiv.bg/wp-content/uploads/2021/04/picasion.com_41c8f37f15db14f1d01cedd75c6d1d65.gif"},"priority":1},{"id":2117,"action":{"type":"block"},"condition":{"urlFilter":"||agroplovdiv.bg/wp-content/uploads/2024/02/TREZIN_AGRIA_300-X-250_02_2024.gif"},"priority":1},{"id":2206,"action":{"type":"block"},"condition":{"urlFilter":"||agroplovdiv.bg/wp-content/uploads/*/baner*"},"priority":1},{"id":2261,"action":{"type":"block"},"condition":{"urlFilter":"||alarmanews.com/wp-content/uploads/2013/11/toptravel.jpg"},"priority":1},{"id":2329,"action":{"type":"block"},"condition":{"urlFilter":"||alarmanews.com/wp-content/uploads/2014/04/%D0%9B%D0%BE%D0%B3%D0%BE%D0%B0%D0%BB%D0%B0%D1%80%D0%BC%D0%B0.jpg"},"priority":1},{"id":2448,"action":{"type":"block"},"condition":{"urlFilter":"||alein.org/images/aimg_280x150.jpg"},"priority":1},{"id":2494,"action":{"type":"block"},"condition":{"urlFilter":"||alein.org/images/bgtop4.gif"},"priority":1},{"id":2534,"action":{"type":"block"},"condition":{"urlFilter":"||alein.org/images/doggydoggy2.jpg"},"priority":1},{"id":2579,"action":{"type":"block"},"condition":{"urlFilter":"||alein.org/images/godaddy*"},"priority":1},{"id":2617,"action":{"type":"block"},"condition":{"urlFilter":"||alein.org/images/putdrive*"},"priority":1},{"id":2656,"action":{"type":"block"},"condition":{"urlFilter":"||alein.org/images/user/*banner*"},"priority":1},{"id":2699,"action":{"type":"block"},"condition":{"urlFilter":"||alein.org/images/user/evowow.new.img.gif"},"priority":1},{"id":2752,"action":{"type":"block"},"condition":{"urlFilter":"||alein.org/images/user/Kosebose.com.jpg"},"priority":1},{"id":2803,"action":{"type":"block"},"condition":{"urlFilter":"||alein.org/images/user/zoomax.gif"},"priority":1},{"id":2848,"action":{"type":"block"},"condition":{"urlFilter":"||amam.bg/a-d-s/"},"priority":1},{"id":2875,"action":{"type":"block"},"condition":{"urlFilter":"||amam.bg/bans/"},"priority":1},{"id":2901,"action":{"type":"block"},"condition":{"urlFilter":"||androidbg.com/banner*"},"priority":1},{"id":2935,"action":{"type":"block"},"condition":{"urlFilter":"||animes3000.net/work/"},"priority":1},{"id":2968,"action":{"type":"block"},"condition":{"urlFilter":"||ardanews.info/banners/"},"priority":1},{"id":3003,"action":{"type":"block"},"condition":{"urlFilter":"as.adwise.bg/j/context3rd.jsp"},"priority":1},{"id":3043,"action":{"type":"block"},"condition":{"urlFilter":"||astrohoroscope.info/reklama/"},"priority":1},{"id":3084,"action":{"type":"block"},"condition":{"urlFilter":"||autoclub.bg/Files/Baners/"},"priority":1},{"id":3122,"action":{"type":"block"},"condition":{"urlFilter":"||autoclub.bg/images/bg_body-*"},"priority":1},{"id":3163,"action":{"type":"block"},"condition":{"urlFilter":"||autonews.bg/Files/Baners/"},"priority":1},{"id":3201,"action":{"type":"block"},"condition":{"urlFilter":"||auto-press.net/img/top_banner/"},"priority":1},{"id":3244,"action":{"type":"block"},"condition":{"urlFilter":"||avetorrents.com/pic/positions/"},"priority":1},{"id":3287,"action":{"type":"block"},"condition":{"urlFilter":"||avtocatalog.org/banerss/"},"priority":1},{"id":3324,"action":{"type":"block"},"condition":{"urlFilter":"b1.alo.bg/www/images/"},"priority":1},{"id":3356,"action":{"type":"block"},"condition":{"urlFilter":"||bacchus.bg/img/baner_*.jpg"},"priority":1},{"id":3395,"action":{"type":"block"},"condition":{"urlFilter":"||barometar.net/wp-content/uploads/2011/03/"},"priority":1},{"id":3449,"action":{"type":"block"},"condition":{"urlFilter":"||beaverscripts.com/openwindow.js?puurl=http://worldcup.sportal.bg/news"},"priority":1},{"id":3531,"action":{"type":"block"},"condition":{"urlFilter":"||befsa.com/banners/"},"priority":1},{"id":3562,"action":{"type":"block"},"condition":{"urlFilter":"beis.bia-bg.com/images/baner*"},"priority":1},{"id":3602,"action":{"type":"block"},"condition":{"urlFilter":"||bezvazelin.net/e107_images/banners/"},"priority":1},{"id":3650,"action":{"type":"block"},"condition":{"urlFilter":"||bghelp.co.uk/banners/"},"priority":1},{"id":3684,"action":{"type":"block"},"condition":{"urlFilter":"||bghelp.co.uk/G-Temp/"},"priority":1},{"id":3717,"action":{"type":"block"},"condition":{"urlFilter":"||bgled.com/userfiles/editor/image/racoms%20v1.2.gif"},"priority":1},{"id":3780,"action":{"type":"block"},"condition":{"urlFilter":"||bgmaps.com/images/Billboard"},"priority":1},{"id":3820,"action":{"type":"block"},"condition":{"urlFilter":"||bgmaps.com/images/staticfield/200x40.JPG"},"priority":1},{"id":3873,"action":{"type":"block"},"condition":{"urlFilter":"||bgmaps.com/images/staticfield/634x20.jpg"},"priority":1},{"id":3926,"action":{"type":"block"},"condition":{"urlFilter":"b.grabo.bg"},"priority":1},{"id":3947,"action":{"type":"block"},"condition":{"urlFilter":"||bgrabotodatel.com/images/Banner*"},"priority":1},{"id":3992,"action":{"type":"block"},"condition":{"urlFilter":"||bg.search.etargetnet.com/generic/"},"priority":1},{"id":4038,"action":{"type":"block"},"condition":{"urlFilter":"||bgtop100.com/imgs/*ad"},"priority":1},{"id":4072,"action":{"type":"block"},"condition":{"urlFilter":"||bg-voice.com/wp-content/uploads/*286x300*"},"priority":1},{"id":4126,"action":{"type":"block"},"condition":{"urlFilter":"||bgvolleyball.com/banner/"},"priority":1},{"id":4163,"action":{"type":"block"},"condition":{"urlFilter":"||biblio.bg/images/banner/"},"priority":1},{"id":4200,"action":{"type":"block"},"condition":{"urlFilter":"||big5.bg/images/iva/03/bella.png"},"priority":1},{"id":4244,"action":{"type":"block"},"condition":{"urlFilter":"||big5.bg/images/iva/baner*"},"priority":1},{"id":4282,"action":{"type":"block"},"condition":{"urlFilter":"||big5.bg/images/ogi/banner*"},"priority":1},{"id":4321,"action":{"type":"block"},"condition":{"urlFilter":"bimg.abv.bg/banners/"},"priority":1},{"id":4352,"action":{"type":"block"},"condition":{"urlFilter":"bimg.abv.bg/sravni/banners-with-tabs/"},"priority":1},{"id":4400,"action":{"type":"block"},"condition":{"urlFilter":"||bivol.bg/images/banners/"},"priority":1},{"id":4437,"action":{"type":"block"},"condition":{"urlFilter":"||bivol.bg/wp-content/uploads/2016/06/banner-plane-tickets.jpg"},"priority":1},{"id":4510,"action":{"type":"block"},"condition":{"urlFilter":"||bivol.bg/wp-content/uploads/*baner*"},"priority":1},{"id":4558,"action":{"type":"block"},"condition":{"urlFilter":"||blagoevgrad.eu//banners/"},"priority":1},{"id":4595,"action":{"type":"block"},"condition":{"urlFilter":"||blagoevgrad.eu/banners/"},"priority":1},{"id":4631,"action":{"type":"block"},"condition":{"urlFilter":"||blagoevgrad.eu/wp-content/uploads/2017/02/hotelmakedoniadelchevo.gif"},"priority":1},{"id":4712,"action":{"type":"block"},"condition":{"urlFilter":"||blagoevgrad.eu/wp-content/uploads/2018/01/reklama-blagoevgrad2018.jpg"},"priority":1},{"id":4794,"action":{"type":"block"},"condition":{"urlFilter":"||blagoevgrad.eu/wp-content/uploads/2019/02/BolnicaPuls_Blagoevgrad.jpg"},"priority":1},{"id":4876,"action":{"type":"block"},"condition":{"urlFilter":"||blagoevgrad.eu/wp-content/uploads/2020/05/largoblagoevgrad-baner.jpg"},"priority":1},{"id":4957,"action":{"type":"block"},"condition":{"urlFilter":"||blagoevgrad.eu/wp-content/uploads/2021/04/rec728.png"},"priority":1},{"id":5022,"action":{"type":"block"},"condition":{"urlFilter":"||blagoevgrad.eu/wp-content/uploads/2021/04/vmax.gif"},"priority":1},{"id":5085,"action":{"type":"block"},"condition":{"urlFilter":"||blagoevgrad.eu/wp-content/uploads/2021/06/gerb1.jpg"},"priority":1},{"id":5149,"action":{"type":"block"},"condition":{"urlFilter":"||blagoevgrad.eu/wp-content/uploads/2021/06/gerb2.jpg"},"priority":1},{"id":5213,"action":{"type":"block"},"condition":{"urlFilter":"||bmwpower-bg.net/banners"},"priority":1},{"id":5249,"action":{"type":"block"},"condition":{"urlFilter":"||borbabg.com/wp-content/uploads/*banner*"},"priority":1},{"id":5301,"action":{"type":"block"},"condition":{"urlFilter":"bravo.btv.bg/banners/"},"priority":1},{"id":5333,"action":{"type":"block"},"condition":{"urlFilter":"||briag.bg/uploads/wysiwyg/images/Antoan%20Vill%20logo.jpg"},"priority":1},{"id":5402,"action":{"type":"block"},"condition":{"urlFilter":"||briag.bg/uploads/wysiwyg/images/*banner*"},"priority":1},{"id":5455,"action":{"type":"block"},"condition":{"urlFilter":"||briag.bg/uploads/wysiwyg/images/%D0%A0%D0%A3%20%D0%BB%D0%BE%D0%B3%D0%BE%20250%D1%85300%20%D0%BF%D0%B8%D0%BA%D1%81%D0%B5%D0%BB%D0%B0.jpg"},"priority":1},{"id":5604,"action":{"type":"block"},"condition":{"urlFilter":"||briag.bg/uploads/wysiwyg/images/IMG-3a9d125f6f610f985a304ccad96dba7d-V.jpg"},"priority":1},{"id":5691,"action":{"type":"block"},"condition":{"urlFilter":"||briag.bg/uploads/wysiwyg/images/kulinar.jpg"},"priority":1},{"id":5747,"action":{"type":"block"},"condition":{"urlFilter":"||briag.bg/uploads/wysiwyg/images/Logo%20DP_kare%20Bryag%20copy.jpg"},"priority":1},{"id":5825,"action":{"type":"block"},"condition":{"urlFilter":"||briag.bg/uploads/wysiwyg/images/Mall%20Rousse%20Logo%20Slogan-no%20borders.jpg"},"priority":1},{"id":5916,"action":{"type":"block"},"condition":{"urlFilter":"||briag.bg/uploads/wysiwyg/images/Plastingenering-D-1%20site.jpg"},"priority":1},{"id":5991,"action":{"type":"block"},"condition":{"urlFilter":"||briag.bg/uploads/wysiwyg/images/Site%20abonament%202020jpg_Page1.jpg"},"priority":1},{"id":6072,"action":{"type":"block"},"condition":{"urlFilter":"||bsms.bg/images/upload/banner/"},"priority":1},{"id":6114,"action":{"type":"block"},"condition":{"urlFilter":"||bueno.bg/affiliates/"},"priority":1},{"id":6147,"action":{"type":"block"},"condition":{"urlFilter":"bulgaria.utre.bg/images/banners"},"priority":1},{"id":6189,"action":{"type":"block"},"condition":{"urlFilter":"||bulnews.bg/adds/*"},"priority":1},{"id":6219,"action":{"type":"block"},"condition":{"urlFilter":"||bulnews.bg/uploads/336a3ee29e1869ba02fea678646e9a16d95c8d41.png"},"priority":1},{"id":6295,"action":{"type":"block"},"condition":{"urlFilter":"||bulnews.bg/uploads/3b94d9774ba5537002c585de8afe4a5c212ce82a.jpeg"},"priority":1},{"id":6372,"action":{"type":"block"},"condition":{"urlFilter":"||bulnews.bg/uploads/56f6843c0c812be028399748219c7910b10d8515.jpeg"},"priority":1},{"id":6449,"action":{"type":"block"},"condition":{"urlFilter":"||bulnews.bg/uploads/6175744acfebfc42dcdae9a160a8d149007b8edc.jpeg"},"priority":1},{"id":6526,"action":{"type":"block"},"condition":{"urlFilter":"||bulnews.bg/uploads/71871148362c8ea73ffa0c025b1963493b669f31.jpeg"},"priority":1},{"id":6603,"action":{"type":"block"},"condition":{"urlFilter":"||bulnews.bg/uploads/7cbe411f841fdbf6a5ec96988ac4fb7705d04157.gif"},"priority":1},{"id":6679,"action":{"type":"block"},"condition":{"urlFilter":"||bulnews.bg/uploads/a5936ec73c18fc604b855f3c1ff72506b9724553.png"},"priority":1},{"id":6755,"action":{"type":"block"},"condition":{"urlFilter":"||bulnews.bg/uploads/c623683e0dfc94df684d3bf46dab620d9ab258d9.png"},"priority":1},{"id":6831,"action":{"type":"block"},"condition":{"urlFilter":"||bulnews.bg/uploads/cebadd89298c8d41b5e3daa2ec2f6fa736257cd6.jpeg"},"priority":1},{"id":6908,"action":{"type":"block"},"condition":{"urlFilter":"||bulnews.bg/uploads/d95c4f29c9b6b27ad70548801456c51f2da9abe8.png"},"priority":1},{"id":6984,"action":{"type":"block"},"condition":{"urlFilter":"||bulnews.bg/uploads/e67424d42cb22291438c5262110a7733f114282b.png"},"priority":1},{"id":7060,"action":{"type":"block"},"condition":{"urlFilter":"||bulnews.bg/uploads/e85a883e9bccb018ebce8d07b4eeb3fff676392f.jpeg"},"priority":1},{"id":7137,"action":{"type":"block"},"condition":{"urlFilter":"||bulnews.bg/uploads/f4ac4707184c0e4f41a0dc579e2d6ec9fb44c6d0.jpeg"},"priority":1},{"id":7214,"action":{"type":"block"},"condition":{"urlFilter":"||bulnews.bg/vino/"},"priority":1},{"id":7243,"action":{"type":"block"},"condition":{"urlFilter":"||bulphoto.com/banners/"},"priority":1},{"id":7277,"action":{"type":"block"},"condition":{"urlFilter":"||burgasinfo.com/ajax/getbanners/"},"priority":1},{"id":7321,"action":{"type":"block"},"condition":{"urlFilter":"||burgasnews.com/wp-content/uploads/*300x250*"},"priority":1},{"id":7377,"action":{"type":"block"},"condition":{"urlFilter":"||burgasnews.com/wp-content/uploads/*480_100*"},"priority":1},{"id":7433,"action":{"type":"block"},"condition":{"urlFilter":"||burgasnews.com/wp-content/uploads/*630x100*"},"priority":1},{"id":7489,"action":{"type":"block"},"condition":{"urlFilter":"||business.bg/site_files/d-sitebanners/"},"priority":1},{"id":7539,"action":{"type":"block"},"condition":{"urlFilter":"||catalog.bg/images/banner"},"priority":1},{"id":7576,"action":{"type":"block"},"condition":{"urlFilter":"cdn*.focus.bg/fakti/*","initiatorDomains":["bazar.bg","mobile.bg"]},"priority":151},{"id":7646,"action":{"type":"block"},"condition":{"urlFilter":"cdn*.focus.bg/mobile/assets/svg/fakti-logo.svg$image,","initiatorDomains":["mobile.bg"]},"priority":201},{"id":7739,"action":{"type":"block"},"condition":{"urlFilter":"cdn.plus500.com/Media/Banners/"},"priority":1},{"id":7780,"action":{"type":"block"},"condition":{"urlFilter":"||climbingguidebg.com/adv/"},"priority":1},{"id":7817,"action":{"type":"block"},"condition":{"urlFilter":"||club9000.org/banners/"},"priority":1},{"id":7851,"action":{"type":"block"},"condition":{"urlFilter":"||computers.bg/120x460.*"},"priority":1},{"id":7886,"action":{"type":"block"},"condition":{"urlFilter":"||crimes.bg/img/bplay.gif"},"priority":1},{"id":7922,"action":{"type":"block"},"condition":{"urlFilter":"||crimes.bg/img/yourad.gif"},"priority":1},{"id":7959,"action":{"type":"block"},"condition":{"urlFilter":"||dailypress.bg/wp-content/uploads/2015/06/Untitled-21.gif"},"priority":1},{"id":8028,"action":{"type":"block"},"condition":{"urlFilter":"||dar.bg/images/*banner"},"priority":1},{"id":8062,"action":{"type":"block"},"condition":{"urlFilter":"||darik.bg/assets/images/*300x100*"},"priority":1},{"id":8107,"action":{"type":"block"},"condition":{"urlFilter":"||dcnews.bg/wp-content/uploads/2023/12/hipnoza.gif"},"priority":1},{"id":8168,"action":{"type":"block"},"condition":{"urlFilter":"||dcnews.bg/wp-content/uploads/2024/02/niken-e1709132843610.png"},"priority":1},{"id":8242,"action":{"type":"block"},"condition":{"urlFilter":"||dcnews.bg/wp-content/uploads/2024/02/niken.png"},"priority":1},{"id":8301,"action":{"type":"block"},"condition":{"urlFilter":"||dcnews.bg/wp-content/uploads/2024/02/otriazan.mp4"},"priority":1},{"id":8363,"action":{"type":"block"},"condition":{"urlFilter":"||dcnews.bg/wp-content/uploads/2024/02/pgo-baner.gif"},"priority":1},{"id":8426,"action":{"type":"block"},"condition":{"urlFilter":"||delnik.net/wp-content/uploads/2014/02/DemaxBlueRGBProba.png"},"priority":1},{"id":8498,"action":{"type":"block"},"condition":{"urlFilter":"||delnik.net/wp-content/uploads/2014/02/Logo_holograms1.jpg"},"priority":1},{"id":8568,"action":{"type":"block"},"condition":{"urlFilter":"||dennews.bg/files/banners/"},"priority":1},{"id":8606,"action":{"type":"block"},"condition":{"urlFilter":"||dennews.bg/uploads/banners/"},"priority":1},{"id":8646,"action":{"type":"block"},"condition":{"urlFilter":"||dennews.bg/uploads/lovna.gif"},"priority":1},{"id":8687,"action":{"type":"block"},"condition":{"urlFilter":"||dennews.bg/uploads/mm2.jpg"},"priority":1},{"id":8726,"action":{"type":"block"},"condition":{"urlFilter":"||dennews.bg/uploads/REKLAMI/"},"priority":1},{"id":8766,"action":{"type":"block"},"condition":{"urlFilter":"||devabroadcast.com/banner.php"},"priority":1},{"id":8807,"action":{"type":"block"},"condition":{"urlFilter":"||dev.bg/wp-content/uploads/*banner*"},"priority":1},{"id":8854,"action":{"type":"block"},"condition":{"urlFilter":"||dgpazar.eu/Images/Banners"},"priority":1},{"id":8892,"action":{"type":"block"},"condition":{"urlFilter":"||divident.eu/uploads/banners/"},"priority":1},{"id":8933,"action":{"type":"block"},"condition":{"urlFilter":"||djagi.com/banners"},"priority":1},{"id":8963,"action":{"type":"block"},"condition":{"urlFilter":"||dnevnik.bg/images/campaigns/"},"priority":1},{"id":9004,"action":{"type":"block"},"condition":{"urlFilter":"||dobrichonline.com/media/banners/"},"priority":1},{"id":9049,"action":{"type":"block"},"condition":{"urlFilter":"||dobrudjabg.com/upload/banners/"},"priority":1},{"id":9092,"action":{"type":"block"},"condition":{"urlFilter":"||doctorbg.com/thumb.php?src=/data/Image/banners/"},"priority":1},{"id":9152,"action":{"type":"block"},"condition":{"urlFilter":"||draftis.com/b/"},"priority":1},{"id":9179,"action":{"type":"block"},"condition":{"urlFilter":"||dtv-bg.com/banners/"},"priority":1},{"id":9211,"action":{"type":"block"},"condition":{"urlFilter":"||dtv-bg.com/images/razni/XC_new_one.png"},"priority":1},{"id":9262,"action":{"type":"block"},"condition":{"urlFilter":"||duma.bg/images/*/banner*"},"priority":1},{"id":9299,"action":{"type":"block"},"condition":{"urlFilter":"||e-79.com/images/banners/"},"priority":1},{"id":9336,"action":{"type":"block"},"condition":{"urlFilter":"||e-burgas.com/wp-content/uploads/2014/02/studio-bianco.png"},"priority":1},{"id":9406,"action":{"type":"block"},"condition":{"urlFilter":"||e-burgas.com/wp-content/uploads/2015/01/online-store-studioweb.gif"},"priority":1},{"id":9485,"action":{"type":"block"},"condition":{"urlFilter":"||e-burgas.com/wp-content/uploads/2015/09/kare-apteki-Farkol.jpg"},"priority":1},{"id":9560,"action":{"type":"block"},"condition":{"urlFilter":"||e-burgas.com/wp-content/uploads/*baner*"},"priority":1},{"id":9612,"action":{"type":"block"},"condition":{"urlFilter":"||e-burgas.com/wp-content/uploads/*banner*"},"priority":1},{"id":9665,"action":{"type":"block"},"condition":{"urlFilter":"||economy.bg/images/branding/"},"priority":1},{"id":9705,"action":{"type":"block"},"condition":{"urlFilter":"||economynews.bg/website_uploads/Image/theme/euro_atak/"},"priority":1},{"id":9771,"action":{"type":"block"},"condition":{"urlFilter":"||elhovo.news/wp-content/uploads/2018/12/glob.jpg"},"priority":1},{"id":9831,"action":{"type":"block"},"condition":{"urlFilter":"||elhovo.news/wp-content/uploads/2018/12/nts.gif"},"priority":1},{"id":9890,"action":{"type":"block"},"condition":{"urlFilter":"||energy-torrent.com/img/filement.jpg"},"priority":1},{"id":9938,"action":{"type":"block"},"condition":{"urlFilter":"||energy-torrent.com/img/obiavabg.jpg"},"priority":1},{"id":9986,"action":{"type":"block"},"condition":{"urlFilter":"||eventim.bg/root/upload/banner/"},"priority":1},{"id":10029,"action":{"type":"block"},"condition":{"urlFilter":"||e-vestnik.bg/img/banners/"},"priority":1},{"id":10067,"action":{"type":"block"},"condition":{"urlFilter":"||facebook.com/plugins/*","initiatorDomains":["filmi7.com"]},"priority":201},{"id":10132,"action":{"type":"block"},"condition":{"urlFilter":"||faktor.bg/img/wallpaper*"},"priority":1},{"id":10169,"action":{"type":"block"},"condition":{"urlFilter":"||fapturbo.com/banners/"},"priority":1},{"id":10203,"action":{"type":"block"},"condition":{"urlFilter":"||faragency.bg/user_pic/images/baner*"},"priority":1},{"id":10251,"action":{"type":"block"},"condition":{"urlFilter":"||faragency.bg/user_pic/images/Prity_gorelki.jpg"},"priority":1},{"id":10310,"action":{"type":"block"},"condition":{"urlFilter":"||faragency.bg/user_pic/images/sabev%20copy.jpg"},"priority":1},{"id":10368,"action":{"type":"block"},"condition":{"urlFilter":"||fashion.bg/links/"},"priority":1},{"id":10398,"action":{"type":"block"},"condition":{"urlFilter":"||favorite-games.com/images/*/banners/"},"priority":1},{"id":10447,"action":{"type":"block"},"condition":{"urlFilter":"||fibank.bg/web/files/richeditor/promotions/images","resourceTypes":["image"]},"priority":101},{"id":10523,"action":{"type":"block"},"condition":{"urlFilter":"||filternews.bg/wp-content/uploads/*1920x250*"},"priority":1},{"id":10579,"action":{"type":"block"},"condition":{"urlFilter":"||filternews.bg/wp-content/uploads/*300x600*"},"priority":1},{"id":10634,"action":{"type":"block"},"condition":{"urlFilter":"||filternews.bg/wp-content/uploads/*970x250*"},"priority":1},{"id":10689,"action":{"type":"block"},"condition":{"urlFilter":"||filternews.bg/wp-content/uploads/Every_Weekend-300x250/"},"priority":1},{"id":10757,"action":{"type":"block"},"condition":{"urlFilter":"||flash-igri.com/banners/"},"priority":1},{"id":10793,"action":{"type":"block"},"condition":{"urlFilter":"||flashnews.bg/wp-content/uploads/2020/02/300-600*"},"priority":1},{"id":10854,"action":{"type":"block"},"condition":{"urlFilter":"||flexi-cms.com/images/banners/"},"priority":1},{"id":10896,"action":{"type":"block"},"condition":{"urlFilter":"||forumat-bg.com/images/banners"},"priority":1},{"id":10938,"action":{"type":"block"},"condition":{"urlFilter":"||framar.bg/ads/wp/"},"priority":1},{"id":10968,"action":{"type":"block"},"condition":{"urlFilter":"||framar.bg/filestore/*729x90.jpg"},"priority":1},{"id":11012,"action":{"type":"block"},"condition":{"urlFilter":"||freehost.homelinux.*/autoh/"},"priority":1},{"id":11052,"action":{"type":"block"},"condition":{"urlFilter":"||freehost.homelinux.*/fg/"},"priority":1},{"id":11089,"action":{"type":"block"},"condition":{"urlFilter":"||freehost.homelinux.*/zundert"},"priority":1},{"id":11130,"action":{"type":"block"},"condition":{"urlFilter":"||frognews.bg/files/720_90*"},"priority":1},{"id":11168,"action":{"type":"block"},"condition":{"urlFilter":"||frognews.bg/files/banner"},"priority":1},{"id":11205,"action":{"type":"block"},"condition":{"urlFilter":"||frognews.bg/files/logo_slt.jpg"},"priority":1},{"id":11248,"action":{"type":"block"},"condition":{"urlFilter":"||frognews.bg/files/logo_zibo_courier_album_new2.jpg"},"priority":1},{"id":11311,"action":{"type":"block"},"condition":{"urlFilter":"||frognews.bg/Frog/images/banners/"},"priority":1},{"id":11356,"action":{"type":"block"},"condition":{"urlFilter":"||frognews.bg/Frog/images/flash/"},"priority":1},{"id":11399,"action":{"type":"block"},"condition":{"urlFilter":"||frognews.bg/images/adv/"},"priority":1},{"id":11435,"action":{"type":"block"},"condition":{"urlFilter":"||frognews.bg/media/rekl/"},"priority":1},{"id":11471,"action":{"type":"block"},"condition":{"urlFilter":"||ftech-bg.com/images/*banner*"},"priority":1},{"id":11512,"action":{"type":"block"},"condition":{"urlFilter":"||gabrovonews.bg/wp-content/themes/gabrovonews/images/banners/"},"priority":1},{"id":11585,"action":{"type":"block"},"condition":{"urlFilter":"||gabrovonews.bg/wp-content/uploads/2016/07/krasota.jpg"},"priority":1},{"id":11651,"action":{"type":"block"},"condition":{"urlFilter":"||gabrovonews.bg/wp-content/uploads/2016/08/coco.jpg"},"priority":1},{"id":11714,"action":{"type":"block"},"condition":{"urlFilter":"||gabrovonews.bg/wp-content/uploads/2016/10/abba.png"},"priority":1},{"id":11777,"action":{"type":"block"},"condition":{"urlFilter":"||gabrovonews.bg/wp-content/uploads/2016/11/HM-Opening-Gabrovo-LED-Banner-300x600-2.jpg"},"priority":1},{"id":11875,"action":{"type":"block"},"condition":{"urlFilter":"||gabrovonews.bg/wp-content/uploads/2016/12/mall-gabrovo.jpg"},"priority":1},{"id":11946,"action":{"type":"block"},"condition":{"urlFilter":"||gabrovonews.bg/wp-content/uploads/2022/11/202474571_4061422863941981_8300470903894328589_n-%E2%80%93-%D0%9A%D0%BE%D0%BF%D0%B8%D0%B5.jpg"},"priority":1},{"id":12095,"action":{"type":"block"},"condition":{"urlFilter":"||gabrovonews.bg/wp-content/uploads/2024/10/eeeee.jpg"},"priority":1},{"id":12159,"action":{"type":"block"},"condition":{"urlFilter":"||gabrovonews.bg/wp-content/uploads/2024/12/407594141_864522039008427_3949452247729892649_n-%E2%80%93-%D0%9A%D0%BE%D0%BF%D0%B8%D0%B5.jpg"},"priority":1},{"id":12307,"action":{"type":"block"},"condition":{"urlFilter":"||gabrovonews.bg/wp-content/uploads/2025/01/%D0%92%D0%B0%D1%80%D0%B8%D0%B0%D0%BD%D1%823-1024x171-1.jpg"},"priority":1},{"id":12420,"action":{"type":"block"},"condition":{"urlFilter":"||gabrovonews.bg/wp-content/uploads/2025/01/%D0%92%D0%B0%D1%80%D0%B8%D0%B0%D0%BD%D1%823-1024x171-2.jpg"},"priority":1},{"id":12533,"action":{"type":"block"},"condition":{"urlFilter":"||gabrovonews.bg/wp-content/uploads/2025/01/titan-za-nas.png"},"priority":1},{"id":12604,"action":{"type":"block"},"condition":{"urlFilter":"||gabrovonews.bg/wp-content/uploads/*/baner*"},"priority":1},{"id":12659,"action":{"type":"block"},"condition":{"urlFilter":"||gamemasters.eu/home/wp-content/themes/StudioBlue/images/banners/*"},"priority":1},{"id":12737,"action":{"type":"block"},"condition":{"urlFilter":"||gbg.bg/resources/html/aukro_*"},"priority":1},{"id":12779,"action":{"type":"block"},"condition":{"urlFilter":"||giphy.com","initiatorDomains":["dennews.bg"]},"priority":201},{"id":12831,"action":{"type":"block"},"condition":{"urlFilter":"||godzila.bg/Admin/upload/Banners*"},"priority":1},{"id":12876,"action":{"type":"block"},"condition":{"urlFilter":"||gramofona.com/assets/banners/"},"priority":1},{"id":12918,"action":{"type":"block"},"condition":{"urlFilter":"||happy-foto.net/banners/"},"priority":1},{"id":12954,"action":{"type":"block"},"condition":{"urlFilter":"||hardwarebg.com/ads/"},"priority":1},{"id":12986,"action":{"type":"block"},"condition":{"urlFilter":"||haskovo.net/images/Banner*"},"priority":1},{"id":13025,"action":{"type":"block"},"condition":{"urlFilter":"||haskovo.net/uploads/backgrounds/"},"priority":1},{"id":13070,"action":{"type":"block"},"condition":{"urlFilter":"||hitceni.bg/banners/"},"priority":1},{"id":13102,"action":{"type":"block"},"condition":{"urlFilter":"||homes.bg/images/branding"},"priority":1},{"id":13139,"action":{"type":"block"},"condition":{"urlFilter":"||hotelsbg.net/banners/"},"priority":1},{"id":13173,"action":{"type":"block"},"condition":{"urlFilter":"||hronika-bg.com/wp-content/uploads/2014/04/AiBi-Building.jpg"},"priority":1},{"id":13245,"action":{"type":"block"},"condition":{"urlFilter":"||hronika-bg.com/wp-content/uploads/2014/04/Cabel%20sat.jpg"},"priority":1},{"id":13315,"action":{"type":"block"},"condition":{"urlFilter":"||hronika-bg.com/wp-content/uploads/2014/04/Goce%20net.jpg"},"priority":1},{"id":13384,"action":{"type":"block"},"condition":{"urlFilter":"||hronika-bg.com/wp-content/uploads/2014/04/Maket-BKS.jpg"},"priority":1},{"id":13452,"action":{"type":"block"},"condition":{"urlFilter":"||hronika-bg.com/wp-content/uploads/2014/04/Merkez.jpg"},"priority":1},{"id":13517,"action":{"type":"block"},"condition":{"urlFilter":"||hronika-bg.com/wp-content/uploads/2014/04/Rollmann200.jpg"},"priority":1},{"id":13587,"action":{"type":"block"},"condition":{"urlFilter":"||hronika-bg.com/wp-content/uploads/2014/04/uva-nestum.jpg"},"priority":1},{"id":13656,"action":{"type":"block"},"condition":{"urlFilter":"||hronika-bg.com/wp-content/uploads/2015/01/MAKMETAL.jpg"},"priority":1},{"id":13723,"action":{"type":"block"},"condition":{"urlFilter":"||hronika-bg.com/wp-content/uploads/2015/10/Geraksiev.png"},"priority":1},{"id":13791,"action":{"type":"block"},"condition":{"urlFilter":"||hronika-bg.com/wp-content/uploads/2015/10/Syvetnitsi.png"},"priority":1},{"id":13860,"action":{"type":"block"},"condition":{"urlFilter":"i1.actualno.com/actualnoresponsive/img/digitalize_that_button.png"},"priority":1},{"id":13936,"action":{"type":"block"},"condition":{"urlFilter":"i2.wp.com/bivol.bg/wp-content/uploads/2014/09/DAXY_baner_210x250_px.gif"},"priority":1},{"id":14018,"action":{"type":"block"},"condition":{"urlFilter":"i.adwise.bg/upload/"},"priority":1},{"id":14048,"action":{"type":"block"},"condition":{"urlFilter":"||ideoweb.bg/openx/"},"priority":1},{"id":14078,"action":{"type":"block"},"condition":{"urlFilter":"i.dir.bg/ads20*"},"priority":1},{"id":14104,"action":{"type":"block"},"condition":{"urlFilter":"i.dir.bg/r20*"},"priority":1},{"id":14128,"action":{"type":"block"},"condition":{"urlFilter":"i.helikon.bg/design/banner*"},"priority":1},{"id":14166,"action":{"type":"block"},"condition":{"urlFilter":"i.id24.bg/bans/"},"priority":1},{"id":14192,"action":{"type":"block"},"condition":{"urlFilter":"i.imgur.com/qkzxpQr.jpg"},"priority":1},{"id":14226,"action":{"type":"block"},"condition":{"urlFilter":"i.imgur.com/RnuCI1h.png"},"priority":1},{"id":14260,"action":{"type":"block"},"condition":{"urlFilter":"image.arukereso.hu/partner/"},"priority":1},{"id":14298,"action":{"type":"block"},"condition":{"urlFilter":"images.wambacdn.net/images/upload/adv/"},"priority":1},{"id":14347,"action":{"type":"block"},"condition":{"urlFilter":"img.abv.bg/AbvProductAds/"},"priority":1},{"id":14383,"action":{"type":"block"},"condition":{"urlFilter":"img.imghosting.biz/238/1f12d748b1136f956db50bbabf0dfb70.png"},"priority":1},{"id":14453,"action":{"type":"block"},"condition":{"urlFilter":"img.photo-forum.net/banner/"},"priority":1},{"id":14491,"action":{"type":"block"},"condition":{"urlFilter":"||imot.bg/html/hotimoti1.html"},"priority":1},{"id":14531,"action":{"type":"block"},"condition":{"urlFilter":"||imoti.bg/*125x125"},"priority":1},{"id":14561,"action":{"type":"block"},"condition":{"urlFilter":"||imoti.bg/baners/"},"priority":1},{"id":14590,"action":{"type":"block"},"condition":{"urlFilter":"||infobulgaria.info/baners/"},"priority":1},{"id":14628,"action":{"type":"block"},"condition":{"urlFilter":"||info.mitnica.com/images/*banner"},"priority":1},{"id":14672,"action":{"type":"block"},"condition":{"urlFilter":"||infopleven.com/wp-content/uploads/2014/02/BANERKALIN-1.gif"},"priority":1},{"id":14743,"action":{"type":"block"},"condition":{"urlFilter":"||informator.bg/cache/promotion_*"},"priority":1},{"id":14787,"action":{"type":"block"},"condition":{"urlFilter":"||informiran.net/ebay/"},"priority":1},{"id":14820,"action":{"type":"block"},"condition":{"urlFilter":"||infoz.bg/images/--2018-01/mini-maritsa-iztok.jpg"},"priority":1},{"id":14881,"action":{"type":"block"},"condition":{"urlFilter":"||infoz.bg/images/---2019-06/trubadur.jpg"},"priority":1},{"id":14933,"action":{"type":"block"},"condition":{"urlFilter":"||intrastat-bg.com/intrastat/img/infoj.gif"},"priority":1},{"id":14986,"action":{"type":"block"},"condition":{"urlFilter":"||intrastat-bg.com/intrastat/img/yotov.gif"},"priority":1},{"id":15039,"action":{"type":"block"},"condition":{"urlFilter":"||intrigi.bg/upload/images/*banner*"},"priority":1},{"id":15085,"action":{"type":"block"},"condition":{"urlFilter":"||intrigi.bg/wp-content/uploads/2019/01/izrabotka-na-sait-web-design-bultag.jpg"},"priority":1},{"id":15175,"action":{"type":"block"},"condition":{"urlFilter":"||investor.bg/brandings"},"priority":1},{"id":15209,"action":{"type":"block"},"condition":{"urlFilter":"||iskra.bg/wp-content/uploads/2019/03/510x90.png"},"priority":1},{"id":15268,"action":{"type":"block"},"condition":{"urlFilter":"||iskra.bg/wp-content/uploads/2020/04/banner-Moni-1010.jpeg"},"priority":1},{"id":15338,"action":{"type":"block"},"condition":{"urlFilter":"||iskra.bg/wp-content/uploads/2020/11/iskra-novini.png"},"priority":1},{"id":15403,"action":{"type":"block"},"condition":{"urlFilter":"||iskra.bg/wp-content/uploads/2021/05/Baner-Multi.bg_.jpg"},"priority":1},{"id":15471,"action":{"type":"block"},"condition":{"urlFilter":"||iskra.bg/wp-content/uploads/2022/02/4-klimatici-1.jpg.webp"},"priority":1},{"id":15542,"action":{"type":"block"},"condition":{"urlFilter":"||jarcomputers.com/banners"},"priority":1},{"id":15579,"action":{"type":"block"},"condition":{"urlFilter":"||jobs.bg/images/branding/"},"priority":1},{"id":15616,"action":{"type":"block"},"condition":{"urlFilter":"||jpeghost.com^","domainType":"thirdParty"},"priority":2},{"id":15657,"action":{"type":"block"},"condition":{"urlFilter":"||kabinata.com/banners/"},"priority":1},{"id":15691,"action":{"type":"block"},"condition":{"urlFilter":"||kanal6.tv/wp-content/uploads/2020/03/banner-dkc2.png"},"priority":1},{"id":15756,"action":{"type":"block"},"condition":{"urlFilter":"||kanal6.tv/wp-content/uploads/2020/03/%D0%AE%D0%98%D0%94%D0%9F.jpg"},"priority":1},{"id":15834,"action":{"type":"block"},"condition":{"urlFilter":"||kanal6.tv/wp-content/uploads/2020/03/dospelbgcom.png"},"priority":1},{"id":15899,"action":{"type":"block"},"condition":{"urlFilter":"||kanal6.tv/wp-content/uploads/2020/03/logo-bg2.png"},"priority":1},{"id":15961,"action":{"type":"block"},"condition":{"urlFilter":"||kanal6.tv/wp-content/uploads/2020/03/MBALHD.jpg"},"priority":1},{"id":16021,"action":{"type":"block"},"condition":{"urlFilter":"||kanal6.tv/wp-content/uploads/2020/03/Sliven_Welcome_01-e1690893768453.jpg"},"priority":1},{"id":16107,"action":{"type":"block"},"condition":{"urlFilter":"||kanal6.tv/wp-content/uploads/2021/04/vik-sliven.jpg"},"priority":1},{"id":16171,"action":{"type":"block"},"condition":{"urlFilter":"||kanal6.tv/wp-content/uploads/2021/09/410107129_742066740703536_967795860887969363_n.gif"},"priority":1},{"id":16271,"action":{"type":"block"},"condition":{"urlFilter":"||kanal6.tv/wp-content/uploads/2022/10/%D0%BB%D0%BE%D0%B2%D0%BD%D0%BE_page-0001.jpg"},"priority":1},{"id":16365,"action":{"type":"block"},"condition":{"urlFilter":"||kanal6.tv/wp-content/uploads/2023/08/367486790_781467287049084_3148342086688585115_n.jpg"},"priority":1},{"id":16466,"action":{"type":"block"},"condition":{"urlFilter":"||kanal6.tv/wp-content/uploads/2023/12/429941071_1122594998701916_3159059547111443842_n.jpg"},"priority":1},{"id":16568,"action":{"type":"block"},"condition":{"urlFilter":"||kanal6.tv/wp-content/uploads/2023/12/Furniture-Instagram-Post.png"},"priority":1},{"id":16646,"action":{"type":"block"},"condition":{"urlFilter":"||kanal6.tv/wp-content/uploads/2023/12/kotel.png.webp"},"priority":1},{"id":16710,"action":{"type":"block"},"condition":{"urlFilter":"||kanal6.tv/wp-content/uploads/2024/02/350%D1%85250-%D0%9A%D0%B0%D0%BD%D0%B0%D0%BB-6.png"},"priority":1},{"id":16809,"action":{"type":"block"},"condition":{"urlFilter":"||kazanlak-bg.info/Baneri/"},"priority":1},{"id":16846,"action":{"type":"block"},"condition":{"urlFilter":"||kazanlak-bg.info/images/banners/"},"priority":1},{"id":16891,"action":{"type":"block"},"condition":{"urlFilter":"klearprodstorage.blob.core.windows.net/public/blog/links/*"},"priority":1},{"id":16960,"action":{"type":"block"},"condition":{"urlFilter":"||knigolandia.info/wp-content/uploads/2016/12/Hendrik2.gif"},"priority":1},{"id":17029,"action":{"type":"block"},"condition":{"urlFilter":"||knnews.bg/images/baners/"},"priority":1},{"id":17066,"action":{"type":"block"},"condition":{"urlFilter":"||koimetarsi.com/gallery/-------_ENIGMA.png"},"priority":1},{"id":17120,"action":{"type":"block"},"condition":{"urlFilter":"||koimetarsi.com/gallery/Litkraft-logo-white.png"},"priority":1},{"id":17179,"action":{"type":"block"},"condition":{"urlFilter":"||kolegi.info/banner*"},"priority":1},{"id":17211,"action":{"type":"block"},"condition":{"urlFilter":"||konkurent.bg/img/banners/"},"priority":1},{"id":17249,"action":{"type":"block"},"condition":{"urlFilter":"||kotasport.com/wp-content/uploads/2018/04/geymarski-laptopi.jpg"},"priority":1},{"id":17324,"action":{"type":"block"},"condition":{"urlFilter":"||kozloduy-bg.info/wp-content/uploads/2017/05/adv.gif"},"priority":1},{"id":17388,"action":{"type":"block"},"condition":{"urlFilter":"||kulturni-novini.info/banners/"},"priority":1},{"id":17430,"action":{"type":"block"},"condition":{"urlFilter":"||learnfree.eu/wp-content/uploads/banners/"},"priority":1},{"id":17483,"action":{"type":"block"},"condition":{"urlFilter":"||lekuva.net/wp-content/themes/jarida/images/patterns/body-bg5.png"},"priority":1},{"id":17560,"action":{"type":"block"},"condition":{"urlFilter":"||lekuva.net/wp-content/uploads/2014/05/lula111.gif"},"priority":1},{"id":17622,"action":{"type":"block"},"condition":{"urlFilter":"||lekuva.net/wp-content/uploads/2014/12/lenta_0.gif"},"priority":1},{"id":17684,"action":{"type":"block"},"condition":{"urlFilter":"||lekuva.net/wp-content/uploads/2015/09/b17b2.jpg"},"priority":1},{"id":17744,"action":{"type":"block"},"condition":{"urlFilter":"||lekuva.net/wp-content/uploads/2017/02/DOMUS-REBUS-za-LEKUVA.jpg"},"priority":1},{"id":17820,"action":{"type":"block"},"condition":{"urlFilter":"||lekuva.net/wp-content/uploads/banners/"},"priority":1},{"id":17871,"action":{"type":"block"},"condition":{"urlFilter":"||liternet.bg/image/baner/"},"priority":1},{"id":17908,"action":{"type":"block"},"condition":{"urlFilter":"||lukovit-news.com/images/300x250adv*"},"priority":1},{"id":17956,"action":{"type":"block"},"condition":{"urlFilter":"||lukovit-news.com/images/reklama/"},"priority":1},{"id":18001,"action":{"type":"block"},"condition":{"urlFilter":"||lupa.bg/f/banners/*"},"priority":1},{"id":18033,"action":{"type":"block"},"condition":{"urlFilter":"||lupa.bg/public/300x600/"},"priority":1},{"id":18069,"action":{"type":"block"},"condition":{"urlFilter":"||lupa.bg/public/970x250/"},"priority":1},{"id":18105,"action":{"type":"block"},"condition":{"urlFilter":"media.easyads.bg/ads/"},"priority":1},{"id":18137,"action":{"type":"block"},"condition":{"urlFilter":"media.finestre.bg/advertisement/banner/"},"priority":1},{"id":18187,"action":{"type":"block"},"condition":{"urlFilter":"media.giphy.com","initiatorDomains":["dennews.bg"]},"priority":201},{"id":18243,"action":{"type":"block"},"condition":{"urlFilter":"media.inbetpartners.com/uploads/001x486x60_Sport_PPC.png"},"priority":1},{"id":18310,"action":{"type":"block"},"condition":{"urlFilter":"media.iskamdaqm.bg/advertisement/banner/"},"priority":1},{"id":18361,"action":{"type":"block"},"condition":{"urlFilter":"||medialand.bg/banners/"},"priority":1},{"id":18395,"action":{"type":"block"},"condition":{"urlFilter":"||mediamall.info/box/img/studena_banner.jpg"},"priority":1},{"id":18449,"action":{"type":"block"},"condition":{"urlFilter":"||medicalbg.com/freenet"},"priority":1},{"id":18483,"action":{"type":"block"},"condition":{"urlFilter":"||mobile.bg/images/brands/"},"priority":1},{"id":18520,"action":{"type":"block"},"condition":{"urlFilter":"||mobilebulgaria.com/uploads/banners/"},"priority":1},{"id":18568,"action":{"type":"block"},"condition":{"urlFilter":"||montana-dnes.com/baners/"},"priority":1},{"id":18605,"action":{"type":"block"},"condition":{"urlFilter":"||moreto.net/i/*330x72*"},"priority":1},{"id":18639,"action":{"type":"block"},"condition":{"urlFilter":"||moreto.net/i/branding/*"},"priority":1},{"id":18675,"action":{"type":"block"},"condition":{"urlFilter":"||mostbg.com/most//Headers/..%5Cimages%5Cbanner_hp.gif"},"priority":1},{"id":18740,"action":{"type":"block"},"condition":{"urlFilter":"||mostbg.com/most/images/*banner.gif"},"priority":1},{"id":18787,"action":{"type":"block"},"condition":{"urlFilter":"||mostbg.com/most/images/mostadsl.gif"},"priority":1},{"id":18835,"action":{"type":"block"},"condition":{"urlFilter":"||mrejata.net/banner*"},"priority":1},{"id":18867,"action":{"type":"block"},"condition":{"urlFilter":"||namoreto.bg/wp-content/uploads/2017/08/animiran-baner-CHistota.gif"},"priority":1},{"id":18946,"action":{"type":"block"},"condition":{"urlFilter":"||namoreto.bg/wp-content/uploads/2017/09/Baner-promotsiya-Avtomivka-CHistota.gif"},"priority":1},{"id":19037,"action":{"type":"block"},"condition":{"urlFilter":"||namoreto.bg/wp-content/uploads/2019/06/FREQ-2.jpg"},"priority":1},{"id":19099,"action":{"type":"block"},"condition":{"urlFilter":"||namoreto.bg/wp-content/uploads/2019/07/BGMEDIA-300x204.jpg"},"priority":1},{"id":19170,"action":{"type":"block"},"condition":{"urlFilter":"||namoreto.bg/wp-content/uploads/2019/07/BGMEDIA.jpg"},"priority":1},{"id":19233,"action":{"type":"block"},"condition":{"urlFilter":"||napos2000.com/web/wp-content/uploads/2018/12/aristidov-web-design-nesebar.png"},"priority":1},{"id":19323,"action":{"type":"block"},"condition":{"urlFilter":"||napos2000.com/web/wp-content/uploads/2022/03/logo20.png"},"priority":1},{"id":19391,"action":{"type":"block"},"condition":{"urlFilter":"||napos2000.com/web/wp-content/uploads/*/300x60*"},"priority":1},{"id":19450,"action":{"type":"block"},"condition":{"urlFilter":"||napos2000.com/web/wp-content/uploads/*/your-ads-here*"},"priority":1},{"id":19516,"action":{"type":"block"},"condition":{"urlFilter":"||napravisam.bg/forum/neklama/"},"priority":1},{"id":19557,"action":{"type":"block"},"condition":{"urlFilter":"||napravisam.bg/neklama/"},"priority":1},{"id":19592,"action":{"type":"block"},"condition":{"urlFilter":"||narodnodelo.bg/*250x250*"},"priority":1},{"id":19629,"action":{"type":"block"},"condition":{"urlFilter":"||narodnodelo.bg/baners/"},"priority":1},{"id":19664,"action":{"type":"block"},"condition":{"urlFilter":"||nbox.bg/wp-content/uploads/*/1000x140*"},"priority":1},{"id":19715,"action":{"type":"block"},"condition":{"urlFilter":"||nbox.bg/wp-content/uploads/2022/08/ndt-bghorizontal.jpg"},"priority":1},{"id":19783,"action":{"type":"block"},"condition":{"urlFilter":"||nbox.bg/wp-content/uploads/2023/09/banner2.jpg"},"priority":1},{"id":19842,"action":{"type":"block"},"condition":{"urlFilter":"||nbox.bg/wp-content/uploads/2023/11/freshvision.png"},"priority":1},{"id":19905,"action":{"type":"block"},"condition":{"urlFilter":"||nbox.bg/wp-content/uploads/2024/02/2024-02-12-13.36.00.jpg"},"priority":1},{"id":19976,"action":{"type":"block"},"condition":{"urlFilter":"||nbox.bg/wp-content/uploads/*/300x100*"},"priority":1},{"id":20026,"action":{"type":"block"},"condition":{"urlFilter":"||ndk.bg/ads/"},"priority":1},{"id":20050,"action":{"type":"block"},"condition":{"urlFilter":"||ndt1.com/images/*"},"priority":1},{"id":20080,"action":{"type":"block"},"condition":{"urlFilter":"||ndt1.com/rk/*"},"priority":1},{"id":20106,"action":{"type":"block"},"condition":{"urlFilter":"||ndt1.eu/wp-content/uploads/*/*/banner*"},"priority":1},{"id":20157,"action":{"type":"block"},"condition":{"urlFilter":"||ndt1.eu/wp-content/uploads/rklm/"},"priority":1},{"id":20202,"action":{"type":"block"},"condition":{"urlFilter":"||neseriozno.com/wp-content/custom/Banners/"},"priority":1},{"id":20256,"action":{"type":"block"},"condition":{"urlFilter":"||nessebar-news.com/news2/wp-content/uploads/2016/02/apartments-nessebar-1.png"},"priority":1},{"id":20345,"action":{"type":"block"},"condition":{"urlFilter":"||nessebar-news.com/news2/wp-content/uploads/2016/02/banner_os-nessebar_1.jpg"},"priority":1},{"id":20433,"action":{"type":"block"},"condition":{"urlFilter":"||nessebar-news.com/news2/wp-content/uploads/2016/02/helikon.png"},"priority":1},{"id":20508,"action":{"type":"block"},"condition":{"urlFilter":"||nessebar-news.com/news2/wp-content/uploads/2016/02/SB-HOLDING.jpg"},"priority":1},{"id":20586,"action":{"type":"block"},"condition":{"urlFilter":"||nessebar-news.com/news2/wp-content/uploads/2016/10/web_design_izrabotka_ueb_sait_320_100_1_burgas.png"},"priority":1},{"id":20700,"action":{"type":"block"},"condition":{"urlFilter":"||nessebar-news.com/news2/wp-content/uploads/2018/12/napos-1.png"},"priority":1},{"id":20775,"action":{"type":"block"},"condition":{"urlFilter":"||nessebar-news.com/news2/wp-content/uploads/2019/12/garabitov-banner.png"},"priority":1},{"id":20859,"action":{"type":"block"},"condition":{"urlFilter":"||nessebar-news.com/news2/wp-content/uploads/2021/10/IMG-132e5412c85d10ac11c936aa7975aca3-V-1024x792.jpg"},"priority":1},{"id":20974,"action":{"type":"block"},"condition":{"urlFilter":"||nessebar-news.com/news/images/*baner"},"priority":1},{"id":21023,"action":{"type":"block"},"condition":{"urlFilter":"||netnews.bg/wp-content/uploads/2020/12/123136110_3403052769760069_6423444834941808882_n-150x150.jpg"},"priority":1},{"id":21134,"action":{"type":"block"},"condition":{"urlFilter":"||netnews.bg/wp-content/uploads/2023/04/%D0%90%D0%A1%D0%A1%D0%90-%D0%B1%D0%B0%D0%BD%D0%B5%D1%80-5.png"},"priority":1},{"id":21246,"action":{"type":"block"},"condition":{"urlFilter":"||netnews.bg/wp-content/uploads/2023/04/KK-Logo-6.jpg"},"priority":1},{"id":21310,"action":{"type":"block"},"condition":{"urlFilter":"||newbusiness.bg/banners/"},"priority":1},{"id":21346,"action":{"type":"block"},"condition":{"urlFilter":"||newregistry.bcpea.org/images/banner-home.png"},"priority":1},{"id":21403,"action":{"type":"block"},"condition":{"urlFilter":"||ngobg.info/images/banners/"},"priority":1},{"id":21442,"action":{"type":"block"},"condition":{"urlFilter":"||nibozimoti.com/wp-content/uploads/2018/04/nibozimoti.png"},"priority":1},{"id":21511,"action":{"type":"block"},"condition":{"urlFilter":"||novini.bg/brand/"},"priority":1},{"id":21540,"action":{"type":"block"},"condition":{"urlFilter":"||novini.bg/statics/adv/*"},"priority":1},{"id":21576,"action":{"type":"block"},"condition":{"urlFilter":"||novini.vratsa.eu/img/banner*"},"priority":1},{"id":21617,"action":{"type":"block"},"condition":{"urlFilter":"||novini.vratsa.eu/img/photosmart.jpg"},"priority":1},{"id":21665,"action":{"type":"block"},"condition":{"urlFilter":"||obiavi-bg.com/img/BANNERS/"},"priority":1},{"id":21704,"action":{"type":"block"},"condition":{"urlFilter":"||obiavite.eu/banner/"},"priority":1},{"id":21736,"action":{"type":"block"},"condition":{"urlFilter":"||obiavite.eu/reklama/"},"priority":1},{"id":21769,"action":{"type":"block"},"condition":{"urlFilter":"||okoffice.bg/uploads/banners/"},"priority":1},{"id":21810,"action":{"type":"block"},"condition":{"urlFilter":"||pa-media.net/e107_images/generic/jobsora_banner1.png"},"priority":1},{"id":21875,"action":{"type":"block"},"condition":{"urlFilter":"||pa-media.net/e107_images/generic/rais_logo.jpg"},"priority":1},{"id":21934,"action":{"type":"block"},"condition":{"urlFilter":"||pari.bg/bannercache"},"priority":1},{"id":21966,"action":{"type":"block"},"condition":{"urlFilter":"||parichka.com/banner*"},"priority":1},{"id":21999,"action":{"type":"block"},"condition":{"urlFilter":"||pcmania.bg/banners/"},"priority":1},{"id":22031,"action":{"type":"block"},"condition":{"urlFilter":"p.energy-torrent.com/themes/Silver/images/bg.jpg"},"priority":1},{"id":22090,"action":{"type":"block"},"condition":{"urlFilter":"||photo-forum.net/static/banner/"},"priority":1},{"id":22133,"action":{"type":"block"},"condition":{"urlFilter":"||pia-news.com/wp-content/uploads/2022/05/oe-looking-for.png"},"priority":1},{"id":22204,"action":{"type":"block"},"condition":{"urlFilter":"||pia-news.com/wp-content/uploads/*banner*"},"priority":1},{"id":22257,"action":{"type":"block"},"condition":{"urlFilter":"||pia-news.com/wp-content/uploads/*/pia-vision*"},"priority":1},{"id":22315,"action":{"type":"block"},"condition":{"urlFilter":"||picbg.net/center-banner.php"},"priority":1},{"id":22355,"action":{"type":"block"},"condition":{"urlFilter":"||picbg.net/up-banner.php"},"priority":1},{"id":22391,"action":{"type":"block"},"condition":{"urlFilter":"||pitam.info/baneri/"},"priority":1},{"id":22422,"action":{"type":"block"},"condition":{"urlFilter":"||plevenzapleven.bg/mallpleven.png"},"priority":1},{"id":22467,"action":{"type":"block"},"condition":{"urlFilter":"||plevenzapleven.bg/wp-content/uploads/2014/07/tibor.jpg"},"priority":1},{"id":22534,"action":{"type":"block"},"condition":{"urlFilter":"||plevenzapleven.bg/wp-content/uploads/2016/02/intermes.gif"},"priority":1},{"id":22604,"action":{"type":"block"},"condition":{"urlFilter":"||plevenzapleven.bg/wp-content/uploads/2017/04/bgprognozi.jpg"},"priority":1},{"id":22676,"action":{"type":"block"},"condition":{"urlFilter":"||plevenzapleven.bg/wp-content/uploads/*banner*"},"priority":1},{"id":22734,"action":{"type":"block"},"condition":{"urlFilter":"||plovdiv24.com/bans/"},"priority":1},{"id":22766,"action":{"type":"block"},"condition":{"urlFilter":"||plovdivnews.bg/wp-content/uploads/2024/02/2004-300-%C3%97-250-px2.png"},"priority":1},{"id":22848,"action":{"type":"block"},"condition":{"urlFilter":"||plovdivnews.bg/wp-content/uploads/2024/02/Alfa_GIF.gif"},"priority":1},{"id":22915,"action":{"type":"block"},"condition":{"urlFilter":"||plovdivnews.bg/wp-content/uploads/2024/02/anvers.jpg"},"priority":1},{"id":22980,"action":{"type":"block"},"condition":{"urlFilter":"||plovdivnews.bg/wp-content/uploads/2024/02/imperia2023.png"},"priority":1},{"id":23050,"action":{"type":"block"},"condition":{"urlFilter":"||plovdivnews.bg/wp-content/uploads/2024/02/petswin.jpg"},"priority":1},{"id":23116,"action":{"type":"block"},"condition":{"urlFilter":"||plovdivnews.bg/wp-content/uploads/2024/02/plovidv-.png"},"priority":1},{"id":23183,"action":{"type":"block"},"condition":{"urlFilter":"||plovdivnews.bg/wp-content/uploads/2024/02/Rila728x90.gif"},"priority":1},{"id":23252,"action":{"type":"block"},"condition":{"urlFilter":"||plovdivnews.bg/wp-content/uploads/2024/03/balkancar.jpg"},"priority":1},{"id":23320,"action":{"type":"block"},"condition":{"urlFilter":"||plovdivnews.bg/wp-content/uploads/2024/03/destiny728.jpg"},"priority":1},{"id":23389,"action":{"type":"block"},"condition":{"urlFilter":"||plovdivnews.bg/wp-content/uploads/2024/03/sp2-728.gif"},"priority":1},{"id":23455,"action":{"type":"block"},"condition":{"urlFilter":"||plovdivnews.net/images/banners/"},"priority":1},{"id":23499,"action":{"type":"block"},"condition":{"urlFilter":"||plovdivnews.net/images/stories/mih*"},"priority":1},{"id":23547,"action":{"type":"block"},"condition":{"urlFilter":"||plovdiv-online.com/images/banners"},"priority":1},{"id":23593,"action":{"type":"block"},"condition":{"urlFilter":"||plovdiv-online.com/wp-content/uploads/2023/03/8_2023-03-14_14-48-54-772.jpg"},"priority":1},{"id":23681,"action":{"type":"block"},"condition":{"urlFilter":"||plovdiv-online.com/wp-content/uploads/2023/11/ostrovi1.png"},"priority":1},{"id":23752,"action":{"type":"block"},"condition":{"urlFilter":"||plovdiv-online.com/wp-content/uploads/2024/03/dkc7.png"},"priority":1},{"id":23819,"action":{"type":"block"},"condition":{"urlFilter":"||plovdiv-online.com/wp-content/uploads/2024/04/aso_baner.jpg"},"priority":1},{"id":23891,"action":{"type":"block"},"condition":{"urlFilter":"||plovdiv-online.com/wp-content/uploads/2024/04/ko_baner.jpg"},"priority":1},{"id":23962,"action":{"type":"block"},"condition":{"urlFilter":"||plovdiv-online.com/wp-content/uploads/2024/04/lit_baner.jpg"},"priority":1},{"id":24034,"action":{"type":"block"},"condition":{"urlFilter":"||plovdiv-online.com/wp-content/uploads/2024/04/orpheus_baner.jpg"},"priority":1},{"id":24110,"action":{"type":"block"},"condition":{"urlFilter":"||plovdiv-online.com/wp-content/uploads/2024/06/myr1.png"},"priority":1},{"id":24177,"action":{"type":"block"},"condition":{"urlFilter":"||plovdiv-online.com/wp-content/uploads/2024/11/viber_izobrazhenie_2024-11-16_08-46-22-476.jpg"},"priority":1},{"id":24282,"action":{"type":"block"},"condition":{"urlFilter":"||plovdiv-press.bg/wp-content/uploads/2018/12/%D0%A5%D0%BE%D1%82%D0%B5%D0%BB-%D1%80%D0%B5%D1%81%D1%82%D0%BE%D1%80%D0%B0%D0%BD%D1%82_%D0%9E%D0%94%D0%95%D0%9E%D0%9D.gif-Baner.gif"},"priority":1},{"id":24470,"action":{"type":"block"},"condition":{"urlFilter":"||plovdiv-press.bg/wp-content/uploads/2020/03/VisVitalis21.gif"},"priority":1},{"id":24543,"action":{"type":"block"},"condition":{"urlFilter":"||plovdiv-press.bg/wp-content/uploads/2020/06/20200615_130534.gif"},"priority":1},{"id":24619,"action":{"type":"block"},"condition":{"urlFilter":"||plovdiv-press.bg/wp-content/uploads/2020/11/logo-Sopharma_trading-900x100px-02-1-e1604819327935.jpg"},"priority":1},{"id":24731,"action":{"type":"block"},"condition":{"urlFilter":"||plovdiv-press.bg/wp-content/uploads/2020/12/131303314_2275972302547602_6754989153085805113_o.jpg"},"priority":1},{"id":24840,"action":{"type":"block"},"condition":{"urlFilter":"||plovdiv-press.bg/wp-content/uploads/2021/04/banner_pld_press_350x300.jpg"},"priority":1},{"id":24925,"action":{"type":"block"},"condition":{"urlFilter":"||plovdiv-press.bg/wp-content/uploads/2021/10/GOLDENBVRG-ORGANIZATION-2.gif"},"priority":1},{"id":25011,"action":{"type":"block"},"condition":{"urlFilter":"||plovdiv-press.bg/wp-content/uploads/2021/10/Pimk-1.gif"},"priority":1},{"id":25078,"action":{"type":"block"},"condition":{"urlFilter":"||plovdiv-press.bg/wp-content/uploads/2021/10/Pimk-Ujen-2-1.gif"},"priority":1},{"id":25152,"action":{"type":"block"},"condition":{"urlFilter":"||plovdiv-press.bg/wp-content/uploads/2021/11/-%D0%93%D0%B5%D0%BD%D0%BE%D0%B2-scaled-e1636035723368.jpg"},"priority":1},{"id":25266,"action":{"type":"block"},"condition":{"urlFilter":"||plovdiv-press.bg/wp-content/uploads/2021/11/%D0%9C%D0%B0%D1%80%D0%B8%D1%8F-%D0%9A%D0%B0%D0%BF%D0%BE%D0%BD-1.jpg"},"priority":1},{"id":25390,"action":{"type":"block"},"condition":{"urlFilter":"||poligraff.net/uploads/banners"},"priority":1},{"id":25432,"action":{"type":"block"},"condition":{"urlFilter":"||politikata.net/img/NEWlekuvaiLEFT.jpg"},"priority":1},{"id":25482,"action":{"type":"block"},"condition":{"urlFilter":"||politikata.net/img/NEWlekuvaiRIGHT.jpg"},"priority":1},{"id":25533,"action":{"type":"block"},"condition":{"urlFilter":"||predpriemach.com/b/"},"priority":1},{"id":25565,"action":{"type":"block"},"condition":{"urlFilter":"||presstv.bg/wp-content/uploads/2015/12/xpress-online.png*"},"priority":1},{"id":25634,"action":{"type":"block"},"condition":{"urlFilter":"||presstv.bg/wp-content/uploads/2016/04/ALBA_baner.png*"},"priority":1},{"id":25700,"action":{"type":"block"},"condition":{"urlFilter":"||presstv.bg/wp-content/uploads/2016/06/xDamascena_300x245.jpg*"},"priority":1},{"id":25774,"action":{"type":"block"},"condition":{"urlFilter":"||presstv.bg/wp-content/uploads/2016/08/banner-tryavna-1.jpg*"},"priority":1},{"id":25846,"action":{"type":"block"},"condition":{"urlFilter":"||presstv.bg/wp-content/uploads/2016/10/xGraph-Design-Press728x90.jpg*"},"priority":1},{"id":25927,"action":{"type":"block"},"condition":{"urlFilter":"||presstv.bg/wp-content/uploads/2017/03/xDPS_Halil.jpg*"},"priority":1},{"id":25993,"action":{"type":"block"},"condition":{"urlFilter":"||presstv.bg/wp-content/uploads/*250x300*"},"priority":1},{"id":26045,"action":{"type":"block"},"condition":{"urlFilter":"||pricedefend.com*.js^"},"priority":1},{"id":26078,"action":{"type":"block"},"condition":{"urlFilter":"||profitshare.bg^"},"priority":1},{"id":26106,"action":{"type":"block"},"condition":{"urlFilter":"||pronewsdobrich.bg/?h=bannerfile"},"priority":1},{"id":26150,"action":{"type":"block"},"condition":{"urlFilter":"||r5.dir.bg^"},"priority":1},{"id":26173,"action":{"type":"block"},"condition":{"urlFilter":"||radio999bg.com/images/radio999bg/cache/banner/"},"priority":1},{"id":26232,"action":{"type":"block"},"condition":{"urlFilter":"||radiotangra.com/media/banners/"},"priority":1},{"id":26275,"action":{"type":"block"},"condition":{"urlFilter":"||razkritia.com/wp-content/uploads/*300_50*"},"priority":1},{"id":26329,"action":{"type":"block"},"condition":{"urlFilter":"||razkritia.com/wp-content/uploads/*960x90*"},"priority":1},{"id":26383,"action":{"type":"block"},"condition":{"urlFilter":"||razkritia.com/wp-content/uploads/banner*"},"priority":1},{"id":26436,"action":{"type":"block"},"condition":{"urlFilter":"||r.dir.bg"},"priority":1},{"id":26457,"action":{"type":"block"},"condition":{"urlFilter":"r*.dir.bg/js_ext.php"},"priority":1},{"id":26488,"action":{"type":"block"},"condition":{"urlFilter":"r*.dir.bg/js_myads.php"},"priority":1},{"id":26521,"action":{"type":"block"},"condition":{"urlFilter":"||recepty.bg/fbanners/"},"priority":1},{"id":26554,"action":{"type":"block"},"condition":{"urlFilter":"||recepty.bg/flashbanners/"},"priority":1},{"id":26591,"action":{"type":"block"},"condition":{"urlFilter":"||rechnik-bg.com/images/banner*"},"priority":1},{"id":26633,"action":{"type":"block"},"condition":{"urlFilter":"||regiona.bg/images/banners/"},"priority":1},{"id":26672,"action":{"type":"block"},"condition":{"urlFilter":"||regnews.net/img/bg_ipocredit.png"},"priority":1},{"id":26717,"action":{"type":"block"},"condition":{"urlFilter":"||regnews.net/pic/banners/"},"priority":1},{"id":26754,"action":{"type":"block"},"condition":{"urlFilter":"||regnews.net/user_pic/flash/*"},"priority":1},{"id":26795,"action":{"type":"block"},"condition":{"urlFilter":"||regnews.net/user_pic/images/banners/"},"priority":1},{"id":26844,"action":{"type":"block"},"condition":{"urlFilter":"||renault-bg.com/smf/bn/"},"priority":1},{"id":26879,"action":{"type":"block"},"condition":{"urlFilter":"||renault-bg.com/smf/bnn"},"priority":1},{"id":26914,"action":{"type":"block"},"condition":{"urlFilter":"||reset.bg/images/banners/"},"priority":1},{"id":26951,"action":{"type":"block"},"condition":{"urlFilter":"||rezervaciq.com/img/banners"},"priority":1},{"id":26990,"action":{"type":"block"},"condition":{"urlFilter":"||rodopinews.com/images/banners/"},"priority":1},{"id":27033,"action":{"type":"block"},"condition":{"urlFilter":"||rositza.com/wp-content/uploads/2019/03/vidimalogo.jpg"},"priority":1},{"id":27099,"action":{"type":"block"},"condition":{"urlFilter":"||rositza.com/wp-content/uploads/2019/11/ABONAMENT.jpg"},"priority":1},{"id":27164,"action":{"type":"block"},"condition":{"urlFilter":"||sandacite.bg/wp-content/uploads/2012/08/11100972_846509388770373_1194460155_n.jpg"},"priority":1},{"id":27258,"action":{"type":"block"},"condition":{"urlFilter":"||segabg.com/a/"},"priority":1},{"id":27284,"action":{"type":"block"},"condition":{"urlFilter":"||seir-sanduk.com/images/baner*"},"priority":1},{"id":27326,"action":{"type":"block"},"condition":{"urlFilter":"||senzacia.net/wp-content/uploads/2012/02/biokod4.jpg"},"priority":1},{"id":27390,"action":{"type":"block"},"condition":{"urlFilter":"||senzacia.net/wp-content/uploads/2012/02/estetika21.jpg"},"priority":1},{"id":27457,"action":{"type":"block"},"condition":{"urlFilter":"||senzacia.net/wp-content/uploads/2014/02/biokod2.jpg"},"priority":1},{"id":27521,"action":{"type":"block"},"condition":{"urlFilter":"||senzacia.net/wp-content/uploads/2015/05/top-siluet.gif"},"priority":1},{"id":27588,"action":{"type":"block"},"condition":{"urlFilter":"||senzacia.net/wp-content/uploads/2018/03/autodoc.jpg"},"priority":1},{"id":27652,"action":{"type":"block"},"condition":{"urlFilter":"||senzacia.net/wp-content/uploads/*/*300x250*"},"priority":1},{"id":27708,"action":{"type":"block"},"condition":{"urlFilter":"||setcom.bg/dv/"},"priority":1},{"id":27734,"action":{"type":"block"},"condition":{"urlFilter":"||sexwell.bg/maneri/"},"priority":1},{"id":27765,"action":{"type":"block"},"condition":{"urlFilter":"||shum.bg/ads/"},"priority":1},{"id":27790,"action":{"type":"block"},"condition":{"urlFilter":"||silabg.com/i/branding/"},"priority":1},{"id":27825,"action":{"type":"block"},"condition":{"urlFilter":"||silabg.com/i/iphone/"},"priority":1},{"id":27858,"action":{"type":"block"},"condition":{"urlFilter":"||silabg.com/i/left_natrol.jpg"},"priority":1},{"id":27899,"action":{"type":"block"},"condition":{"urlFilter":"||silabg.com/i/MRI_PROLAB_bg.jpg"},"priority":1},{"id":27942,"action":{"type":"block"},"condition":{"urlFilter":"||silabg.com/i/revita-wallpaper-FM-left_silabg.jpg"},"priority":1},{"id":28003,"action":{"type":"block"},"condition":{"urlFilter":"||silabg.com/i/Shenmin_Nuhair*"},"priority":1},{"id":28044,"action":{"type":"block"},"condition":{"urlFilter":"||silabg.com/i/SmartShake*"},"priority":1},{"id":28081,"action":{"type":"block"},"condition":{"urlFilter":"||simonovi-bgshop.com/banners/"},"priority":1},{"id":28122,"action":{"type":"block"},"condition":{"urlFilter":"||sinoptik.bg/i/*btc*.gif"},"priority":1},{"id":28158,"action":{"type":"block"},"condition":{"urlFilter":"||skandalno.net/wp-content/themes/WpAdvNewspaper/baneri/"},"priority":1},{"id":28225,"action":{"type":"block"},"condition":{"urlFilter":"||skandalno.net/wp-content/uploads/*128x300*"},"priority":1},{"id":28280,"action":{"type":"block"},"condition":{"urlFilter":"||skandalno.net/wp-content/uploads/2014/02/estetika.png"},"priority":1},{"id":28346,"action":{"type":"block"},"condition":{"urlFilter":"||skandalno.net/wp-content/uploads/*300x250*"},"priority":1},{"id":28401,"action":{"type":"block"},"condition":{"urlFilter":"||skandalno.net/wp-content/uploads/baneri/"},"priority":1},{"id":28454,"action":{"type":"block"},"condition":{"urlFilter":"||sliven.biz/baner*"},"priority":1},{"id":28484,"action":{"type":"block"},"condition":{"urlFilter":"||sliveninfo.bg/wp-content/uploads/2017/11/albatros300250.jpg"},"priority":1},{"id":28556,"action":{"type":"block"},"condition":{"urlFilter":"||sliveninfo.bg/wp-content/uploads/2017/11/*baner*"},"priority":1},{"id":28617,"action":{"type":"block"},"condition":{"urlFilter":"||sliveninfo.bg/wp-content/uploads/2017/11/banner-dkc1-sliven.jpg"},"priority":1},{"id":28693,"action":{"type":"block"},"condition":{"urlFilter":"||sliveninfo.bg/wp-content/uploads/2017/11/comnet-big.gif"},"priority":1},{"id":28761,"action":{"type":"block"},"condition":{"urlFilter":"||sliveninfo.bg/wp-content/uploads/2017/12/%D0%B1%D0%B0%D0%BD%D0%B5%D1%80-%D0%BE%D0%B1%D0%BE%D1%85%D1%80%D0%B0%D0%BD%D0%B0.jpg"},"priority":1},{"id":28898,"action":{"type":"block"},"condition":{"urlFilter":"||sliveninfo.bg/wp-content/uploads/2018/01/SlivenINFO.jpg"},"priority":1},{"id":28966,"action":{"type":"block"},"condition":{"urlFilter":"||sliveninfo.bg/wp-content/uploads/2018/01/toplofikacia.jpg"},"priority":1},{"id":29036,"action":{"type":"block"},"condition":{"urlFilter":"||sliveninfo.bg/wp-content/uploads/2019/01/banner-dkc2.png"},"priority":1},{"id":29105,"action":{"type":"block"},"condition":{"urlFilter":"||sliveninfo.bg/wp-content/uploads/2019/02/za_sliveninfo_970px_140px_static.jpg"},"priority":1},{"id":29195,"action":{"type":"block"},"condition":{"urlFilter":"||sliveninfo.bg/wp-content/uploads/2019/09/250.300.jpg"},"priority":1},{"id":29260,"action":{"type":"block"},"condition":{"urlFilter":"||sliveninfo.bg/wp-content/uploads/2019/10/16_10_LOGO_YOT_GI_VAL_970x140-copy.jpg"},"priority":1},{"id":29352,"action":{"type":"block"},"condition":{"urlFilter":"||sliveninfo.bg/wp-content/uploads/2020/02/banner-outlet.jpg"},"priority":1},{"id":29423,"action":{"type":"block"},"condition":{"urlFilter":"||sliveninfo.bg/wp-content/uploads/2020/08/Banner-1.jpg"},"priority":1},{"id":29489,"action":{"type":"block"},"condition":{"urlFilter":"||sliveninfo.bg/wp-content/uploads/2020/12/comnet.gif"},"priority":1},{"id":29553,"action":{"type":"block"},"condition":{"urlFilter":"||sliveninfo.bg/wp-content/uploads/2020/12/dika3.png"},"priority":1},{"id":29616,"action":{"type":"block"},"condition":{"urlFilter":"||sliveninfo.bg/wp-content/uploads/2020/12/ismbal.jpg"},"priority":1},{"id":29680,"action":{"type":"block"},"condition":{"urlFilter":"||sliveninfo.bg/wp-content/uploads/2020/12/obshtinasliven.jpg"},"priority":1},{"id":29752,"action":{"type":"block"},"condition":{"urlFilter":"||sliveninfo.bg/wp-content/uploads/2023/01/Sliven-Info_Outlet-Sliven_banner-300_250.jpg"},"priority":1},{"id":29850,"action":{"type":"block"},"condition":{"urlFilter":"||sliveninfo.bg/wp-content/uploads/2023/03/image001.png"},"priority":1},{"id":29916,"action":{"type":"block"},"condition":{"urlFilter":"||sliveninfo.bg/wp-content/uploads/2023/03/image002.png"},"priority":1},{"id":29982,"action":{"type":"block"},"condition":{"urlFilter":"||sliveninfo.bg/wp-content/uploads/2023/06/banner_970x140_23.jpg"},"priority":1},{"id":30057,"action":{"type":"block"},"condition":{"urlFilter":"||sliveninfo.bg/wp-content/uploads/2023/10/Dorislogo970x140JPG.jpg"},"priority":1},{"id":30134,"action":{"type":"block"},"condition":{"urlFilter":"||sliveninfo.bg/wp-content/uploads/2024/01/b6.gif"},"priority":1},{"id":30194,"action":{"type":"block"},"condition":{"urlFilter":"||sliveninfo.bg/wp-content/uploads/2024/02/IMG_4690.jpg"},"priority":1},{"id":30260,"action":{"type":"block"},"condition":{"urlFilter":"||sliveninfo.bg/wp-content/uploads/2024/06/InfoBox_Brother_0624.gif"},"priority":1},{"id":30338,"action":{"type":"block"},"condition":{"urlFilter":"||sliveninfo.bg/wp-content/uploads/*300x250*"},"priority":1},{"id":30393,"action":{"type":"block"},"condition":{"urlFilter":"||sliven-news.com/images/stories/slujebni/"},"priority":1},{"id":30446,"action":{"type":"block"},"condition":{"urlFilter":"||slivenpress.bg/images/banners/"},"priority":1},{"id":30489,"action":{"type":"block"},"condition":{"urlFilter":"slivensega.files.wordpress.com/2014/11/sk.jpg"},"priority":1},{"id":30545,"action":{"type":"block"},"condition":{"urlFilter":"slivensega.files.wordpress.com/*w=466&h=140*"},"priority":1},{"id":30600,"action":{"type":"block"},"condition":{"urlFilter":"slivensega.files.wordpress.com/*w=466&h=233*"},"priority":1},{"id":30655,"action":{"type":"block"},"condition":{"urlFilter":"slivensega.files.wordpress.com/*w=466&h=369*"},"priority":1},{"id":30710,"action":{"type":"block"},"condition":{"urlFilter":"sliventribune.files.wordpress.com/2020/06/untitled.jpg"},"priority":1},{"id":30775,"action":{"type":"block"},"condition":{"urlFilter":"||smartnews.bg/wp-content/uploads/*anner*"},"priority":1},{"id":30827,"action":{"type":"block"},"condition":{"urlFilter":"||smolyandnes.com/photo_gallery/archive_photos/archive_photos/archive_photos/archive_photos/archive_photos/archive_photos/banners"},"priority":1},{"id":30968,"action":{"type":"block"},"condition":{"urlFilter":"||smolyandnes.com/photo_gallery/archive_photos/banners/"},"priority":1},{"id":31034,"action":{"type":"block"},"condition":{"urlFilter":"||smolyanpress.net/wp-content/uploads/2011/12/posoki-jpg.jpg"},"priority":1},{"id":31105,"action":{"type":"block"},"condition":{"urlFilter":"||smolyanpress.net/wp-content/uploads/2012/09/garlo.gif"},"priority":1},{"id":31171,"action":{"type":"block"},"condition":{"urlFilter":"||smolyanpress.net/wp-content/uploads/2013/08/m_pojar_new.gif"},"priority":1},{"id":31243,"action":{"type":"block"},"condition":{"urlFilter":"||smolyanpress.net/wp-content/uploads/2016/02/yagnevo.png"},"priority":1},{"id":31311,"action":{"type":"block"},"condition":{"urlFilter":"||smolyanpress.net/wp-content/uploads/2016/07/ek_latograd.jpg"},"priority":1},{"id":31383,"action":{"type":"block"},"condition":{"urlFilter":"||smolyanpress.net/wp-content/uploads/2016/09/athome.gif"},"priority":1},{"id":31450,"action":{"type":"block"},"condition":{"urlFilter":"||sofiacomputers.net/flash/*250x200*"},"priority":1},{"id":31497,"action":{"type":"block"},"condition":{"urlFilter":"||sofspravka.info/index.php?go=_common&p=banner"},"priority":1},{"id":31555,"action":{"type":"block"},"condition":{"urlFilter":"||southwest-business.com/images/banners/"},"priority":1},{"id":31606,"action":{"type":"block"},"condition":{"urlFilter":"||spearfish.org/pic/b/"},"priority":1},{"id":31639,"action":{"type":"block"},"condition":{"urlFilter":"||sport1.bg/feeds/"},"priority":1},{"id":31668,"action":{"type":"block"},"condition":{"urlFilter":"||sportal.bg/brand_images/"},"priority":1},{"id":31705,"action":{"type":"block"},"condition":{"urlFilter":"||standartnews.com/media/banners/"},"priority":1},{"id":31749,"action":{"type":"block"},"condition":{"urlFilter":"||starfm.bg/banners/"},"priority":1},{"id":31780,"action":{"type":"block"},"condition":{"urlFilter":"||static2.cs-bg.net/*/banners/"},"priority":1},{"id":31821,"action":{"type":"block"},"condition":{"urlFilter":"static.biznes-bulgaria.com/images/banners/"},"priority":1},{"id":31874,"action":{"type":"block"},"condition":{"urlFilter":"static.bnr.bg/gallery/01/01c780ef0f95c6c53a504d12fdae95de.gif"},"priority":1},{"id":31946,"action":{"type":"block"},"condition":{"urlFilter":"||static.bnr.bg/gallery/cr/8a741e10a78bb4ae8eee74489fcc0a1e.jpg"},"priority":1},{"id":32020,"action":{"type":"block"},"condition":{"urlFilter":"static.dir.bg/trendo/","resourceTypes":["sub_frame"]},"priority":101},{"id":32067,"action":{"type":"block"},"condition":{"urlFilter":"static.mbclub.bg/banners/"},"priority":1},{"id":32103,"action":{"type":"block"},"condition":{"urlFilter":"static.petel.bg/media/banners/"},"priority":1},{"id":32144,"action":{"type":"block"},"condition":{"urlFilter":"static.petel.bg/resources/2020/01/27/iright_Niramar-zaglavna.jpg"},"priority":1},{"id":32219,"action":{"type":"block"},"condition":{"urlFilter":"||stelki.bg/userfiles/editor/flash/*710x90*"},"priority":1},{"id":32273,"action":{"type":"block"},"condition":{"urlFilter":"||store.bg/ads/"},"priority":1},{"id":32299,"action":{"type":"block"},"condition":{"urlFilter":"||stz24.com/template/stz24/banner/*"},"priority":1},{"id":32345,"action":{"type":"block"},"condition":{"urlFilter":"subs.sab.bz/images/BANER.jpg"},"priority":1},{"id":32384,"action":{"type":"block"},"condition":{"urlFilter":"subs.sab.bz/images/lev_ok.gif"},"priority":1},{"id":32424,"action":{"type":"block"},"condition":{"urlFilter":"||subsunacs.net/images/*@*"},"priority":1},{"id":32461,"action":{"type":"block"},"condition":{"urlFilter":"||subsunacs.net/tvds*"},"priority":1},{"id":32493,"action":{"type":"block"},"condition":{"urlFilter":"||supichka.com/assets/images/*350_450.jpg"},"priority":1},{"id":32545,"action":{"type":"block"},"condition":{"urlFilter":"||supichka.com/assets/images/perun.jpg"},"priority":1},{"id":32594,"action":{"type":"block"},"condition":{"urlFilter":"||technomarket.bg/userfiles/files/banner*"},"priority":1},{"id":32646,"action":{"type":"block"},"condition":{"urlFilter":"||temanews.com/img/banners/"},"priority":1},{"id":32684,"action":{"type":"block"},"condition":{"urlFilter":"||teniski.be/*468x60."},"priority":1},{"id":32716,"action":{"type":"block"},"condition":{"urlFilter":"||teniski.be/images/shops*"},"priority":1},{"id":32753,"action":{"type":"block"},"condition":{"urlFilter":"||teniski.be/pix/"},"priority":1},{"id":32781,"action":{"type":"block"},"condition":{"urlFilter":"||thesofiatimes.com/wp-content/uploads/2017/11/lreb-2-300x250.jpg"},"priority":1},{"id":32857,"action":{"type":"block"},"condition":{"urlFilter":"||thesofiatimes.com/wp-content/uploads/2018/08/legal_services_3.jpg"},"priority":1},{"id":32935,"action":{"type":"block"},"condition":{"urlFilter":"||thesofiatimes.com/wp-content/uploads/2018/08/lreb201-300x250.jpg"},"priority":1},{"id":33012,"action":{"type":"block"},"condition":{"urlFilter":"||thesofiatimes.com/wp-content/uploads/2019/03/lbg-2.jpg"},"priority":1},{"id":33079,"action":{"type":"block"},"condition":{"urlFilter":"||thesofiatimes.com/wp-content/uploads/2019/03/naemi.jpg"},"priority":1},{"id":33146,"action":{"type":"block"},"condition":{"urlFilter":"||thesofiatimes.com/wp-content/uploads/2020/11/Guitarra-musica-de-hard-rock-Copy-Copy.jpg"},"priority":1},{"id":33246,"action":{"type":"block"},"condition":{"urlFilter":"||thesofiatimes.com/wp-content/uploads/2020/11/tropicradio2-Copy.jpg"},"priority":1},{"id":33325,"action":{"type":"block"},"condition":{"urlFilter":"||thesofiatimes.com/wp-content/uploads/2022/11/%D0%B4%D0%BE%D0%BC%D0%BE%D1%83%D0%BF%D1%80%D0%B0%D0%B2%D0%B8%D1%82%D0%B5%D0%BB-3.jpg"},"priority":1},{"id":33468,"action":{"type":"block"},"condition":{"urlFilter":"||thesofiatimes.com/wp-content/uploads/2022/11/Meditation-Music-Zen-cover.jpg"},"priority":1},{"id":33556,"action":{"type":"block"},"condition":{"urlFilter":"||thesofiatimes.com/wp-content/uploads/2023/02/DPDW3-Copy-Copy-2-Copy.jpg"},"priority":1},{"id":33640,"action":{"type":"block"},"condition":{"urlFilter":"||thesofiatimes.com/wp-content/uploads/2023/02/SMMM3.jpg"},"priority":1},{"id":33707,"action":{"type":"block"},"condition":{"urlFilter":"||thesofiatimes.com/wp-content/uploads/2023/09/AL1.jpg"},"priority":1},{"id":33772,"action":{"type":"block"},"condition":{"urlFilter":"||topbg.org/banners"},"priority":1},{"id":33802,"action":{"type":"block"},"condition":{"urlFilter":"||topofertite.com/files/backgrounds/*"},"priority":1},{"id":33850,"action":{"type":"block"},"condition":{"urlFilter":"||topofertite.com/templates/dealzilla/rj/*.png"},"priority":1},{"id":33907,"action":{"type":"block"},"condition":{"urlFilter":"||toppresa.com/wp-content/uploads/2015/07/vinarska_izba-1.jpg"},"priority":1},{"id":33979,"action":{"type":"block"},"condition":{"urlFilter":"||toppresa.com/wp-content/uploads/2021/05/28516350_1674367079273202_6111861376765808787_o*.jpg"},"priority":1},{"id":34084,"action":{"type":"block"},"condition":{"urlFilter":"||toppresa.com/wp-content/uploads/2021/11/az-consult-1217*.jpeg"},"priority":1},{"id":34158,"action":{"type":"block"},"condition":{"urlFilter":"||toppresa.com/wp-content/uploads/2021/11/Rollmann_visual1.jpeg"},"priority":1},{"id":34232,"action":{"type":"block"},"condition":{"urlFilter":"||toppresa.com/wp-content/uploads/2021/11/Untitled-1*.jpeg"},"priority":1},{"id":34301,"action":{"type":"block"},"condition":{"urlFilter":"||toppresa.com/wp-content/uploads/2022/02/32cba9d5e1afedb46c47fa30f684447b_XL.jpeg"},"priority":1},{"id":34394,"action":{"type":"block"},"condition":{"urlFilter":"||toppresa.com/wp-content/uploads/2022/04/Bay_Iliya_Logo_BGR_Colors-1261073139-*0.png"},"priority":1},{"id":34490,"action":{"type":"block"},"condition":{"urlFilter":"||toppresa.com/wp-content/uploads/2023/03/Untitled-4.jpg"},"priority":1},{"id":34557,"action":{"type":"block"},"condition":{"urlFilter":"||toppresa.com/wp-content/uploads/2023/04/IMG_1661.jpg"},"priority":1},{"id":34622,"action":{"type":"block"},"condition":{"urlFilter":"||toppresa.com/wp-content/uploads/2023/06/Screenshot-2023-06-02-at-11.49.16.png"},"priority":1},{"id":34712,"action":{"type":"block"},"condition":{"urlFilter":"||toto.bg/images/branding*"},"priority":1},{"id":34749,"action":{"type":"block"},"condition":{"urlFilter":"||tvn.bg/wp-content/uploads/2018/09/AAAAAAAAAAAAAA.jpg"},"priority":1},{"id":34814,"action":{"type":"block"},"condition":{"urlFilter":"||tvn.bg/wp-content/uploads/*baner.gif"},"priority":1},{"id":34863,"action":{"type":"block"},"condition":{"urlFilter":"||tvn.bg/wp-content/uploads/*banner.jpg"},"priority":1},{"id":34913,"action":{"type":"block"},"condition":{"urlFilter":"||tvn.bg/wp-content/uploads/networx.gif"},"priority":1},{"id":34963,"action":{"type":"block"},"condition":{"urlFilter":"||tvn.bg/wp-content/uploads/vipal.gif"},"priority":1},{"id":35011,"action":{"type":"block"},"condition":{"urlFilter":"||uroci.net/images/export/baners"},"priority":1},{"id":35054,"action":{"type":"block"},"condition":{"urlFilter":"||utre.bg/images/banners/"},"priority":1},{"id":35090,"action":{"type":"block"},"condition":{"urlFilter":"||varna-bulgaria.info/wp-content/uploads/2013/06/kayak_trip_Varna.jpg"},"priority":1},{"id":35170,"action":{"type":"block"},"condition":{"urlFilter":"||varna-sport.com/wp-content/themes/supermag/assets/img/supermag-new-ad.png"},"priority":1},{"id":35256,"action":{"type":"block"},"condition":{"urlFilter":"||varna-sport.com/wp-content/uploads/2019/05/DER_Touristik_Charters_Airlanes_final_2018.gif"},"priority":1},{"id":35358,"action":{"type":"block"},"condition":{"urlFilter":"||veliko-tarnovo.net/static/aleks-ok.jpg"},"priority":1},{"id":35409,"action":{"type":"block"},"condition":{"urlFilter":"||veliko-tarnovo.net/static/reklamirai.jpg"},"priority":1},{"id":35462,"action":{"type":"block"},"condition":{"urlFilter":"||venera.bg/images/1/6/2650.jpg"},"priority":1},{"id":35504,"action":{"type":"block"},"condition":{"urlFilter":"||versia.bg/images/flash/"},"priority":1},{"id":35540,"action":{"type":"block"},"condition":{"urlFilter":"||vestnikutro.com/wp-content/uploads/2023/09/22008166-Copy2.jpg"},"priority":1},{"id":35614,"action":{"type":"block"},"condition":{"urlFilter":"||viaranews.com/wp-content/uploads/2018/10/imgpsh_fullsize-2222222222.jpg"},"priority":1},{"id":35698,"action":{"type":"block"},"condition":{"urlFilter":"||viaranews.com/wp-content/uploads/2018/11/Copy-of-VIARA-LOGO-new-site-copy.jpg"},"priority":1},{"id":35788,"action":{"type":"block"},"condition":{"urlFilter":"||viaranews.com/wp-content/uploads/2019/01/grand.jpg"},"priority":1},{"id":35851,"action":{"type":"block"},"condition":{"urlFilter":"||vipoferta.bg/aBans/"},"priority":1},{"id":35883,"action":{"type":"block"},"condition":{"urlFilter":"||vipoferta.bg/banners/"},"priority":1},{"id":35917,"action":{"type":"block"},"condition":{"urlFilter":"||vipoferta.bg/elitBGaff/"},"priority":1},{"id":35953,"action":{"type":"block"},"condition":{"urlFilter":"||visitbulgaria.net/rotbnr_visit/"},"priority":1},{"id":35997,"action":{"type":"block"},"condition":{"urlFilter":"||v-maps.com/banner.jpg"},"priority":1},{"id":36031,"action":{"type":"block"},"condition":{"urlFilter":"||vnews.bg/wp-content/themes/vnews/images/banner*"},"priority":1},{"id":36091,"action":{"type":"block"},"condition":{"urlFilter":"||vnews.bg/wp-content/themes/vnews/images/finalflat2.jpg"},"priority":1},{"id":36158,"action":{"type":"block"},"condition":{"urlFilter":"||vnews.bg/wp-content/themes/vnews/images/vik-varna-banner.jpg"},"priority":1},{"id":36231,"action":{"type":"block"},"condition":{"urlFilter":"||vratsa.eu/user_pic/images/banner*"},"priority":1},{"id":36277,"action":{"type":"block"},"condition":{"urlFilter":"||vsichkotok.bg/images/*232x200*"},"priority":1},{"id":36320,"action":{"type":"block"},"condition":{"urlFilter":"||webdesign-bulgaria.com/images/banners"},"priority":1},{"id":36370,"action":{"type":"block"},"condition":{"urlFilter":"webmoney.borsa.bg/BannerFactory.php5"},"priority":1},{"id":36417,"action":{"type":"block"},"condition":{"urlFilter":"||webnews.bg/uploads/files/"},"priority":1},{"id":36455,"action":{"type":"block"},"condition":{"urlFilter":"||websitepr.eu/baneri-site/"},"priority":1},{"id":36493,"action":{"type":"block"},"condition":{"urlFilter":"||websitepr.eu/wp-content/themes/Divi/images/300x2501.png"},"priority":1},{"id":36561,"action":{"type":"block"},"condition":{"urlFilter":"||websitepr.eu/wp-content/themes/Divi/images/Baner*"},"priority":1},{"id":36623,"action":{"type":"block"},"condition":{"urlFilter":"||www.iskra.bg/wp-content/uploads/2022/02/4-klimatici-1.jpg"},"priority":1},{"id":36693,"action":{"type":"block"},"condition":{"urlFilter":"||xn--80aagchfanjcc6aftsr6a.com/images/avtogumi.gif"},"priority":1},{"id":36755,"action":{"type":"block"},"condition":{"urlFilter":"||xn--80aagchfanjcc6aftsr6a.com/images/banners/"},"priority":1},{"id":36813,"action":{"type":"block"},"condition":{"urlFilter":"||yambolnews.net/images/banners/"},"priority":1},{"id":36856,"action":{"type":"block"},"condition":{"urlFilter":"||yavka.net/abis/"},"priority":1},{"id":36884,"action":{"type":"block"},"condition":{"urlFilter":"||zadoma.com/res/standard/img/baneri"},"priority":1},{"id":36931,"action":{"type":"block"},"condition":{"urlFilter":"||zagoranews.bg/wp-content/uploads/2015/05/Medina-Med-Banner-Side-.jpg"},"priority":1},{"id":37012,"action":{"type":"block"},"condition":{"urlFilter":"||zajenata.bg/img/brand/*"},"priority":1},{"id":37048,"action":{"type":"block"},"condition":{"urlFilter":"||zamunda.net/*banner*"},"priority":1},{"id":37081,"action":{"type":"block"},"condition":{"urlFilter":"||zamunda.net/pic/img4/bitbucket/58955/1578729817_2627350.jpg"},"priority":1},{"id":37153,"action":{"type":"block"},"condition":{"urlFilter":"||zamunda.net/pic/img4/bitbucket/uploads/1652857541_8079278.png"},"priority":1},{"id":37227,"action":{"type":"block"},"condition":{"urlFilter":"||zamunda.net/pic/img4/bitbucket/uploads/1730729431_9833736.jpg"},"priority":1},{"id":37301,"action":{"type":"block"},"condition":{"urlFilter":"||zapernik.com/wp-content/uploads/2016/09/153.jpg"},"priority":1},{"id":37361,"action":{"type":"block"},"condition":{"urlFilter":"||zapernik.com/wp-content/uploads/2021/06/baner_prekasvania_300_250px_arial.jpg"},"priority":1},{"id":37451,"action":{"type":"block"},"condition":{"urlFilter":"||zapernik.com/wp-content/uploads/2021/08/300h250.png"},"priority":1},{"id":37515,"action":{"type":"block"},"condition":{"urlFilter":"||zarata.info/14_02_2017_diplomat.gif"},"priority":1},{"id":37563,"action":{"type":"block"},"condition":{"urlFilter":"||zarata.info/*.html"},"priority":1},{"id":37594,"action":{"type":"block"},"condition":{"urlFilter":"||zarata.info/rotator*"},"priority":1},{"id":37627,"action":{"type":"block"},"condition":{"urlFilter":"||zarata.info/wp-content/uploads/2016/12/Siltex_resized.jpg"},"priority":1},{"id":37697,"action":{"type":"block"},"condition":{"urlFilter":"||zavedenia.com/bannerapp/"},"priority":1},{"id":37734,"action":{"type":"block"},"condition":{"urlFilter":"||zavedenia.com/banners_box/"},"priority":1},{"id":37773,"action":{"type":"block"},"condition":{"urlFilter":"||zavedenia.com/_images/background*"},"priority":1},{"id":37819,"action":{"type":"block"},"condition":{"urlFilter":"||zdrave.net/bannerInside/"},"priority":1},{"id":37856,"action":{"type":"block"},"condition":{"urlFilter":"||zdrave.net/document/banner/"},"priority":1},{"id":37896,"action":{"type":"block"},"condition":{"urlFilter":"||zepir.com/storage/banners/"},"priority":1},{"id":37935,"action":{"type":"block"},"condition":{"urlFilter":"||zopplus.com/wp-content/uploads/*366x280*"},"priority":1},{"id":37988,"action":{"type":"block"},"condition":{"urlFilter":"||zovnews.com/wp-content/uploads/2018/08/300-x-300-1.png"},"priority":1},{"id":38055,"action":{"type":"block"},"condition":{"urlFilter":"||zovnews.com/wp-content/uploads/2018/08/300x300-300x263.jpeg"},"priority":1},{"id":38127,"action":{"type":"block"},"condition":{"urlFilter":"||zovnews.com/wp-content/uploads/2018/08/baner_DiChStudio-1.jpg"},"priority":1},{"id":38201,"action":{"type":"block"},"condition":{"urlFilter":"||zovnews.com/wp-content/uploads/2018/08/chehplast1.jpg"},"priority":1},{"id":38267,"action":{"type":"block"},"condition":{"urlFilter":"||zovnews.com/wp-content/uploads/2018/08/%D0%B1%D0%B0%D0%BD%D0%B5%D1%80-%D1%81%D1%82%D1%80%D0%BE%D0%B8%D1%82%D0%B5%D0%BB-%D0%BA%D1%80%D0%B8%D0%B2%D0%BE%D0%B4%D0%BE%D0%BB-zovnews.png"},"priority":1},{"id":38460,"action":{"type":"block"},"condition":{"urlFilter":"||zovnews.com/wp-content/uploads/2018/08/dps-logo-300%D1%85300.jpg"},"priority":1},{"id":38537,"action":{"type":"block"},"condition":{"urlFilter":"||zovnews.com/wp-content/uploads/2018/08/IMG_7647.jpeg"},"priority":1},{"id":38602,"action":{"type":"block"},"condition":{"urlFilter":"||zovnews.com/wp-content/uploads/2018/08/zaistinatafinal.jpg"},"priority":1},{"id":38673,"action":{"type":"block"},"condition":{"urlFilter":"||zovnews.com/wp-content/uploads/2020/10/ponte-dio-e1644660250495.jpg"},"priority":1},{"id":38753,"action":{"type":"block"},"condition":{"urlFilter":"||zovnews.com/wp-content/uploads/2022/03/banner-DPRAO-2022-1.jpg"},"priority":1},{"id":38828,"action":{"type":"block"},"condition":{"urlFilter":"||zovnews.com/wp-content/uploads/2024/06/Digital-Marketing-Strategy-From-Evol.bg_.png"},"priority":1},{"id":66203,"action":{"type":"allow"},"condition":{"urlFilter":"/advert-","initiatorDomains":["advert-advance.com"]},"priority":100201},{"id":66260,"action":{"type":"allow"},"condition":{"urlFilter":"/advert.","initiatorDomains":["alein.org"]},"priority":100201},{"id":66308,"action":{"type":"allow"},"condition":{"urlFilter":"||bivol.bg/wp-content/uploads/2016/01/*"},"priority":100001},{"id":66358,"action":{"type":"allow"},"condition":{"urlFilter":"cdn.economedia.bg/minc/","initiatorDomains":["dnevnik.bg"]},"priority":100201},{"id":66422,"action":{"type":"allow"},"condition":{"urlFilter":"||contextweb.com^","initiatorDomains":["bg-gledai.tv"]},"priority":100201},{"id":66482,"action":{"type":"allowAllRequests"},"condition":{"urlFilter":"||crackmywifi.blogspot.bg^","resourceTypes":["main_frame"]},"priority":140101},{"id":66534,"action":{"type":"allow"},"condition":{"urlFilter":"||dama.bg/assets/dev.dama.bg/js/adx.js"},"priority":100001},{"id":66583,"action":{"type":"allow"},"condition":{"urlFilter":"|https://","domainType":"thirdParty","initiatorDomains":["openload.co"],"resourceTypes":["script","xmlhttprequest"]},"priority":100277},{"id":66661,"action":{"type":"allow"},"condition":{"urlFilter":"imasdk.googleapis.com","initiatorDomains":["news.bg","lifestyle.bg","topsport.bg"]},"priority":100135},{"id":66745,"action":{"type":"allow"},"condition":{"urlFilter":"||ndt1.com/images/articles/*"},"priority":100001},{"id":66843,"action":{"type":"allow"},"condition":{"urlFilter":"||olx.bg/ajax/ad/offer/"},"priority":100001},{"id":66877,"action":{"type":"allow"},"condition":{"urlFilter":"||olx.bg/ajax/ad/togglefollow/"},"priority":100001},{"id":66961,"action":{"type":"allow"},"condition":{"urlFilter":"/pagead/conversion.","initiatorDomains":["news.bg","lifestyle.bg","topsport.bg"]},"priority":100135},{"id":67043,"action":{"type":"allow"},"condition":{"urlFilter":"||pozvanete.bg/public/upload/ads/"},"priority":100001},{"id":67139,"action":{"type":"allow"},"condition":{"urlFilter":"/pubads_","initiatorDomains":["news.bg","lifestyle.bg","topsport.bg"]},"priority":100135},{"id":67210,"action":{"type":"allow"},"condition":{"urlFilter":"||puhtml.com","initiatorDomains":["bg-gledai.tv"]},"priority":100201},{"id":67306,"action":{"type":"allow"},"condition":{"urlFilter":"s5emagst.akamaized.net/assets/bg/js/ads-*"},"priority":100001},{"id":67358,"action":{"type":"allow"},"condition":{"urlFilter":"/securepubads.","initiatorDomains":["news.bg","lifestyle.bg","topsport.bg"]},"priority":100135},{"id":67435,"action":{"type":"allowAllRequests"},"condition":{"urlFilter":"||seirsanduk.com^","resourceTypes":["main_frame"]},"priority":140101},{"id":67478,"action":{"type":"allow"},"condition":{"urlFilter":"||seirsanduk.com/ad-server.js"},"priority":100001},{"id":67518,"action":{"type":"allow"},"condition":{"urlFilter":"slotbg.com/images/adds/*"},"priority":100001},{"id":67553,"action":{"type":"allow"},"condition":{"urlFilter":"||webnews.bg/assets/js/ads.js","resourceTypes":["script"]},"priority":100101},{"id":67608,"action":{"type":"allow"},"condition":{"urlFilter":"||webnews.bg/assets/js/min/dfp.js","initiatorDomains":["news.bg","lifestyle.bg","topsport.bg"],"resourceTypes":["script"]},"priority":100235},{"id":67713,"action":{"type":"allow"},"condition":{"urlFilter":"||zopplus.com/wp-content/themes/zop/js/advertisement.js"},"priority":100001}]