[{"id":18123,"action":{"type":"block"},"condition":{"urlFilter":"||glasistre.hr/SliderBanner^"},"priority":1},{"id":18162,"action":{"type":"block"},"condition":{"urlFilter":"||avalaads.com^","domainType":"thirdParty"},"priority":2},{"id":18203,"action":{"type":"block"},"condition":{"urlFilter":"||linker.hr^"},"priority":1},{"id":18226,"action":{"type":"block"},"condition":{"urlFilter":"||native.tportal.hr^","domainType":"thirdParty"},"priority":2},{"id":18272,"action":{"type":"block"},"condition":{"urlFilter":"||lupon.media^","domainType":"thirdParty"},"priority":2},{"id":18312,"action":{"type":"block"},"condition":{"urlFilter":"||a.mabipa.com^","domainType":"thirdParty"},"priority":2},{"id":18353,"action":{"type":"block"},"condition":{"urlFilter":"||farmer.ba/files/banners^","resourceTypes":["image"]},"priority":101},{"id":18405,"action":{"type":"block"},"condition":{"urlFilter":"||nap.ba/storage/userfiles/images/Slike","resourceTypes":["image"]},"priority":101},{"id":18470,"action":{"type":"block"},"condition":{"urlFilter":"||navidiku.rs/banerslike^","resourceTypes":["image"]},"priority":101},{"id":18521,"action":{"type":"block"},"condition":{"urlFilter":"||oglasi.rs/serve^","resourceTypes":["image"]},"priority":101},{"id":18565,"action":{"type":"block"},"condition":{"urlFilter":"||pcpress.rs/pcincludes^","resourceTypes":["image"]},"priority":101},{"id":18615,"action":{"type":"block"},"condition":{"urlFilter":"||pcpress.rs/video/vesimpex/vesimpex.mp4^"},"priority":1},{"id":18667,"action":{"type":"block"},"condition":{"urlFilter":"||pcpress.rs/wp-content/baner^","resourceTypes":["image"]},"priority":101},{"id":18723,"action":{"type":"block"},"condition":{"urlFilter":"||saznajnovo.com/*-baner.jpg^","resourceTypes":["image"]},"priority":101},{"id":18778,"action":{"type":"block"},"condition":{"urlFilter":"||html-load.com/loader.min.js^","initiatorDomains":["gloria.hr"]},"priority":201},{"id":18848,"action":{"type":"block"},"condition":{"urlFilter":"||krajina.ba/wp-content/uploads/*/baner-","resourceTypes":["image"]},"priority":101},{"id":18914,"action":{"type":"block"},"condition":{"urlFilter":"||opcinakupres.ba/images/stories/gsshbz.png^"},"priority":1},{"id":18969,"action":{"type":"block"},"condition":{"urlFilter":"||opcinakupres.ba/images/stories/Logo","resourceTypes":["image"]},"priority":101},{"id":19032,"action":{"type":"block"},"condition":{"urlFilter":"||dalmacijadanas.hr/wp-content/banners^","resourceTypes":["image"]},"priority":101},{"id":19097,"action":{"type":"block"},"condition":{"urlFilter":"||naxi.rs/media/*-naxi-2010x1000-","resourceTypes":["image"]},"priority":101},{"id":19156,"action":{"type":"block"},"condition":{"urlFilter":"||paragraf.rs/img/*-float-baner.png^"},"priority":1},{"id":19203,"action":{"type":"block"},"condition":{"urlFilter":"||barinfo.me/wp-content/uploads/*/*Banner-*.gif^"},"priority":1},{"id":19262,"action":{"type":"block"},"condition":{"urlFilter":"||betwidget.admiralbet.rs^","initiatorDomains":["sportske.net"],"resourceTypes":["sub_frame"]},"priority":301},{"id":19340,"action":{"type":"block"},"condition":{"urlFilter":"||bokanews.me/wp-content/uploads/*.336x280-*.gif^"},"priority":1},{"id":19400,"action":{"type":"block"},"condition":{"urlFilter":"||onogost.me/wp-content/uploads/*-baner*.png.webp^"},"priority":1},{"id":19461,"action":{"type":"block"},"condition":{"urlFilter":"||onogost.me/wp-content/uploads/*.gif^"},"priority":1},{"id":19510,"action":{"type":"block"},"condition":{"urlFilter":"||rtnk.me/files/documents/*Cedis*.gif^"},"priority":1},{"id":19559,"action":{"type":"block"},"condition":{"urlFilter":"||widgets.jutarnji.hr^"},"priority":1},{"id":19592,"action":{"type":"block"},"condition":{"urlFilter":"||media.tangosix.rs/*/banner.","resourceTypes":["image"]},"priority":101},{"id":19647,"action":{"type":"block"},"condition":{"urlFilter":"||infovranjske.rs/ads^","resourceTypes":["image"]},"priority":101},{"id":19695,"action":{"type":"block"},"condition":{"urlFilter":"||widget.admiral.hr^","domainType":"thirdParty"},"priority":2},{"id":19741,"action":{"type":"block"},"condition":{"urlFilter":"||traffic.styria.hr^","domainType":"thirdParty"},"priority":2},{"id":19787,"action":{"type":"block"},"condition":{"urlFilter":"||sk.rs/slike/baneri^"},"priority":1},{"id":19819,"action":{"type":"block"},"condition":{"urlFilter":"||redakcija.alo.rs^","domainType":"thirdParty","resourceTypes":["image"]},"priority":102},{"id":19873,"action":{"type":"block"},"condition":{"urlFilter":"||info-ks.net/assets/img/banners^"},"priority":1},{"id":19917,"action":{"type":"block"},"condition":{"urlFilter":"|https://html-load.com^","domainType":"thirdParty","initiatorDomains":["slobodnadalmacija.hr","tportal.hr"],"resourceTypes":["script"]},"priority":252},{"id":20020,"action":{"type":"block"},"condition":{"urlFilter":"||arhivanalitika.hr/*/uploads/*/ICAM_*x","resourceTypes":["image"]},"priority":101},{"id":20085,"action":{"type":"block"},"condition":{"urlFilter":"||arhivanalitika.hr/*/uploads/*/Bon.hr-*x","resourceTypes":["image"]},"priority":101},{"id":20152,"action":{"type":"block"},"condition":{"urlFilter":"||klik-slider.morgancode.com^","resourceTypes":["sub_frame"]},"priority":101},{"id":20207,"action":{"type":"block"},"condition":{"urlFilter":"||cxpublic.com^","domainType":"thirdParty"},"priority":2},{"id":20248,"action":{"type":"block"},"condition":{"urlFilter":"||5portal.hr/portal/source/0*.gif^"},"priority":1},{"id":20293,"action":{"type":"block"},"condition":{"urlFilter":"||5portal.hr/portal/source/0*_Banner-","resourceTypes":["image"]},"priority":101},{"id":20356,"action":{"type":"block"},"condition":{"urlFilter":"||5portal.hr/portal/source/Svibanj","resourceTypes":["image"]},"priority":101},{"id":20416,"action":{"type":"block"},"condition":{"urlFilter":"||bug.ba/banner-","resourceTypes":["image"]},"priority":101},{"id":20458,"action":{"type":"block"},"condition":{"urlFilter":"||gminfo.rs/wp-content/uploads/20*-baner-","resourceTypes":["image"]},"priority":101},{"id":20525,"action":{"type":"block"},"condition":{"urlFilter":"||gminfo.rs/wp-content/uploads/20*-oglas-","resourceTypes":["image"]},"priority":101},{"id":20592,"action":{"type":"block"},"condition":{"urlFilter":"||gminfo.rs/wp-content/uploads/202*.gif^","resourceTypes":["image"]},"priority":101},{"id":20658,"action":{"type":"block"},"condition":{"urlFilter":"||infoliga.rs/wp-content/uploads/20*-banner-","resourceTypes":["image"]},"priority":101},{"id":20728,"action":{"type":"block"},"condition":{"urlFilter":"||infoliga.rs/wp-content/uploads/20*baner3","resourceTypes":["image"]},"priority":101},{"id":20796,"action":{"type":"block"},"condition":{"urlFilter":"||infoliga.rs/wp-content/uploads/202*-cropped-cropped-cropped-","resourceTypes":["image"]},"priority":101},{"id":20884,"action":{"type":"block"},"condition":{"urlFilter":"||pozeski.hr/wp-content/uploads/202*-1200x300-*.","resourceTypes":["image"]},"priority":101},{"id":20958,"action":{"type":"block"},"condition":{"urlFilter":"||pozeski.hr/wp-content/uploads/202*_1200x300-*.","resourceTypes":["image"]},"priority":101},{"id":21032,"action":{"type":"block"},"condition":{"urlFilter":"||prigorski.hr/wp-content/uploads/202*-Banner-*web","resourceTypes":["image"]},"priority":101},{"id":21108,"action":{"type":"block"},"condition":{"urlFilter":"||prigorski.hr/wp-content/uploads/202*.gif^"},"priority":1},{"id":21162,"action":{"type":"block"},"condition":{"urlFilter":"||prigorski.hr/wp-content/uploads/202*/BANNER-","resourceTypes":["image"]},"priority":101},{"id":21234,"action":{"type":"block"},"condition":{"urlFilter":"||prigorski.hr/wp-content/uploads/202*/cerovka.jpg^","resourceTypes":["image"]},"priority":101},{"id":21311,"action":{"type":"block"},"condition":{"urlFilter":"||prigorski.hr/wp-content/uploads/202*/spin-prig","resourceTypes":["image"]},"priority":101},{"id":21385,"action":{"type":"block"},"condition":{"urlFilter":"||prigorski.hr/wp-content/uploads/202*1010x140","resourceTypes":["image"]},"priority":101},{"id":21457,"action":{"type":"block"},"condition":{"urlFilter":"||eph-adsjutarnji.cdn.sysbee.net^"},"priority":1},{"id":21501,"action":{"type":"block"},"condition":{"urlFilter":"||swcs.24sata.rocks^"},"priority":1},{"id":21604,"action":{"type":"block"},"condition":{"urlFilter":"/image/baneri^","resourceTypes":["image"]},"priority":101},{"id":21808,"action":{"type":"block"},"condition":{"urlFilter":"/avala-press/*"},"priority":1},{"id":21833,"action":{"type":"block"},"condition":{"urlFilter":"/ad-space-right.html^"},"priority":1},{"id":21865,"action":{"type":"block"},"condition":{"urlFilter":"/bannerright/*"},"priority":1},{"id":21890,"action":{"type":"block"},"condition":{"urlFilter":"/MicroBanner^"},"priority":1},{"id":22496,"action":{"type":"block"},"condition":{"urlFilter":"||ba/images/banners^"},"priority":1},{"id":22633,"action":{"type":"block"},"condition":{"urlFilter":"||rs/images/banners^"},"priority":1},{"id":22664,"action":{"type":"block"},"condition":{"urlFilter":"||hr/content/banner^"},"priority":1},{"id":22695,"action":{"type":"block"},"condition":{"urlFilter":"||hr/Portal/Banner?"},"priority":1},{"id":22768,"action":{"type":"block"},"condition":{"urlFilter":"/scripts/admiral_widget.min.js^","domainType":"firstParty"},"priority":2},{"id":22825,"action":{"type":"block"},"condition":{"urlFilter":"||rooar.eu/oglas.php^","resourceTypes":["sub_frame"]},"priority":101},{"id":22927,"action":{"type":"block"},"condition":{"urlFilter":"||hr/wp-content/uploads/202*/Banner-*.gif^","resourceTypes":["image"]},"priority":101},{"id":22995,"action":{"type":"block"},"condition":{"urlFilter":"||global.divhunt.com/bd0d40310d194e9625e9ee6bf8ae2a7c_49534.jpeg^","resourceTypes":["image"]},"priority":101},{"id":23142,"action":{"type":"allow"},"condition":{"urlFilter":"||ads.api.24ur.si/adserver/adblock.","resourceTypes":["sub_frame"]},"priority":100101},{"id":23203,"action":{"type":"allow"},"condition":{"urlFilter":"||vidverto.io/*/invocation."},"priority":100001},{"id":25792,"action":{"type":"block"},"condition":{"urlFilter":"||aviatica.rs/static/uploads/*/*/*-banner-*x*.gif^"},"priority":1},{"id":25853,"action":{"type":"block"},"condition":{"urlFilter":"||aviatica.rs/static/uploads/*/*/aviatica-1atravel-*.gif^"},"priority":1},{"id":25921,"action":{"type":"block"},"condition":{"urlFilter":"||banner.mob.hr^"},"priority":1},{"id":25948,"action":{"type":"block"},"condition":{"urlFilter":"||bug.hr/ads/"},"priority":1},{"id":25972,"action":{"type":"block"},"condition":{"urlFilter":"||contentexchange.me^","initiatorDomains":["nova.rs"]},"priority":201},{"id":26031,"action":{"type":"block"},"condition":{"urlFilter":"||filmotopia.org/sw.js"},"priority":1},{"id":26064,"action":{"type":"block"},"condition":{"urlFilter":"||kupujemprodajem.com/bShow.php^"},"priority":1},{"id":26107,"action":{"type":"block"},"condition":{"urlFilter":"||mob.hr/blog/wp-content/uploads/noviupload/NOA-E1-BANNER"},"priority":1},{"id":26175,"action":{"type":"block"},"condition":{"urlFilter":"||mob.hr/h18.jpg^"},"priority":1},{"id":26203,"action":{"type":"block"},"condition":{"urlFilter":"||mob.hr^*-300x250."},"priority":1},{"id":26233,"action":{"type":"block"},"condition":{"urlFilter":"||pcchip.hr/wp-content/uploads*BANNER"},"priority":1},{"id":26281,"action":{"type":"block"},"condition":{"urlFilter":"||subs.vingd.com^","domainType":"thirdParty"},"priority":2},{"id":26324,"action":{"type":"block"},"condition":{"urlFilter":"||sultanovic.net/?*%","resourceTypes":["script"]},"priority":101},{"id":26370,"action":{"type":"block"},"condition":{"urlFilter":"||zotabox.com^","initiatorDomains":["animesrbija.com"]},"priority":201},{"id":26430,"action":{"type":"block"},"condition":{"urlFilter":"||widget.halooglasi.com/nekretnine.html","domainType":"thirdParty","resourceTypes":["sub_frame"]},"priority":102}]