[{"id":76330,"action":{"type":"block"},"condition":{"urlFilter":"||3monkey.lol/vilagunk_640.html","initiatorDomains":["vilagunk.hu"]},"priority":201},{"id":76403,"action":{"type":"block"},"condition":{"urlFilter":"||aghtag.tech/libs/projectagora.min.js^","initiatorDomains":["gyakorikerdesek.hu","hoxa.hu"],"resourceTypes":["script"]},"priority":251},{"id":76508,"action":{"type":"block"},"condition":{"urlFilter":"||floweryoperation.com/v2/0/","initiatorDomains":["karpathir.com"]},"priority":201},{"id":76580,"action":{"type":"block"},"condition":{"urlFilter":"*/empty.json"},"priority":1},{"id":76605,"action":{"type":"block"},"condition":{"urlFilter":"*/eu-banned-popup/"},"priority":1},{"id":76636,"action":{"type":"block"},"condition":{"urlFilter":"||444.hu/*/ease/"},"priority":1},{"id":76663,"action":{"type":"block"},"condition":{"urlFilter":"||ado.hu/banners/","resourceTypes":["image"]},"priority":101},{"id":76706,"action":{"type":"block"},"condition":{"urlFilter":"||affiliate.hu","resourceTypes":["sub_frame"]},"priority":101},{"id":76746,"action":{"type":"block"},"condition":{"urlFilter":"||affiliation.arukereso.hu/pbox/"},"priority":1},{"id":76789,"action":{"type":"block"},"condition":{"urlFilter":"||alfahir.hu^*/hirdetesfoto/","resourceTypes":["image"]},"priority":101},{"id":76843,"action":{"type":"block"},"condition":{"urlFilter":"||amiotthonunk.hu/images/banners/"},"priority":1},{"id":76887,"action":{"type":"block"},"condition":{"urlFilter":"||aori.hu/banner"},"priority":1},{"id":76914,"action":{"type":"block"},"condition":{"urlFilter":"||asva.info/tmp/"},"priority":1},{"id":76941,"action":{"type":"block"},"condition":{"urlFilter":"||asva.info/wp-content/themes/branfordmagazine/images/banners/","resourceTypes":["image"]},"priority":101},{"id":77029,"action":{"type":"block"},"condition":{"urlFilter":"||atv.hu/*reklam"},"priority":1},{"id":77056,"action":{"type":"block"},"condition":{"urlFilter":"||autopro.hu/uploads/banners/","resourceTypes":["image"]},"priority":101},{"id":77111,"action":{"type":"block"},"condition":{"urlFilter":"||bannerserver.hu","resourceTypes":["sub_frame"]},"priority":101},{"id":77154,"action":{"type":"block"},"condition":{"urlFilter":"||bitport.hu/images/szponzoracio/","resourceTypes":["image"]},"priority":101},{"id":77213,"action":{"type":"block"},"condition":{"urlFilter":"||bkv.hu/public/assets/img/banner/","resourceTypes":["image"]},"priority":101},{"id":77273,"action":{"type":"block"},"condition":{"urlFilter":"||blog.hu/*/ad/"},"priority":1},{"id":77299,"action":{"type":"block"},"condition":{"urlFilter":"||blog.hu/*/hird/*."},"priority":1},{"id":77329,"action":{"type":"block"},"condition":{"urlFilter":"||blog.hu/ad/"},"priority":1},{"id":77353,"action":{"type":"block"},"condition":{"urlFilter":"||blog.hu/media/image/hird/","resourceTypes":["image"]},"priority":101},{"id":77406,"action":{"type":"block"},"condition":{"urlFilter":"||blog.hu/pixel"},"priority":1},{"id":77432,"action":{"type":"block"},"condition":{"urlFilter":"||borsonline.hu/*hirdetes"},"priority":1},{"id":77468,"action":{"type":"block"},"condition":{"urlFilter":"||cegmarketing.hu/banner"},"priority":1},{"id":77503,"action":{"type":"block"},"condition":{"urlFilter":"||cfusion-internet.com^","domainType":"thirdParty"},"priority":2},{"id":77552,"action":{"type":"block"},"condition":{"urlFilter":"||chat.hu/Client/banner"},"priority":1},{"id":77586,"action":{"type":"block"},"condition":{"urlFilter":"||chat.hu/imgadverts","resourceTypes":["image"]},"priority":101},{"id":77632,"action":{"type":"block"},"condition":{"urlFilter":"||cosmopolitan.hu/*/sponsor/"},"priority":1},{"id":77671,"action":{"type":"block"},"condition":{"urlFilter":"||csongradihirek.hu/portal/images/stories/_reklamok/","resourceTypes":["image"]},"priority":101},{"id":77749,"action":{"type":"block"},"condition":{"urlFilter":"||dijnet.hu/ekonto/images/news/","resourceTypes":["image"]},"priority":101},{"id":77806,"action":{"type":"block"},"condition":{"urlFilter":"||dijnet.hu/ekonto/images/szolg_logo/adomany_logo.jpg","resourceTypes":["image"]},"priority":101},{"id":77885,"action":{"type":"block"},"condition":{"urlFilter":"||dijnet.hu/ekonto/images/szolg_logo/hu/adomany_logo.jpg","resourceTypes":["image"]},"priority":101},{"id":77967,"action":{"type":"block"},"condition":{"urlFilter":"||duen.hu/*ad"},"priority":1},{"id":77991,"action":{"type":"block"},"condition":{"urlFilter":"||esport1.hu/banner/","resourceTypes":["image"]},"priority":101},{"id":78037,"action":{"type":"block"},"condition":{"urlFilter":"||est.hu/design/img/szponzoracio/","resourceTypes":["image"]},"priority":101},{"id":78096,"action":{"type":"block"},"condition":{"urlFilter":"||eudomain.eu/ad"},"priority":1},{"id":78123,"action":{"type":"block"},"condition":{"urlFilter":"||eudomain.eu/affiliate"},"priority":1},{"id":78157,"action":{"type":"block"},"condition":{"urlFilter":"||ezoterikus.hu/*banner*/"},"priority":1},{"id":78193,"action":{"type":"block"},"condition":{"urlFilter":"||femcafe.hu/*/spike_ad/"},"priority":1},{"id":78228,"action":{"type":"block"},"condition":{"urlFilter":"||femcafe.hu/*/sponsoration/"},"priority":1},{"id":78267,"action":{"type":"block"},"condition":{"urlFilter":"||femcafe.hu/*/szponzoracio/"},"priority":1},{"id":78306,"action":{"type":"block"},"condition":{"urlFilter":"||femcafe.hu/spike-ad/"},"priority":1},{"id":78339,"action":{"type":"block"},"condition":{"urlFilter":"||filmvilag.me/*.gif","resourceTypes":["image"]},"priority":101},{"id":78385,"action":{"type":"block"},"condition":{"urlFilter":"||fototrend.hu/design/hatter.jpg","resourceTypes":["image"]},"priority":101},{"id":78443,"action":{"type":"block"},"condition":{"urlFilter":"||freeweb.hu/*_banner*."},"priority":1},{"id":78477,"action":{"type":"block"},"condition":{"urlFilter":"||gamepod.hu/ajanlo/lapcsalad.html"},"priority":1},{"id":78522,"action":{"type":"block"},"condition":{"urlFilter":"||geeks.hu/*body-bg-*."},"priority":1},{"id":78555,"action":{"type":"block"},"condition":{"urlFilter":"||gigasex.hu/bannerek/","resourceTypes":["image"]},"priority":101},{"id":78603,"action":{"type":"block"},"condition":{"urlFilter":"||glassdoor.com/app/static/js/gd-fj-ads-init","resourceTypes":["script"]},"priority":101},{"id":78673,"action":{"type":"block"},"condition":{"urlFilter":"||gyakorikerdesek.hu/pic/bannerek/","resourceTypes":["image"]},"priority":101},{"id":78733,"action":{"type":"block"},"condition":{"urlFilter":"||harmonet.hu/*hirdetes"},"priority":1},{"id":78767,"action":{"type":"block"},"condition":{"urlFilter":"||hasznaltgsm.hu/gsm/iframes/"},"priority":1},{"id":78807,"action":{"type":"block"},"condition":{"urlFilter":"||hatarido-szamitas.hu/partnerek/"},"priority":1},{"id":78851,"action":{"type":"block"},"condition":{"urlFilter":"||hazipatika.com/sponsoredbys/"},"priority":1},{"id":78892,"action":{"type":"block"},"condition":{"urlFilter":"||hirado.hu*/microsites/*wallpaper*.","resourceTypes":["image"]},"priority":101},{"id":78954,"action":{"type":"block"},"condition":{"urlFilter":"||hirado.hu/Newsreel/*_bg_*.","resourceTypes":["image"]},"priority":101},{"id":79008,"action":{"type":"block"},"condition":{"urlFilter":"||hircsarda.hu/ads/"},"priority":1},{"id":79038,"action":{"type":"block"},"condition":{"urlFilter":"||hirdetes.ingatlan.com/banner/","resourceTypes":["image"]},"priority":101},{"id":79095,"action":{"type":"block"},"condition":{"urlFilter":"||hirek.sk/banner/","resourceTypes":["image"]},"priority":101},{"id":79139,"action":{"type":"block"},"condition":{"urlFilter":"||hosszupuskasub.com/css/*skin.jpg","resourceTypes":["image"]},"priority":101},{"id":79199,"action":{"type":"block"},"condition":{"urlFilter":"||hrportal.hu/images/banner/","resourceTypes":["image"]},"priority":101},{"id":79253,"action":{"type":"block"},"condition":{"urlFilter":"||hungariantop1000.com/cgi-bin/counter.cgi"},"priority":1},{"id":79306,"action":{"type":"block"},"condition":{"urlFilter":"||hupont.hu/hirdetes/"},"priority":1},{"id":79338,"action":{"type":"block"},"condition":{"urlFilter":"||hwsw.hu/images/bodybgs/","resourceTypes":["image"]},"priority":101},{"id":79389,"action":{"type":"block"},"condition":{"urlFilter":"||hwsw.hu/images/bodybgs2/"},"priority":1},{"id":79426,"action":{"type":"block"},"condition":{"urlFilter":"||i.cdn29.hu/apix_collect/ads"},"priority":1},{"id":79466,"action":{"type":"block"},"condition":{"urlFilter":"||iho.hu/img/banner/"},"priority":1},{"id":79497,"action":{"type":"block"},"condition":{"urlFilter":"||image.arukereso.hu/ad","resourceTypes":["image"]},"priority":101},{"id":79546,"action":{"type":"block"},"condition":{"urlFilter":"||img.hunbasket.webpont.com/kosarsport/art/*banner","resourceTypes":["image"]},"priority":101},{"id":79622,"action":{"type":"block"},"condition":{"urlFilter":"||infogyor.hu/*_banners/"},"priority":1},{"id":79657,"action":{"type":"block"},"condition":{"urlFilter":"||informed.hu/*banner"},"priority":1},{"id":79689,"action":{"type":"block"},"condition":{"urlFilter":"||ingyenweb.hu/felso/*."},"priority":1},{"id":79723,"action":{"type":"block"},"condition":{"urlFilter":"||ingyenweb.hu/smsbanner/"},"priority":1},{"id":79759,"action":{"type":"block"},"condition":{"urlFilter":"||jogiforum.hu/files/partner/"},"priority":1},{"id":79799,"action":{"type":"block"},"condition":{"urlFilter":"||kiszamolo.hu/wp-content/uploads/*banner*.png","resourceTypes":["image"]},"priority":101},{"id":79871,"action":{"type":"block"},"condition":{"urlFilter":"||kiszamolo.hu/wp-content/uploads/2016/09/Hitel-290x200-blog-jobb.gif","resourceTypes":["image"]},"priority":101},{"id":79966,"action":{"type":"block"},"condition":{"urlFilter":"||kiszamolo.hu/wp-content/uploads/2019/11/550x104-02.jpg","resourceTypes":["image"]},"priority":101},{"id":80048,"action":{"type":"block"},"condition":{"urlFilter":"||kiszamolo.hu/wp-content/uploads/2019/11/400x400-02.jpg","resourceTypes":["image"]},"priority":101},{"id":80130,"action":{"type":"block"},"condition":{"urlFilter":"||klasszikradio.hu/uploads/banner/","resourceTypes":["image"]},"priority":101},{"id":80190,"action":{"type":"block"},"condition":{"urlFilter":"||klubradio.hu/data/files/banner","resourceTypes":["image"]},"priority":101},{"id":80248,"action":{"type":"block"},"condition":{"urlFilter":"||konkretkonyvek.hu/data/banners/","resourceTypes":["image"]},"priority":101},{"id":80307,"action":{"type":"block"},"condition":{"urlFilter":"||koponyeg.hu/skins/k4/hirdetes/"},"priority":1},{"id":80403,"action":{"type":"block"},"condition":{"urlFilter":"||kuruc.info/galeriaN/banner/","resourceTypes":["image"]},"priority":101},{"id":80458,"action":{"type":"block"},"condition":{"urlFilter":"||lapok.hu/felso/felso.php"},"priority":1},{"id":80495,"action":{"type":"block"},"condition":{"urlFilter":"||libri.hu/export/prodBann/"},"priority":1},{"id":80533,"action":{"type":"block"},"condition":{"urlFilter":"||libri.hu/html/images/skin/","resourceTypes":["image"]},"priority":101},{"id":80587,"action":{"type":"block"},"condition":{"urlFilter":"||lolmarkt.hu/banner/","resourceTypes":["image"]},"priority":101},{"id":80634,"action":{"type":"block"},"condition":{"urlFilter":"||love.hu/design/*hirdetes*."},"priority":1},{"id":80673,"action":{"type":"block"},"condition":{"urlFilter":"||magyar-elektronika.hu/images/banners/","resourceTypes":["image"]},"priority":101},{"id":80738,"action":{"type":"block"},"condition":{"urlFilter":"||magyarszo.com/images/banner/","resourceTypes":["image"]},"priority":101},{"id":80794,"action":{"type":"block"},"condition":{"urlFilter":"||mandiner.hu/*/banner/","resourceTypes":["image"]},"priority":101},{"id":80843,"action":{"type":"block"},"condition":{"urlFilter":"||mandiner.hu/images/design/*-bg.","resourceTypes":["image"]},"priority":101},{"id":80902,"action":{"type":"block"},"condition":{"urlFilter":"||medicalonline.hu/*hirdetes"},"priority":1},{"id":80941,"action":{"type":"block"},"condition":{"urlFilter":"||metropol.hu/*/images/sponsor_*.","resourceTypes":["image"]},"priority":101},{"id":81000,"action":{"type":"block"},"condition":{"urlFilter":"||miabonyunk.hu/hirdetesek/"},"priority":1},{"id":81038,"action":{"type":"block"},"condition":{"urlFilter":"||mindmegette.hu/images/294/O/nyerjagyulaival_2020_background_300x300.jpg","resourceTypes":["image"]},"priority":101},{"id":81137,"action":{"type":"block"},"condition":{"urlFilter":"||mkbnetbankar.hu/banner"},"priority":1},{"id":81172,"action":{"type":"block"},"condition":{"urlFilter":"||mlzphoto.hu/bannerek/","resourceTypes":["image"]},"priority":101},{"id":81221,"action":{"type":"block"},"condition":{"urlFilter":"||mobilarena.hu/ajanlo/lapcsalad.html"},"priority":1},{"id":81269,"action":{"type":"block"},"condition":{"urlFilter":"||napidroid.hu/*/*hird"},"priority":1},{"id":81302,"action":{"type":"block"},"condition":{"urlFilter":"||napidroid.hu/*/*logo","resourceTypes":["image"]},"priority":101},{"id":81350,"action":{"type":"block"},"condition":{"urlFilter":"||napocska.hu/images/*_advert*.","resourceTypes":["image"]},"priority":101},{"id":81407,"action":{"type":"block"},"condition":{"urlFilter":"||net-solutions.hu/banner/","resourceTypes":["image"]},"priority":101},{"id":81459,"action":{"type":"block"},"condition":{"urlFilter":"||noplaza.hu/banner/","resourceTypes":["image"]},"priority":101},{"id":81505,"action":{"type":"block"},"condition":{"urlFilter":"||nso.hu/*/sponsoration/*."},"priority":1},{"id":81542,"action":{"type":"block"},"condition":{"urlFilter":"||okmanyiroda.hu/banner.html"},"priority":1},{"id":81581,"action":{"type":"block"},"condition":{"urlFilter":"||p3k.hu/*_hatter*.","resourceTypes":["image"]},"priority":101},{"id":81626,"action":{"type":"block"},"condition":{"urlFilter":"||p3k.hu/*szponz*."},"priority":1},{"id":81655,"action":{"type":"block"},"condition":{"urlFilter":"||pcguru.hu/uploads/banners/*.jpg","resourceTypes":["image"]},"priority":101},{"id":81714,"action":{"type":"block"},"condition":{"urlFilter":"||pcpult.hu/*/banner/","resourceTypes":["image"]},"priority":101},{"id":81761,"action":{"type":"block"},"condition":{"urlFilter":"||pcwplus.hu/bannerek/","resourceTypes":["image"]},"priority":101},{"id":81809,"action":{"type":"block"},"condition":{"urlFilter":"||performax.cz^","domainType":"thirdParty"},"priority":2},{"id":81850,"action":{"type":"block"},"condition":{"urlFilter":"||piacesprofit.hu/files/skin/","resourceTypes":["image"]},"priority":101},{"id":81905,"action":{"type":"block"},"condition":{"urlFilter":"||pornolize.com/*?clickTAG="},"priority":1},{"id":81943,"action":{"type":"block"},"condition":{"urlFilter":"||port-network.com/sponsoration_elements/"},"priority":1},{"id":81995,"action":{"type":"block"},"condition":{"urlFilter":"||portfolio.hu/img/partner/","resourceTypes":["image"]},"priority":101},{"id":82048,"action":{"type":"block"},"condition":{"urlFilter":"||preissuchmaschine.de/banner/","resourceTypes":["image"]},"priority":101},{"id":82104,"action":{"type":"block"},"condition":{"urlFilter":"||prohardver.hu/dl/cnt/*/background.png","resourceTypes":["image"]},"priority":101},{"id":82169,"action":{"type":"block"},"condition":{"urlFilter":"||randihely.hu/adnews/"},"priority":1},{"id":82202,"action":{"type":"block"},"condition":{"urlFilter":"||revizoronline.com/*banner"},"priority":1},{"id":82240,"action":{"type":"block"},"condition":{"urlFilter":"||sg.hu/images/hirdetes.gif","resourceTypes":["image"]},"priority":101},{"id":82293,"action":{"type":"block"},"condition":{"urlFilter":"||sg.hu/sg.wgt"},"priority":1},{"id":82318,"action":{"type":"block"},"condition":{"urlFilter":"||sielok.hu/kampanybanner/","resourceTypes":["image"]},"priority":101},{"id":82370,"action":{"type":"block"},"condition":{"urlFilter":"||sikerado.hu/banner/","resourceTypes":["image"]},"priority":101},{"id":82417,"action":{"type":"block"},"condition":{"urlFilter":"||stat.profession.hu/static/assets/images/prize-game","resourceTypes":["image"]},"priority":101},{"id":82495,"action":{"type":"block"},"condition":{"urlFilter":"||static.lhp.hu/lhp.hu/bannerek/","resourceTypes":["image"]},"priority":101},{"id":82553,"action":{"type":"block"},"condition":{"urlFilter":"||static.love.hu/design/ad/"},"priority":1},{"id":82591,"action":{"type":"block"},"condition":{"urlFilter":"||static.nemzetisport.hu//style/nso/i/*banner"},"priority":1},{"id":82647,"action":{"type":"block"},"condition":{"urlFilter":"||static.nemzetisport.hu//style/nso/i/betclic.gif","resourceTypes":["image"]},"priority":101},{"id":82722,"action":{"type":"block"},"condition":{"urlFilter":"||static.origos.hu/s/css/responsive-ads/hangar/hangar-investor-web.css","resourceTypes":["stylesheet"]},"priority":101},{"id":82818,"action":{"type":"block"},"condition":{"urlFilter":"||stylemagazin.hu/static/template_settings/"},"priority":1},{"id":82872,"action":{"type":"block"},"condition":{"urlFilter":"||szegeder.hu/get-ads"},"priority":1},{"id":82904,"action":{"type":"block"},"condition":{"urlFilter":"||szegeder.hu/js/ads-prebid.js^","resourceTypes":["script"]},"priority":101},{"id":82961,"action":{"type":"block"},"condition":{"urlFilter":"||szegedma.hu/*banners/*."},"priority":1},{"id":82997,"action":{"type":"block"},"condition":{"urlFilter":"||szepsegbroker.hu/banner/","resourceTypes":["image"]},"priority":101},{"id":83049,"action":{"type":"block"},"condition":{"urlFilter":"||szepsegbroker.hu/elements/bannerz.2019.js^","resourceTypes":["script"]},"priority":101},{"id":83119,"action":{"type":"block"},"condition":{"urlFilter":"||talalka.hu/hirdetes/"},"priority":1},{"id":83152,"action":{"type":"block"},"condition":{"urlFilter":"||telefonguru.hu/banners/","resourceTypes":["image"]},"priority":101},{"id":83203,"action":{"type":"block"},"condition":{"urlFilter":"||telefonguru.hu/iframes/"},"priority":1},{"id":83239,"action":{"type":"block"},"condition":{"urlFilter":"||tvn.hu/tvn/kepek/xpoker.hu/","resourceTypes":["image"]},"priority":101},{"id":83294,"action":{"type":"block"},"condition":{"urlFilter":"||ultraweb.hu/ad*.php"},"priority":1},{"id":83326,"action":{"type":"block"},"condition":{"urlFilter":"||utcakereso.hu/hirdetes/"},"priority":1},{"id":83362,"action":{"type":"block"},"condition":{"urlFilter":"||vatera.hu/affiliate/images/banner/","resourceTypes":["image"]},"priority":101},{"id":83424,"action":{"type":"block"},"condition":{"urlFilter":"||vezess.hu/data/files/bannerek/","resourceTypes":["image"]},"priority":101},{"id":83482,"action":{"type":"block"},"condition":{"urlFilter":"||vezess.hu/data/files/kapcsolodo_anyagok/szponz_hatterek/","resourceTypes":["image"]},"priority":101},{"id":83566,"action":{"type":"block"},"condition":{"urlFilter":"||vezess2.p3k.hu/app/uploads/*nyeremenyjatek","resourceTypes":["image"]},"priority":101},{"id":83636,"action":{"type":"block"},"condition":{"urlFilter":"||vg.hu/banners/","resourceTypes":["image"]},"priority":101},{"id":83678,"action":{"type":"block"},"condition":{"urlFilter":"||webminute.hu/bannerek/","resourceTypes":["image"]},"priority":101},{"id":83728,"action":{"type":"block"},"condition":{"urlFilter":"||zeneszoveg.hu/gfx/skin-*/*."},"priority":1},{"id":83768,"action":{"type":"block"},"condition":{"urlFilter":"||widget.block4d.com^"},"priority":1},{"id":83800,"action":{"type":"block"},"condition":{"urlFilter":"||a.adnium.com^"},"priority":1},{"id":83826,"action":{"type":"block"},"condition":{"urlFilter":"||ad.depo.hu^"},"priority":1},{"id":83850,"action":{"type":"block"},"condition":{"urlFilter":"||ad.gyermekevek.hu^"},"priority":1},{"id":83881,"action":{"type":"block"},"condition":{"urlFilter":"||ad.hirekmedia.hu^"},"priority":1},{"id":83911,"action":{"type":"block"},"condition":{"urlFilter":"||ad.kapos.hu^"},"priority":1},{"id":83936,"action":{"type":"block"},"condition":{"urlFilter":"||ad.love.hu^"},"priority":1},{"id":83960,"action":{"type":"block"},"condition":{"urlFilter":"||ad.napilapcsoport.hu^"},"priority":1},{"id":83994,"action":{"type":"block"},"condition":{"urlFilter":"||ad.onadozo.hu^"},"priority":1},{"id":84021,"action":{"type":"block"},"condition":{"urlFilter":"||ad.parom.hu^"},"priority":1},{"id":84046,"action":{"type":"block"},"condition":{"urlFilter":"||ad.pphungary.hu^"},"priority":1},{"id":84075,"action":{"type":"block"},"condition":{"urlFilter":"||ad.szexneked.hu^"},"priority":1},{"id":84104,"action":{"type":"block"},"condition":{"urlFilter":"||ad*.gyaloglo.hu^"},"priority":1},{"id":84133,"action":{"type":"block"},"condition":{"urlFilter":"||ad*.mellesleg.hu^"},"priority":1},{"id":84163,"action":{"type":"block"},"condition":{"urlFilter":"||adfair.hu^"},"priority":1},{"id":84186,"action":{"type":"block"},"condition":{"urlFilter":"||adfree-stat.p3g.hu^"},"priority":1},{"id":84218,"action":{"type":"block"},"condition":{"urlFilter":"||ads.geeks.hu^"},"priority":1},{"id":84244,"action":{"type":"block"},"condition":{"urlFilter":"||adv.forpsi.hu^"},"priority":1},{"id":84271,"action":{"type":"block"},"condition":{"urlFilter":"||adv.hu^"},"priority":1},{"id":84291,"action":{"type":"block"},"condition":{"urlFilter":"||adverbs.napilapcsoport.hu^"},"priority":1},{"id":84330,"action":{"type":"block"},"condition":{"urlFilter":"||advert*.ultraweb.hu^"},"priority":1},{"id":84363,"action":{"type":"block"},"condition":{"urlFilter":"||adverticum.*.hu^"},"priority":1},{"id":84392,"action":{"type":"block"},"condition":{"urlFilter":"||app.livechatoo.com^"},"priority":1},{"id":84424,"action":{"type":"block"},"condition":{"urlFilter":"||as*.prog.hu^"},"priority":1},{"id":84449,"action":{"type":"block"},"condition":{"urlFilter":"||audit.median.hu^"},"priority":1},{"id":84478,"action":{"type":"block"},"condition":{"urlFilter":"||avatraffic.com^"},"priority":1},{"id":84506,"action":{"type":"block"},"condition":{"urlFilter":"||banner.webtar.hu^"},"priority":1},{"id":84536,"action":{"type":"block"},"condition":{"urlFilter":"||bannerzone.agroinform.hu^"},"priority":1},{"id":84574,"action":{"type":"block"},"condition":{"urlFilter":"||brostraffic.com^"},"priority":1},{"id":84603,"action":{"type":"block"},"condition":{"urlFilter":"||campaign-remp.444.hu^"},"priority":1},{"id":84637,"action":{"type":"block"},"condition":{"urlFilter":"||cdn-dynamic.optimonk.com^"},"priority":1},{"id":84675,"action":{"type":"block"},"condition":{"urlFilter":"||daserver.ultraweb.hu^"},"priority":1},{"id":84709,"action":{"type":"block"},"condition":{"urlFilter":"||et.twyn.com^"},"priority":1},{"id":84734,"action":{"type":"block"},"condition":{"urlFilter":"||etargetnet.*.hu^"},"priority":1},{"id":84763,"action":{"type":"block"},"condition":{"urlFilter":"||fourtwentytradingcompany.net^"},"priority":1},{"id":84805,"action":{"type":"block"},"condition":{"urlFilter":"||fruitflan.com^"},"priority":1},{"id":84832,"action":{"type":"block"},"condition":{"urlFilter":"||iofferphoto.com^"},"priority":1},{"id":84861,"action":{"type":"block"},"condition":{"urlFilter":"||loading-delivery2.com^"},"priority":1},{"id":84896,"action":{"type":"block"},"condition":{"urlFilter":"||media.netpositive.hu^"},"priority":1},{"id":84930,"action":{"type":"block"},"condition":{"urlFilter":"||netadclick.com^"},"priority":1},{"id":84958,"action":{"type":"block"},"condition":{"urlFilter":"||netexs.com^"},"priority":1},{"id":84982,"action":{"type":"block"},"condition":{"urlFilter":"||pixel.blog.hu^"},"priority":1},{"id":85009,"action":{"type":"block"},"condition":{"urlFilter":"||pixel.sojern.com^"},"priority":1},{"id":85039,"action":{"type":"block"},"condition":{"urlFilter":"||rc.rc.hu^"},"priority":1},{"id":85061,"action":{"type":"block"},"condition":{"urlFilter":"||rc.rootclick.com^"},"priority":1},{"id":85091,"action":{"type":"block"},"condition":{"urlFilter":"||redwolfmoon.com^"},"priority":1},{"id":85120,"action":{"type":"block"},"condition":{"urlFilter":"||rehs.*.hu^"},"priority":1},{"id":85143,"action":{"type":"block"},"condition":{"urlFilter":"||related.hu^"},"priority":1},{"id":85167,"action":{"type":"block"},"condition":{"urlFilter":"||sher.*.hu^"},"priority":1},{"id":85190,"action":{"type":"block"},"condition":{"urlFilter":"||smartcj.com^"},"priority":1},{"id":85215,"action":{"type":"block"},"condition":{"urlFilter":"||stat.adultium.com^"},"priority":1},{"id":85246,"action":{"type":"block"},"condition":{"urlFilter":"||stats.badoostats.com^"},"priority":1},{"id":85280,"action":{"type":"block"},"condition":{"urlFilter":"||syndication.trafficreps.com^"},"priority":1},{"id":85321,"action":{"type":"block"},"condition":{"urlFilter":"||szemezgeto*.ingatlan.com^"},"priority":1},{"id":85359,"action":{"type":"block"},"condition":{"urlFilter":"||up-banner.wavecdn.de^"},"priority":1},{"id":85393,"action":{"type":"block"},"condition":{"urlFilter":"||vid4u.org^"},"priority":1},{"id":85416,"action":{"type":"block"},"condition":{"urlFilter":"||wdtyl.xyz^"},"priority":1},{"id":85439,"action":{"type":"block"},"condition":{"urlFilter":"||wstat.ozon.ru^"},"priority":1},{"id":85466,"action":{"type":"block"},"condition":{"urlFilter":"||abmr.net^","domainType":"thirdParty"},"priority":2},{"id":85503,"action":{"type":"block"},"condition":{"urlFilter":"||ad.hu^","domainType":"thirdParty"},"priority":2},{"id":85537,"action":{"type":"block"},"condition":{"urlFilter":"||ad4mat.net^","domainType":"thirdParty"},"priority":2},{"id":85576,"action":{"type":"block"},"condition":{"urlFilter":"||adfox.ru^","domainType":"thirdParty"},"priority":2},{"id":85613,"action":{"type":"block"},"condition":{"urlFilter":"||ads.sg.hu^","domainType":"thirdParty"},"priority":2},{"id":85651,"action":{"type":"block"},"condition":{"urlFilter":"||ads.ventivmedia.com^","domainType":"thirdParty"},"priority":2},{"id":85699,"action":{"type":"block"},"condition":{"urlFilter":"||advantage.as^","domainType":"thirdParty"},"priority":2},{"id":85740,"action":{"type":"block"},"condition":{"urlFilter":"||advertshot.ru^","domainType":"thirdParty"},"priority":2},{"id":85782,"action":{"type":"block"},"condition":{"urlFilter":"||affiliate.hu^","domainType":"thirdParty"},"priority":2},{"id":85823,"action":{"type":"block"},"condition":{"urlFilter":"||audtd.com^","domainType":"thirdParty"},"priority":2},{"id":85861,"action":{"type":"block"},"condition":{"urlFilter":"||banner.aqua.hu^","domainType":"thirdParty"},"priority":2},{"id":85904,"action":{"type":"block"},"condition":{"urlFilter":"||betfair.com^","domainType":"thirdParty"},"priority":2},{"id":85944,"action":{"type":"block"},"condition":{"urlFilter":"||bongacash.com^","domainType":"thirdParty"},"priority":2},{"id":85986,"action":{"type":"block"},"condition":{"urlFilter":"||calivary.com^","domainType":"thirdParty"},"priority":2},{"id":86027,"action":{"type":"block"},"condition":{"urlFilter":"||clicksure.com^","domainType":"thirdParty"},"priority":2},{"id":86069,"action":{"type":"block"},"condition":{"urlFilter":"||data.bookline.hu^","domainType":"thirdParty"},"priority":2},{"id":86114,"action":{"type":"block"},"condition":{"urlFilter":"||head-clickfusion.com^","domainType":"thirdParty"},"priority":2},{"id":86163,"action":{"type":"block"},"condition":{"urlFilter":"||hitelkereso.hu^","domainType":"thirdParty"},"priority":2},{"id":86206,"action":{"type":"block"},"condition":{"urlFilter":"||iforex.com^","domainType":"thirdParty"},"priority":2},{"id":86245,"action":{"type":"block"},"condition":{"urlFilter":"||iitech.dk^","domainType":"thirdParty"},"priority":2},{"id":86283,"action":{"type":"block"},"condition":{"urlFilter":"||ingatlannet.hu^","domainType":"thirdParty"},"priority":2},{"id":86326,"action":{"type":"block"},"condition":{"urlFilter":"||js.leadin.com^","domainType":"thirdParty"},"priority":2},{"id":86368,"action":{"type":"block"},"condition":{"urlFilter":"||klix.hu^","domainType":"thirdParty"},"priority":2},{"id":86404,"action":{"type":"block"},"condition":{"urlFilter":"||link.adaptivemedia.hu^","domainType":"thirdParty"},"priority":2},{"id":86454,"action":{"type":"block"},"condition":{"urlFilter":"||m2mzona.hu/ads^","domainType":"thirdParty"},"priority":2},{"id":86497,"action":{"type":"block"},"condition":{"urlFilter":"||mytarget.hu^","domainType":"thirdParty"},"priority":2},{"id":86537,"action":{"type":"block"},"condition":{"urlFilter":"||napiaszhirdetesek^","domainType":"thirdParty"},"priority":2},{"id":86583,"action":{"type":"block"},"condition":{"urlFilter":"||out.pladform.ru^","domainType":"thirdParty"},"priority":2},{"id":86627,"action":{"type":"block"},"condition":{"urlFilter":"||po.st^","domainType":"thirdParty"},"priority":2},{"id":86661,"action":{"type":"block"},"condition":{"urlFilter":"||pornedup.com^","domainType":"thirdParty"},"priority":2},{"id":86702,"action":{"type":"block"},"condition":{"urlFilter":"||premads.info^","domainType":"thirdParty"},"priority":2},{"id":86743,"action":{"type":"block"},"condition":{"urlFilter":"||salesmanago.pl^","domainType":"thirdParty"},"priority":2},{"id":86786,"action":{"type":"block"},"condition":{"urlFilter":"||seedr.com^","domainType":"thirdParty"},"priority":2},{"id":86824,"action":{"type":"block"},"condition":{"urlFilter":"||seedr.ru^","domainType":"thirdParty"},"priority":2},{"id":86861,"action":{"type":"block"},"condition":{"urlFilter":"||sexchat.hu^","domainType":"thirdParty"},"priority":2},{"id":86900,"action":{"type":"block"},"condition":{"urlFilter":"||shortlink.sex^","domainType":"thirdParty"},"priority":2},{"id":86942,"action":{"type":"block"},"condition":{"urlFilter":"||statsector.hu^","domainType":"thirdParty"},"priority":2},{"id":86984,"action":{"type":"block"},"condition":{"urlFilter":"||streameye.net^","domainType":"thirdParty"},"priority":2},{"id":87026,"action":{"type":"block"},"condition":{"urlFilter":"||sumome.com^","domainType":"thirdParty"},"priority":2},{"id":87065,"action":{"type":"block"},"condition":{"urlFilter":"||tripod.com^","domainType":"thirdParty"},"priority":2},{"id":87104,"action":{"type":"block"},"condition":{"urlFilter":"||tripod.lycos.com^","domainType":"thirdParty"},"priority":2},{"id":87149,"action":{"type":"block"},"condition":{"urlFilter":"||tulajdonostol.com^","domainType":"thirdParty"},"priority":2},{"id":103407,"action":{"type":"block"},"condition":{"urlFilter":"/js/push.js","initiatorDomains":["infostart.hu"],"resourceTypes":["script"]},"priority":301},{"id":103470,"action":{"type":"block"},"condition":{"urlFilter":"||cmp.quantcast.com^","initiatorDomains":["agrarszektor.hu","autoszektor.hu","bpiautosok.hu","g7.hu","hazipatika.com","hellovidek.hu","hrportal.hu","magyarnarancs.hu","index.hu","pestisracok.hu","portfolio.hu","telex.hu","totalcar.hu","totalbike.hu","szeretlekmagyarorszag.hu","port.hu","player.hu","mandiner.hu","budapestkornyeke.hu","bacsmegye.hu","civishir.hu","baon.hu","bama.hu","beol.hu","boon.hu","delmagyar.hu","duol.hu","feol.hu","kisalfold.hu","haon.hu","heol.hu","szoljon.hu","kemma.hu","nool.hu","sonline.hu","szon.hu","teol.hu","vaol.hu","veol.hu","zaol.hu","twice.hu","sassy.hu","prohardver.hu","mobilarena.hu","itcafe.hu","gamepod.hu","logout.hu","hardverapro.hu","pcwplus.hu","gsplus.hu","myonlineradio.hu","blikk.hu"],"resourceTypes":["script"]},"priority":203},{"id":104118,"action":{"type":"block"},"condition":{"urlFilter":"||consent.cookiebot.com^","domainType":"thirdParty","initiatorDomains":["agroinform.hu"],"resourceTypes":["script"]},"priority":302},{"id":104204,"action":{"type":"block"},"condition":{"urlFilter":"||medinfo.ocdn.eu/hu/consent_v2/choice.js^","initiatorDomains":["egeszsegkalauz.hu"],"resourceTypes":["script"]},"priority":301},{"id":104303,"action":{"type":"block"},"condition":{"urlFilter":"||quantcast.mgr.consensu.org^","initiatorDomains":["agrarszektor.hu","autoszektor.hu","bpiautosok.hu","g7.hu","hazipatika.com","hellovidek.hu","hrportal.hu","magyarnarancs.hu","index.hu","pestisracok.hu","portfolio.hu","telex.hu","totalcar.hu","totalbike.hu","szeretlekmagyarorszag.hu","port.hu","player.hu","mandiner.hu","budapestkornyeke.hu","bacsmegye.hu","civishir.hu","baon.hu","bama.hu","beol.hu","boon.hu","delmagyar.hu","duol.hu","feol.hu","kisalfold.hu","haon.hu","heol.hu","szoljon.hu","kemma.hu","nool.hu","sonline.hu","szon.hu","teol.hu","vaol.hu","veol.hu","zaol.hu","twice.hu","sassy.hu","pcwplus.hu","gsplus.hu","myonlineradio.hu","blikk.hu"],"resourceTypes":["script"]},"priority":204},{"id":104886,"action":{"type":"block"},"condition":{"urlFilter":"||static.quantcast.mgr.consensu.org/v30/cmpui-popup.js^","initiatorDomains":["szeretlekmagyarorszag.hu"],"resourceTypes":["script"]},"priority":301},{"id":105005,"action":{"type":"block"},"condition":{"urlFilter":"||cmp.inmobi.com^","domainType":"thirdParty","initiatorDomains":["telex.hu","origo.hu","atlatszo.hu","rtl.hu","videa.hu","myonlineradio.hu","hvg.hu","femina.hu","prohardver.hu","itcafe.hu","mobilarena.hu","gamepod.hu","logout.hu","fototrend.hu","hardverapro.hu","vg.hu","portfolio.hu","noizz.hu","economx.hu","budapestkornyeke.hu","bpiautosok.hu","magyarnemzet.hu","blikk.hu","nepszava.hu","magyarnarancs.hu","hirtv.hu","pestisracok.hu","autoszektor.hu","penzcentrum.hu","index.hu","media1.hu"],"resourceTypes":["script"]},"priority":206},{"id":105438,"action":{"type":"block"},"condition":{"urlFilter":"||chatrobot.mia.gov.hu^"},"priority":1},{"id":105472,"action":{"type":"block"},"condition":{"urlFilter":"||chimpstatic.com^"},"priority":1},{"id":105501,"action":{"type":"block"},"condition":{"urlFilter":"||hestore.hu/pic/cookie.png","resourceTypes":["image"]},"priority":101},{"id":105554,"action":{"type":"block"},"condition":{"urlFilter":"||itthonrolhaza.hu/wp-content/plugins/wp-popups-lite/src/assets/js/wppopups.js^","resourceTypes":["script"]},"priority":101},{"id":105659,"action":{"type":"block"},"condition":{"urlFilter":"||money.hu/assets-new/js/calculator-widget-init.js","resourceTypes":["script"]},"priority":101},{"id":105735,"action":{"type":"block"},"condition":{"urlFilter":"||penzcentrum.hu/assets/js/bioep.min.js","resourceTypes":["script"]},"priority":101},{"id":105800,"action":{"type":"block"},"condition":{"urlFilter":"||szepsegbroker.hu/items/jquery.floating_popup*.js^","resourceTypes":["script"]},"priority":101},{"id":105877,"action":{"type":"block"},"condition":{"urlFilter":"||liked.hu/choice/*/cmp2*.js^","resourceTypes":["script"]},"priority":101},{"id":106533,"action":{"type":"allow"},"condition":{"urlFilter":"/js/adx_blacklist.js","initiatorDomains":["bikemag.hu","testbike.hu"],"resourceTypes":["script"]},"priority":100251},{"id":106615,"action":{"type":"allow"},"condition":{"urlFilter":"||assets.portfolio.hu/js/ad_300x250.js","initiatorDomains":["portfolio.hu"],"resourceTypes":["script"]},"priority":100301},{"id":106705,"action":{"type":"allow"},"condition":{"urlFilter":"||777blog.hu/wp-content/themes/florence/js/dfp.min.js^","resourceTypes":["script"]},"priority":100101},{"id":106785,"action":{"type":"allow"},"condition":{"urlFilter":"||bitepito.hu/rejtveny/data/ads/pagead/js/adsbygoogle.js^","resourceTypes":["script"]},"priority":100101},{"id":106868,"action":{"type":"allow"},"condition":{"urlFilter":"||bitepito.hu/rejtveny/data/ads/adsense.js^","resourceTypes":["script"]},"priority":100101},{"id":106937,"action":{"type":"allow"},"condition":{"urlFilter":"||bitepito.hu/rejtveny/data/ads/googleads.js^","resourceTypes":["script"]},"priority":100101},{"id":107008,"action":{"type":"allow"},"condition":{"urlFilter":"||meszotar.hu/scripts/advertising.js","resourceTypes":["script"]},"priority":100101},{"id":107070,"action":{"type":"block"},"condition":{"urlFilter":"||onlinestream.live/js/adb.js","resourceTypes":["script"]},"priority":101},{"id":107125,"action":{"type":"block"},"condition":{"urlFilter":"||cdn.performax.cz/acc/insert_rtb.js","initiatorDomains":["bpiautosok.hu"],"resourceTypes":["script"]},"priority":301},{"id":107214,"action":{"type":"block"},"condition":{"urlFilter":"||api.indidata.com^","domainType":"thirdParty","initiatorDomains":["civishir.hu"]},"priority":202},{"id":107284,"action":{"type":"block"},"condition":{"urlFilter":"/gemius.js^","resourceTypes":["script"]},"priority":101},{"id":107321,"action":{"type":"block"},"condition":{"urlFilter":"/gemius.min.js^","resourceTypes":["script"]},"priority":101},{"id":107362,"action":{"type":"block"},"condition":{"urlFilter":"/xgemius.js^","resourceTypes":["script"]},"priority":101},{"id":107400,"action":{"type":"block"},"condition":{"urlFilter":"/xgemius.min.js^","resourceTypes":["script"]},"priority":101},{"id":107442,"action":{"type":"block"},"condition":{"urlFilter":"*.hu/userip.php"},"priority":1},{"id":107470,"action":{"type":"block"},"condition":{"urlFilter":"||infostart.hu/js/ga.js","resourceTypes":["script"]},"priority":101},{"id":107519,"action":{"type":"block"},"condition":{"urlFilter":"||websas.hu/statistics/"},"priority":1},{"id":107553,"action":{"type":"block"},"condition":{"urlFilter":"||adat.freemail.hu^"},"priority":1},{"id":107583,"action":{"type":"block"},"condition":{"urlFilter":"||adtrackeraa.com^"},"priority":1},{"id":107612,"action":{"type":"block"},"condition":{"urlFilter":"||beam-tracker.telex.hu^"},"priority":1},{"id":107647,"action":{"type":"block"},"condition":{"urlFilter":"||beam.telex.hu^"},"priority":1},{"id":107674,"action":{"type":"block"},"condition":{"urlFilter":"||counter.megagroup.ru^"},"priority":1},{"id":107708,"action":{"type":"block"},"condition":{"urlFilter":"||doubleclick.net^"},"priority":1},{"id":107737,"action":{"type":"block"},"condition":{"urlFilter":"||gemius.hu^"},"priority":1},{"id":107760,"action":{"type":"block"},"condition":{"urlFilter":"||gemius.pl^"},"priority":1},{"id":107783,"action":{"type":"block"},"condition":{"urlFilter":"||px.blog.hu^"},"priority":1},{"id":107807,"action":{"type":"block"},"condition":{"urlFilter":"||smartadserver.com^"},"priority":1},{"id":107838,"action":{"type":"block"},"condition":{"urlFilter":"||tracker.azet.sk^"},"priority":1},{"id":107867,"action":{"type":"block"},"condition":{"urlFilter":"||tracking.binarypromos.com^"},"priority":1},{"id":107906,"action":{"type":"block"},"condition":{"urlFilter":"||tracking.tchibo.hu^"},"priority":1},{"id":107938,"action":{"type":"block"},"condition":{"urlFilter":"||analytics.yahoo.com^","domainType":"thirdParty"},"priority":2},{"id":107986,"action":{"type":"block"},"condition":{"urlFilter":"||counter.hitslink.com^","domainType":"thirdParty"},"priority":2},{"id":108035,"action":{"type":"block"},"condition":{"urlFilter":"||ex1tp.com^","domainType":"thirdParty"},"priority":2},{"id":108073,"action":{"type":"block"},"condition":{"urlFilter":"||google-analytics.com^","domainType":"thirdParty"},"priority":2},{"id":108122,"action":{"type":"block"},"condition":{"urlFilter":"||gravity.com^","domainType":"thirdParty"},"priority":2},{"id":108162,"action":{"type":"block"},"condition":{"urlFilter":"||lo.v.liveperson.net^","domainType":"thirdParty"},"priority":2},{"id":108210,"action":{"type":"block"},"condition":{"urlFilter":"||onesignal.com^","domainType":"thirdParty"},"priority":2},{"id":108252,"action":{"type":"block"},"condition":{"urlFilter":"||targetix.net^","domainType":"thirdParty"},"priority":2},{"id":108293,"action":{"type":"block"},"condition":{"urlFilter":"||track306.info^","domainType":"thirdParty"},"priority":2},{"id":108335,"action":{"type":"block"},"condition":{"urlFilter":"||trackingterrorism.org^","domainType":"thirdParty"},"priority":2},{"id":108385,"action":{"type":"block"},"condition":{"urlFilter":"||va.v.liveperson.net^","domainType":"thirdParty","resourceTypes":["script"]},"priority":102},{"id":108442,"action":{"type":"allow"},"condition":{"urlFilter":"||imasdk.googleapis.com/js/sdkloader/ima3.js","initiatorDomains":["mafab.hu"]},"priority":100201},{"id":108525,"action":{"type":"allow"},"condition":{"urlFilter":"||pro.hit.gemius.pl/gstream.js","initiatorDomains":["embed.rtl.hu"],"resourceTypes":["script"]},"priority":100301},{"id":109222,"action":{"type":"block"},"condition":{"urlFilter":"/inside-banner.mini.js","initiatorDomains":["myonlineradio.hu"]},"priority":201},{"id":114192,"action":{"type":"redirect","redirect":{"extensionPath":"/web-accessible-resources/redirects/nooptext.js"}},"condition":{"urlFilter":"||pagead2.googlesyndication.com/pagead/js/adsbygoogle.js","initiatorDomains":["cinemo.hu"],"resourceTypes":["xmlhttprequest"]},"priority":1301},{"id":114311,"action":{"type":"redirect","redirect":{"extensionPath":"/web-accessible-resources/redirects/nooptext.js"}},"condition":{"urlFilter":"||sovrn.com","initiatorDomains":["cinemo.hu"],"resourceTypes":["xmlhttprequest"]},"priority":1301},{"id":76187,"action":{"type":"block"},"condition":{"regexFilter":"dl/cnt/20[^0]\\d-\\d{2}/\\d{4}/","initiatorDomains":["prohardver.hu","mobilarena.hu","itcafe.hu","gamepod.hu","logout.hu","hardverapro.hu"],"resourceTypes":["image"]},"priority":218}]