[{"id":3376,"action":{"type":"modifyHeaders","responseHeaders":[{"operation":"append","header":"Content-Security-Policy","value":"script-src data: blob: * 'self' 'unsafe-inline'"}]},"condition":{"urlFilter":"||baomoi.com","resourceTypes":["main_frame","sub_frame","stylesheet","script","image","font","object","xmlhttprequest","ping","media","websocket","other"]},"priority":1},{"id":6189,"action":{"type":"modifyHeaders","responseHeaders":[{"operation":"append","header":"Content-Security-Policy","value":"script-src data: 'self' 'unsafe-inline' http: https:"}]},"condition":{"urlFilter":"||huongdanjava.com","resourceTypes":["main_frame","sub_frame","stylesheet","script","image","font","object","xmlhttprequest","ping","media","websocket","other"]},"priority":1},{"id":11799,"action":{"type":"modifyHeaders","responseHeaders":[{"operation":"append","header":"Content-Security-Policy","value":"script-src 'self' 'unsafe-inline' data: https:"}]},"condition":{"urlFilter":"||taoanhdep.com","resourceTypes":["main_frame","sub_frame","stylesheet","script","image","font","object","xmlhttprequest","ping","media","websocket","other"]},"priority":1},{"id":12845,"action":{"type":"modifyHeaders","responseHeaders":[{"operation":"append","header":"Content-Security-Policy","value":"script-src 'self' 'unsafe-inline'"}]},"condition":{"urlFilter":"||truyen4u.pro","resourceTypes":["main_frame","sub_frame","stylesheet","script","image","font","object","xmlhttprequest","ping","media","websocket","other"]},"priority":1},{"id":13443,"action":{"type":"modifyHeaders","responseHeaders":[{"operation":"append","header":"Content-Security-Policy","value":"script-src self * data:* 'unsafe-inline'"}]},"condition":{"urlFilter":"||ungtycomicsnay.com","resourceTypes":["main_frame","sub_frame","stylesheet","script","image","font","object","xmlhttprequest","ping","media","websocket","other"]},"priority":1},{"id":14383,"action":{"type":"modifyHeaders","responseHeaders":[{"operation":"append","header":"Content-Security-Policy","value":"script-src 'self' 'unsafe-inline' http: https:"}]},"condition":{"urlFilter":"||www.iosviet.com^","resourceTypes":["main_frame","sub_frame","stylesheet","script","image","font","object","xmlhttprequest","ping","media","websocket","other"]},"priority":1},{"id":62156,"action":{"type":"modifyHeaders","responseHeaders":[{"operation":"append","header":"Content-Security-Policy","value":"script-src 'self' 'unsafe-inline'"}]},"condition":{"urlFilter":"||cliphot69.homes","resourceTypes":["main_frame","sub_frame","stylesheet","script","image","font","object","xmlhttprequest","ping","media","websocket","other"]},"priority":1},{"id":63246,"action":{"type":"modifyHeaders","responseHeaders":[{"operation":"append","header":"Content-Security-Policy","value":"script-src 'self' 'unsafe-inline' http"}]},"condition":{"urlFilter":"||mangadm.cc","resourceTypes":["main_frame","sub_frame","stylesheet","script","image","font","object","xmlhttprequest","ping","media","websocket","other"]},"priority":1},{"id":64222,"action":{"type":"modifyHeaders","responseHeaders":[{"operation":"append","header":"Content-Security-Policy","value":"script-src 'self' 'unsafe-eval'"}]},"condition":{"urlFilter":"||sexdiaryx.live","resourceTypes":["main_frame","sub_frame","stylesheet","script","image","font","object","xmlhttprequest","ping","media","websocket","other"]},"priority":1},{"id":5,"action":{"type":"block"},"condition":{"urlFilter":".com/cpc/","resourceTypes":["script"]},"priority":101},{"id":40,"action":{"type":"block"},"condition":{"urlFilter":".com/qc/"},"priority":1},{"id":59,"action":{"type":"block"},"condition":{"urlFilter":".net/ads/","excludedInitiatorDomains":["linkneverdie.net"]},"priority":2},{"id":116,"action":{"type":"block"},"condition":{"urlFilter":".net/cpf/","resourceTypes":["script"]},"priority":101},{"id":151,"action":{"type":"block"},"condition":{"urlFilter":".tv/ads/","resourceTypes":["sub_frame","script","image"]},"priority":68},{"id":203,"action":{"type":"block"},"condition":{"urlFilter":".vn/Ad/"},"priority":1},{"id":221,"action":{"type":"block"},"condition":{"urlFilter":".vn/c3s-ad/","resourceTypes":["xmlhttprequest"]},"priority":101},{"id":258,"action":{"type":"block"},"condition":{"urlFilter":".vn/qc/"},"priority":1},{"id":276,"action":{"type":"block"},"condition":{"urlFilter":"/Content/JS/jwplayer/vast.js","resourceTypes":["script"]},"priority":101},{"id":395,"action":{"type":"block"},"condition":{"urlFilter":"/_BannerSlot.aspx","initiatorDomains":["bongdaso66.net"],"resourceTypes":["sub_frame"]},"priority":301},{"id":466,"action":{"type":"block"},"condition":{"urlFilter":"/aas/r45d/vki/*","resourceTypes":["script"]},"priority":101},{"id":507,"action":{"type":"block"},"condition":{"urlFilter":"/ads/*.gif"},"priority":1},{"id":528,"action":{"type":"block"},"condition":{"urlFilter":"/ads/*.xml","resourceTypes":["xmlhttprequest"]},"priority":101},{"id":564,"action":{"type":"block"},"condition":{"urlFilter":"/ads/popup_"},"priority":1},{"id":586,"action":{"type":"block"},"condition":{"urlFilter":"/adv/*","initiatorDomains":["bongdaso66.net"],"resourceTypes":["image"]},"priority":301},{"id":646,"action":{"type":"block"},"condition":{"urlFilter":"/banner-ads."},"priority":1},{"id":669,"action":{"type":"block"},"condition":{"urlFilter":"/banner/*.gif","excludedInitiatorDomains":["marsvenus.vn"]},"priority":2},{"id":726,"action":{"type":"block"},"condition":{"urlFilter":"/blueserving."},"priority":1},{"id":750,"action":{"type":"block"},"condition":{"urlFilter":"/cms/Arfcc.min.js","domainType":"thirdParty","initiatorDomains":["cafef.vn","gamek.vn","genk.vn","kenh14.vn","soha.vn","tuoitre.vn","afamily.vn","thanhnien.vn"],"resourceTypes":["script"]},"priority":215},{"id":894,"action":{"type":"block"},"condition":{"urlFilter":"/cms/arf-","domainType":"thirdParty","initiatorDomains":["cafef.vn","gamek.vn","genk.vn","kenh14.vn","soha.vn","tuoitre.vn","afamily.vn"],"resourceTypes":["script"]},"priority":217},{"id":1017,"action":{"type":"block"},"condition":{"urlFilter":"/core/*","initiatorDomains":["gamek.vn","genk.vn","kenh14.vn","cafef.vn","thanhnien.vn"],"resourceTypes":["script"]},"priority":221},{"id":1112,"action":{"type":"block"},"condition":{"urlFilter":"/disable-devtool.min.js","resourceTypes":["script"]},"priority":101},{"id":1161,"action":{"type":"block"},"condition":{"urlFilter":"/giadinhonline.vn/files/qc/*"},"priority":1},{"id":1200,"action":{"type":"block"},"condition":{"urlFilter":"/i.imgur.com/*.gif","initiatorDomains":["keonhacai55.chat","motchill66.com","www.phimdinhcao.online","aluminiuminsider.com","veboxi.cc","cakhiavv.cc","listnhacai88.com","xoilaczzu.tv","xemtivingon.org","mitomtvb.cc","rakhoivi.cc","plcdn.xyz","phimmoi.ing"]},"priority":109},{"id":1439,"action":{"type":"block"},"condition":{"urlFilter":"/js/ads.js","domainType":"firstParty","excludedInitiatorDomains":["vipurl.in"],"resourceTypes":["script"]},"priority":103},{"id":1508,"action":{"type":"block"},"condition":{"urlFilter":"/newchill/*gif","resourceTypes":["image"]},"priority":101},{"id":1548,"action":{"type":"block"},"condition":{"urlFilter":"/polyad."},"priority":1},{"id":1567,"action":{"type":"block"},"condition":{"urlFilter":"/pop.js","initiatorDomains":["motchiill.li","ohaytv.id"],"resourceTypes":["script"]},"priority":251},{"id":1636,"action":{"type":"block"},"condition":{"urlFilter":"/popunder7."},"priority":1},{"id":1658,"action":{"type":"block"},"condition":{"urlFilter":"/qcao/*","excludedInitiatorDomains":["thegioididong.com"]},"priority":2},{"id":1714,"action":{"type":"block"},"condition":{"urlFilter":"/quang%20cao/*"},"priority":1},{"id":1739,"action":{"type":"block"},"condition":{"urlFilter":"/quang_cao/*"},"priority":1},{"id":1762,"action":{"type":"block"},"condition":{"urlFilter":"/quangcao."},"priority":1},{"id":1783,"action":{"type":"block"},"condition":{"urlFilter":"/quangcao/*"},"priority":1},{"id":1805,"action":{"type":"block"},"condition":{"urlFilter":"/root/ads/*"},"priority":1},{"id":1827,"action":{"type":"block"},"condition":{"urlFilter":"/sbbanner.com"},"priority":1},{"id":1851,"action":{"type":"block"},"condition":{"urlFilter":"/script/oneAds.js","domainType":"firstParty","resourceTypes":["script"]},"priority":102},{"id":1903,"action":{"type":"block"},"condition":{"urlFilter":"/siropu/am/core.min.js","resourceTypes":["script"]},"priority":101},{"id":1951,"action":{"type":"block"},"condition":{"urlFilter":"/storage.adpia.vn","resourceTypes":["script","image"]},"priority":76},{"id":2003,"action":{"type":"block"},"condition":{"urlFilter":"/stores/ads_data/*"},"priority":1},{"id":2032,"action":{"type":"block"},"condition":{"urlFilter":"/taichinhdoanhnghiep.net.vn/files/qc"},"priority":1},{"id":2079,"action":{"type":"block"},"condition":{"urlFilter":"/tracking_info.gif","initiatorDomains":["cafef.vn","gamek.vn","genk.vn","kenh14.vn","soha.vn","tuoitre.vn","afamily.vn","thanhnien.vn"]},"priority":114},{"id":2206,"action":{"type":"block"},"condition":{"urlFilter":"/v/*/vast.js","excludedInitiatorDomains":["cdn2.kenhvn2.com"],"resourceTypes":["script"]},"priority":102},{"id":2275,"action":{"type":"block"},"condition":{"urlFilter":"/vast.js","initiatorDomains":["boctem.com","hayhaytv.site","phimdacap.tv","hoathinhtq.site","tvhay26.com","tvzinghd.pro","player.cloudbeta.win"],"resourceTypes":["script"]},"priority":216},{"id":2422,"action":{"type":"block"},"condition":{"urlFilter":"/videojs.ads.","excludedInitiatorDomains":["danet.vn"]},"priority":2},{"id":2475,"action":{"type":"block"},"condition":{"urlFilter":"/videojs.ima.js","excludedInitiatorDomains":["jut.su","earthcam.com"]},"priority":2},{"id":2542,"action":{"type":"block"},"condition":{"urlFilter":"||123nhadatviet.com/Media/CK/banners/"},"priority":1},{"id":2590,"action":{"type":"block"},"condition":{"urlFilter":"||123nhadatviet.net/Media/CK/banners/"},"priority":1},{"id":2638,"action":{"type":"block"},"condition":{"urlFilter":"||2banh.vn/images/banners/"},"priority":1},{"id":2675,"action":{"type":"block"},"condition":{"urlFilter":"||ads*.autodaily.vn"},"priority":1},{"id":2705,"action":{"type":"block"},"condition":{"urlFilter":"||ads.nghenhinvietnam.vn^","initiatorDomains":["nghenhinvietnam.vn"]},"priority":201},{"id":2779,"action":{"type":"block"},"condition":{"urlFilter":"||ahaphimz.com/js/pov.js","resourceTypes":["script"]},"priority":101},{"id":2829,"action":{"type":"block"},"condition":{"urlFilter":"||anime4.site^*.gif"},"priority":1},{"id":2859,"action":{"type":"block"},"condition":{"urlFilter":"||animevietsub.lol/ads/popup.js","resourceTypes":["script"]},"priority":101},{"id":2916,"action":{"type":"block"},"condition":{"urlFilter":"||animevietsubs.net/vast/","resourceTypes":["image"]},"priority":101},{"id":2967,"action":{"type":"block"},"condition":{"urlFilter":"||animew.net/_next/image?url=https%3A%2F%2Flh3.googleusercontent.com","resourceTypes":["image"]},"priority":101},{"id":3061,"action":{"type":"block"},"condition":{"urlFilter":"||animew.net/_next/image?url=https%3A%2F%2Fp21-ad-sg.ibyteimg.com","resourceTypes":["image"]},"priority":101},{"id":3152,"action":{"type":"block"},"condition":{"urlFilter":"||api.anime3s.com^*.gif","initiatorDomains":["hayhaytv.site","anime4.site"],"resourceTypes":["image"]},"priority":251},{"id":3240,"action":{"type":"block"},"condition":{"urlFilter":"||asecdn.w88media.com/VN/250x250-VN.gif","initiatorDomains":["mythethao.net"]},"priority":201},{"id":3323,"action":{"type":"block"},"condition":{"urlFilter":"||baohaugiang.com.vn/uploads/SlideHomeimg/"},"priority":1},{"id":3466,"action":{"type":"block"},"condition":{"urlFilter":"||baonga.com/FileUpload/Images/*banner"},"priority":1},{"id":3515,"action":{"type":"block"},"condition":{"urlFilter":"||bf.333xbet.com^","domainType":"thirdParty","resourceTypes":["media"]},"priority":102},{"id":3567,"action":{"type":"block"},"condition":{"urlFilter":"||biphim.mom/public/prom_ad/prom_ad.js","resourceTypes":["script"]},"priority":101},{"id":3631,"action":{"type":"block"},"condition":{"urlFilter":"||blog.abit.vn/wp-content/uploads/2020/05/abit_","resourceTypes":["image"]},"priority":101},{"id":3704,"action":{"type":"block"},"condition":{"urlFilter":"||blogger.googleusercontent.com^","initiatorDomains":["hhninja20.tv","xem15.com","hhtm.site","hhh3d.tv","hoathinhtq.site","phimhaytv.biz","yanhh3d.vip","phimhoathinh3d.vip"],"resourceTypes":["image"]},"priority":214},{"id":3878,"action":{"type":"block"},"condition":{"urlFilter":"||blvtap.com^*.gif","initiatorDomains":["phimmoinet.life"],"resourceTypes":["image"]},"priority":301},{"id":3951,"action":{"type":"block"},"condition":{"urlFilter":"||bonbanh.com/ad/"},"priority":1},{"id":3979,"action":{"type":"block"},"condition":{"urlFilter":"||bp.blogspot.com","initiatorDomains":["xemtivi4k.com"],"resourceTypes":["image"]},"priority":301},{"id":4049,"action":{"type":"block"},"condition":{"urlFilter":"||bp.blogspot.com/*banner","excludedInitiatorDomains":["aowvn.org","www.umu.pro.vn"],"resourceTypes":["image"]},"priority":102},{"id":4140,"action":{"type":"block"},"condition":{"urlFilter":"||cdn-data.gtvplus.vn/banners/","initiatorDomains":["gametv.vn"],"resourceTypes":["image"]},"priority":301},{"id":4219,"action":{"type":"block"},"condition":{"urlFilter":"||cdn.lfastcdn.com^*.gif","initiatorDomains":["bongdainfox.tv","xoilaczzu.tv","rakhoivi.cc","cakhiavv.cc","mitomtvb.cc","xoilaczvx.cc","vaoroi14.live","veboxi.cc"],"resourceTypes":["image"]},"priority":214},{"id":4383,"action":{"type":"block"},"condition":{"urlFilter":"||cdn.monkeydarchive.com/images/banner/","resourceTypes":["image"]},"priority":101},{"id":4448,"action":{"type":"block"},"condition":{"urlFilter":"||cdn.webhoctienganh.com/asset/home/img/banner/","initiatorDomains":["webhoctienganh.com"],"resourceTypes":["image"]},"priority":301},{"id":4553,"action":{"type":"block"},"condition":{"urlFilter":"||chodansinh.net^*.gif"},"priority":1},{"id":4586,"action":{"type":"block"},"condition":{"urlFilter":"||chotlo3s.com^*gif"},"priority":1},{"id":4616,"action":{"type":"block"},"condition":{"urlFilter":"||code.gunnymienphi.net^*.gif"},"priority":1},{"id":4656,"action":{"type":"block"},"condition":{"urlFilter":"||danketoan.com/banner/"},"priority":1},{"id":4690,"action":{"type":"block"},"condition":{"urlFilter":"||daotruyen.me/static/media/omo-popup.051a651e9e72c4171ffc.png","domainType":"firstParty","resourceTypes":["image"]},"priority":102},{"id":4787,"action":{"type":"block"},"condition":{"urlFilter":"||docnhanh.vn/images/ads/","resourceTypes":["image"]},"priority":101},{"id":4838,"action":{"type":"block"},"condition":{"urlFilter":"||doctruyenchu.info/ads/","resourceTypes":["image"]},"priority":101},{"id":4888,"action":{"type":"block"},"condition":{"urlFilter":"||dongchill.mom/ads/ads_xx.js","domainType":"firstParty","resourceTypes":["script"]},"priority":102},{"id":4952,"action":{"type":"block"},"condition":{"urlFilter":"||dongphim.baby/ads/ads_xx.js","resourceTypes":["script"]},"priority":101},{"id":5007,"action":{"type":"block"},"condition":{"urlFilter":"||ff.imacdn.com^","initiatorDomains":["xem1080.com"],"resourceTypes":["image"]},"priority":301},{"id":5074,"action":{"type":"block"},"condition":{"urlFilter":"||file1.dangcongsan.vn^*.gif","initiatorDomains":["dangcongsan.vn"],"resourceTypes":["image"]},"priority":301},{"id":5156,"action":{"type":"block"},"condition":{"urlFilter":"||forum.idichvuseo.com/images/quang-cao"},"priority":1},{"id":5206,"action":{"type":"block"},"condition":{"urlFilter":"||fshare.vn/lib/jwplayer/jwplayer.js"},"priority":1},{"id":5253,"action":{"type":"block"},"condition":{"urlFilter":"||fun6668.com/Banner/","initiatorDomains":["mythethao.net"]},"priority":201},{"id":5318,"action":{"type":"block"},"condition":{"urlFilter":"||fundingchoicesmessages.google.com^","domainType":"thirdParty"},"priority":2},{"id":5380,"action":{"type":"block"},"condition":{"urlFilter":"||ghienphim.blog^*.gif","initiatorDomains":["xemphimviet.casa"],"resourceTypes":["image"]},"priority":301},{"id":5458,"action":{"type":"block"},"condition":{"urlFilter":"||ghienphim.show/client_assets/js/minijumb.js"},"priority":1},{"id":5514,"action":{"type":"block"},"condition":{"urlFilter":"||ghienphim.show^*.gif","resourceTypes":["image"]},"priority":101},{"id":5562,"action":{"type":"block"},"condition":{"urlFilter":"||ght.kernh41.com^","domainType":"thirdParty","resourceTypes":["script"]},"priority":102},{"id":5615,"action":{"type":"block"},"condition":{"urlFilter":"||github.com/vietcodeno1/basic-lesson/","initiatorDomains":["phimno1.me"]},"priority":201},{"id":5694,"action":{"type":"block"},"condition":{"urlFilter":"||github.com^","initiatorDomains":["hongphim18.net"],"resourceTypes":["image"]},"priority":301},{"id":5761,"action":{"type":"block"},"condition":{"urlFilter":"||goal.90phut24.xyz^*.gif","resourceTypes":["image"]},"priority":101},{"id":5812,"action":{"type":"block"},"condition":{"urlFilter":"||googleusercontent.com^","initiatorDomains":["hhtqvietsub.me"]},"priority":201},{"id":5881,"action":{"type":"block"},"condition":{"urlFilter":"||hhkungfu.club/88vn","initiatorDomains":["animehay.li"],"resourceTypes":["image"]},"priority":301},{"id":5952,"action":{"type":"block"},"condition":{"urlFilter":"||hhpanda.id/ads/","domainType":"firstParty","resourceTypes":["script"]},"priority":102},{"id":6004,"action":{"type":"block"},"condition":{"urlFilter":"||hinhso.com^","initiatorDomains":["diendanmaychu.vn"],"resourceTypes":["image"]},"priority":301},{"id":6073,"action":{"type":"block"},"condition":{"urlFilter":"||hotphimvn.cc/disable.js","resourceTypes":["script"]},"priority":101},{"id":6124,"action":{"type":"block"},"condition":{"urlFilter":"||hsctvn.com/uploads/products/","domainType":"firstParty","resourceTypes":["image"]},"priority":102},{"id":6290,"action":{"type":"block"},"condition":{"urlFilter":"||i.ex-cdn.com/nhadautu.vn/files/qc/","initiatorDomains":["nhadautu.vn"]},"priority":201},{"id":6368,"action":{"type":"block"},"condition":{"urlFilter":"||i.imgur.com/81uid6d.jpg","initiatorDomains":["vozer.net"]},"priority":201},{"id":6433,"action":{"type":"block"},"condition":{"urlFilter":"||i.imgur.com/FbUH5AQ.png","initiatorDomains":["vozer.net"]},"priority":201},{"id":6498,"action":{"type":"block"},"condition":{"urlFilter":"||i.imgur.com^","initiatorDomains":["nhacdj.vn","diendanit.net","banbuondalat.com","hoathinhtq.site","xem.tructiepnba.me","www.ssphim.us","phimbet.biz"],"resourceTypes":["image"]},"priority":216},{"id":6653,"action":{"type":"block"},"condition":{"urlFilter":"||i.imgur.com^*.gif","initiatorDomains":["ghienphim.show","mv.dailyphimz.com","mv.phimmoiaz.cc","mythethao.net","xemtivi4k.com","vtipster.net","phimmoi.sale","tv.tvhayhd.org","hoathinh4k3.net","vutruphim.tv","ketqua247vn.vip"],"resourceTypes":["image"]},"priority":211},{"id":6875,"action":{"type":"block"},"condition":{"urlFilter":"||i.postimg.cc^","initiatorDomains":["www.phimmoichilla.xyz"],"resourceTypes":["image"]},"priority":301},{"id":6951,"action":{"type":"block"},"condition":{"urlFilter":"||i45.servimg.com/u/f45/","initiatorDomains":["gocmod.com"]},"priority":201},{"id":7016,"action":{"type":"block"},"condition":{"urlFilter":"||iamcdn.net/players/playera.dmins.js"},"priority":1},{"id":7064,"action":{"type":"block"},"condition":{"urlFilter":"||iamcdn.net/players/playhydraxs.min.js"},"priority":1},{"id":7114,"action":{"type":"block"},"condition":{"urlFilter":"||image-eu-na-ctnytbefjq.4shares.live/90link/"},"priority":1},{"id":7170,"action":{"type":"block"},"condition":{"urlFilter":"||image.cdend.com^*.gif","initiatorDomains":["phimmoi.sale"],"resourceTypes":["image"]},"priority":301},{"id":7245,"action":{"type":"block"},"condition":{"urlFilter":"||imagedelivery.net^","initiatorDomains":["motphimchill.blog"],"resourceTypes":["image"]},"priority":301},{"id":7322,"action":{"type":"block"},"condition":{"urlFilter":"||images.tuyensinh247.com^*.gif","domainType":"thirdParty"},"priority":2},{"id":7379,"action":{"type":"block"},"condition":{"urlFilter":"||img.iketqua.com^*.gif","resourceTypes":["image"]},"priority":101},{"id":7428,"action":{"type":"block"},"condition":{"urlFilter":"||img.phimmoi.in^*.gif","initiatorDomains":["phimmoi.ing"],"resourceTypes":["image"]},"priority":301},{"id":7501,"action":{"type":"block"},"condition":{"urlFilter":"||img.upanh.tv^*.gif","initiatorDomains":["phimtuoitho.site"],"resourceTypes":["image"]},"priority":301},{"id":7577,"action":{"type":"block"},"condition":{"urlFilter":"||kenhgamez.co^*.gif"},"priority":1},{"id":7608,"action":{"type":"block"},"condition":{"urlFilter":"||kenhtin.net/upload/images/banner-"},"priority":1},{"id":7654,"action":{"type":"block"},"condition":{"urlFilter":"||kienthuc.net.vn/*.ads"},"priority":1},{"id":7688,"action":{"type":"block"},"condition":{"urlFilter":"||laodong.vn/*QuangcaoOnline"},"priority":1},{"id":7727,"action":{"type":"block"},"condition":{"urlFilter":"||lh3.googleusercontent.com/*=s0","initiatorDomains":["animevietsub.lol","hoathinh4k3.net"],"resourceTypes":["image"]},"priority":251},{"id":7831,"action":{"type":"block"},"condition":{"urlFilter":"||listnhacai88.com^*.gif","resourceTypes":["image"]},"priority":101},{"id":7881,"action":{"type":"block"},"condition":{"urlFilter":"||maclife.io^*.gif"},"priority":1},{"id":7910,"action":{"type":"block"},"condition":{"urlFilter":"||media.nghean24h.vn","initiatorDomains":["nghean24h.vn"],"resourceTypes":["image"]},"priority":301},{"id":7982,"action":{"type":"block"},"condition":{"urlFilter":"||mediastation.live^*.gif","initiatorDomains":["mn.mediastation.live","home1.mannhan22.pro","mannhan95.xyz"],"resourceTypes":["image"]},"priority":235},{"id":8101,"action":{"type":"block"},"condition":{"urlFilter":"||mocfun.net/uploads/banners/"},"priority":1},{"id":8141,"action":{"type":"block"},"condition":{"urlFilter":"||motchiill.li^*.gif","resourceTypes":["image"]},"priority":101},{"id":8187,"action":{"type":"block"},"condition":{"urlFilter":"||motchill10.com/public/upload/ads/ads.js","domainType":"firstParty","resourceTypes":["script"]},"priority":102},{"id":8263,"action":{"type":"redirect","redirect":{"extensionPath":"/web-accessible-resources/redirects/noopmp3.mp3"}},"condition":{"urlFilter":"||motchill66.com/3s.m3u8","initiatorDomains":["motchill66.com"]},"priority":1201},{"id":8346,"action":{"type":"block"},"condition":{"urlFilter":"||motchillb.org/banner","resourceTypes":["image"]},"priority":101},{"id":8394,"action":{"type":"block"},"condition":{"urlFilter":"||motchillid.me/js/ads_xx.js"},"priority":1},{"id":8433,"action":{"type":"block"},"condition":{"urlFilter":"||motphimtv.im^*.gif","resourceTypes":["image"]},"priority":101},{"id":8479,"action":{"type":"block"},"condition":{"urlFilter":"||mplmncb.com/banners-web","initiatorDomains":["truyenqqto.com"],"resourceTypes":["image"]},"priority":301},{"id":8558,"action":{"type":"block"},"condition":{"urlFilter":"||mplmncb.com/popup/","initiatorDomains":["truyenqqto.com"],"resourceTypes":["script"]},"priority":301},{"id":8632,"action":{"type":"block"},"condition":{"urlFilter":"||msdigital.vn/ads","resourceTypes":["sub_frame"]},"priority":101},{"id":8676,"action":{"type":"block"},"condition":{"urlFilter":"||nettruyenrr.com/public/assets/js/pop","domainType":"firstParty","resourceTypes":["script"]},"priority":102},{"id":8749,"action":{"type":"block"},"condition":{"urlFilter":"||nettruyenvie.com/assets/js/pop","resourceTypes":["script"]},"priority":101},{"id":8807,"action":{"type":"block"},"condition":{"urlFilter":"||newoneinoldoneout.pro/banners-web/","initiatorDomains":["nettruyenrr.com","nettruyenvie.com"],"resourceTypes":["image"]},"priority":251},{"id":8915,"action":{"type":"block"},"condition":{"urlFilter":"||newoneinoldoneout.pro/popup","initiatorDomains":["nettruyenrr.com","nettruyenvie.com"],"resourceTypes":["script"]},"priority":251},{"id":9016,"action":{"type":"block"},"condition":{"urlFilter":"||newoneinoldoneout.pro/zrlosadr.js","initiatorDomains":["nettruyenrr.com"],"resourceTypes":["script"]},"priority":301},{"id":9106,"action":{"type":"block"},"condition":{"urlFilter":"||nhadatvang.vn/images/","initiatorDomains":["muabanraovat.com"]},"priority":201},{"id":9176,"action":{"type":"block"},"condition":{"urlFilter":"||nhipcaudautu.vn/*gafin","resourceTypes":["script"]},"priority":101},{"id":9226,"action":{"type":"block"},"condition":{"urlFilter":"||nhipcaudautu.vn/Media/*.gif"},"priority":1},{"id":9266,"action":{"type":"block"},"condition":{"urlFilter":"||noitu.pro^*.gif,","domainType":"firstParty"},"priority":2},{"id":9310,"action":{"type":"block"},"condition":{"urlFilter":"||notepad.vn/media/images/like68.jpg"},"priority":1},{"id":9357,"action":{"type":"block"},"condition":{"urlFilter":"||phim.vkool8.net/images/ads/","resourceTypes":["image"]},"priority":101},{"id":9412,"action":{"type":"block"},"condition":{"urlFilter":"||phim.vkool8.net/js/pov.js","domainType":"firstParty","resourceTypes":["script"]},"priority":102},{"id":9474,"action":{"type":"block"},"condition":{"urlFilter":"||phimmoichill.best/newchill/","domainType":"firstParty","resourceTypes":["script"]},"priority":102},{"id":9538,"action":{"type":"block"},"condition":{"urlFilter":"||phimmoichillz.my/pop","resourceTypes":["image"]},"priority":101},{"id":9586,"action":{"type":"block"},"condition":{"urlFilter":"||phimmoichillz.my^*.gif","resourceTypes":["image"]},"priority":101},{"id":9636,"action":{"type":"block"},"condition":{"urlFilter":"||phimmoinhat.top^*.gif"},"priority":1},{"id":9670,"action":{"type":"block"},"condition":{"urlFilter":"||phimnhanhvl.com^*.gif"},"priority":1},{"id":9704,"action":{"type":"redirect","redirect":{"extensionPath":"/web-accessible-resources/redirects/noopmp4.mp4"}},"condition":{"urlFilter":"||phimreview.org/playergk/phimreview.mp4","initiatorDomains":["phimreview.org"]},"priority":1201},{"id":9803,"action":{"type":"block"},"condition":{"urlFilter":"||phimreview.org^*.gif","resourceTypes":["image"]},"priority":101},{"id":9851,"action":{"type":"block"},"condition":{"urlFilter":"||photo2.tinhte.vn/data/attachment-files/*banner"},"priority":1},{"id":9910,"action":{"type":"block"},"condition":{"urlFilter":"||photo2.tinhte.vn^*.gif","initiatorDomains":["vebo4.net","xem.vebo31.net"]},"priority":151},{"id":9989,"action":{"type":"block"},"condition":{"urlFilter":"||pokokopo.com/hh.js","initiatorDomains":["yanhh3d.vip"],"resourceTypes":["script"]},"priority":301},{"id":10060,"action":{"type":"block"},"condition":{"urlFilter":"||qthang.net/js/blocker","domainType":"firstParty","resourceTypes":["script"]},"priority":102},{"id":10118,"action":{"type":"block"},"condition":{"urlFilter":"||quaivatdienanh.com/*banner","resourceTypes":["image"]},"priority":101},{"id":10172,"action":{"type":"block"},"condition":{"urlFilter":"||quangcaosanpham.com/images/","domainType":"thirdParty"},"priority":2},{"id":10227,"action":{"type":"block"},"condition":{"urlFilter":"||quoracdn.net^","initiatorDomains":["motchill66.com","www.phimdinhcao.online"],"resourceTypes":["image"]},"priority":251},{"id":10319,"action":{"type":"block"},"condition":{"urlFilter":"||r2.plvb.xyz^*.gif"},"priority":1},{"id":10349,"action":{"type":"block"},"condition":{"urlFilter":"||raovat.tuoitre.vn^","initiatorDomains":["tuoitre.vn"]},"priority":201},{"id":10410,"action":{"type":"block"},"condition":{"urlFilter":"||raovatdidong.vn/images/","initiatorDomains":["muabanraovat.com"]},"priority":201},{"id":10482,"action":{"type":"block"},"condition":{"urlFilter":"||s1.truyentranh3q.com^*.gif","resourceTypes":["image"]},"priority":101},{"id":10536,"action":{"type":"block"},"condition":{"urlFilter":"||s2.phim1280.tv/adjump","initiatorDomains":["yeuphim.de"]},"priority":201},{"id":10600,"action":{"type":"block"},"condition":{"urlFilter":"||s2.truyentot.com^*.gif","initiatorDomains":["hhtq10.vip","hhtq3d.net","hhtq5.vip","hhvsub1.com"],"resourceTypes":["image"]},"priority":226},{"id":10707,"action":{"type":"block"},"condition":{"urlFilter":"||server.zmedia.vn/static/","resourceTypes":["script"]},"priority":101},{"id":10759,"action":{"type":"block"},"condition":{"urlFilter":"||sggp.org.vn/*banner"},"priority":1},{"id":10791,"action":{"type":"block"},"condition":{"urlFilter":"||sharecode.vn/assets/images/thiet-ke-web-gia-re.jpg"},"priority":1},{"id":10854,"action":{"type":"block"},"condition":{"urlFilter":"||sharecode.vn/assets/images/thiet-ke-website.jpg"},"priority":1},{"id":10914,"action":{"type":"block"},"condition":{"urlFilter":"||shopee.vn^","initiatorDomains":["apkmoddone.com"],"resourceTypes":["main_frame"]},"priority":201},{"id":10980,"action":{"type":"block"},"condition":{"urlFilter":"||sognoansofou.net^","initiatorDomains":["apkmoddone.phongroblox.com"],"resourceTypes":["main_frame"]},"priority":201},{"id":11065,"action":{"type":"block"},"condition":{"urlFilter":"||sohuutritue.net.vn/files/qc/"},"priority":1},{"id":11106,"action":{"type":"block"},"condition":{"urlFilter":"||static.cdnno.com/storage/topbox/*.webp","initiatorDomains":["metruyencv.com"],"resourceTypes":["image"]},"priority":301},{"id":11200,"action":{"type":"block"},"condition":{"urlFilter":"||static.ybox.vn^*.gif","initiatorDomains":["ybox.vn"]},"priority":201},{"id":11260,"action":{"type":"block"},"condition":{"urlFilter":"||stc02bc54661548.cloud.anycastapnic.com^*gif","initiatorDomains":["gavangtv5.net"],"resourceTypes":["image"]},"priority":301},{"id":11358,"action":{"type":"block"},"condition":{"urlFilter":"||storage.fshare.vn/images/","domainType":"thirdParty"},"priority":2},{"id":11411,"action":{"type":"block"},"condition":{"urlFilter":"||subnhanh.icu/js/ads_xx.js"},"priority":1},{"id":11449,"action":{"type":"block"},"condition":{"urlFilter":"||subnhanh.icu/js/ads_xx.min.js","domainType":"firstParty","resourceTypes":["script"]},"priority":102},{"id":11515,"action":{"type":"block"},"condition":{"urlFilter":"||subnhanhvl.baby/js/ads_xx.js","domainType":"firstParty","resourceTypes":["script"]},"priority":102},{"id":11580,"action":{"type":"block"},"condition":{"urlFilter":"||suckhoelamdep.vn^*.gif","resourceTypes":["image"]},"priority":101},{"id":11630,"action":{"type":"block"},"condition":{"urlFilter":"||survey-smiles.com/wp-content/plugins/banner-management/","resourceTypes":["image"]},"priority":101},{"id":11713,"action":{"type":"block"},"condition":{"urlFilter":"||tailieuvnu.com/wp-content/uploads/2022/12/28/shopee-2*.png","resourceTypes":["image"]},"priority":101},{"id":11891,"action":{"type":"block"},"condition":{"urlFilter":"||tepbac.com/upload/advertiment/","resourceTypes":["image"]},"priority":101},{"id":11949,"action":{"type":"block"},"condition":{"urlFilter":"||thapcamtvz.net^*.gif","initiatorDomains":["thapcamtvz.net","watch.thapcam.pro"],"resourceTypes":["image"]},"priority":251},{"id":12043,"action":{"type":"block"},"condition":{"urlFilter":"||the.tube/js/detect-ab.js","resourceTypes":["script"]},"priority":101},{"id":12095,"action":{"type":"block"},"condition":{"urlFilter":"||the.tube/js/simpleblocker.js","resourceTypes":["script"]},"priority":101},{"id":12151,"action":{"type":"block"},"condition":{"urlFilter":"||thichxemphim.top/wp-content/themes/halimmovies-child/jscm.min.js","initiatorDomains":["thichxemphim.top"]},"priority":201},{"id":12264,"action":{"type":"block"},"condition":{"urlFilter":"||thoigian.com.vn/mFiles/N/06/","resourceTypes":["image"]},"priority":101},{"id":12320,"action":{"type":"block"},"condition":{"urlFilter":"||thoigian.com.vn^*.gif"},"priority":1},{"id":12354,"action":{"type":"block"},"condition":{"urlFilter":"||thuysanvietnam.com.vn^*.gif"},"priority":1},{"id":12394,"action":{"type":"block"},"condition":{"urlFilter":"||timsanpham.com/images/","domainType":"thirdParty"},"priority":2},{"id":12444,"action":{"type":"block"},"condition":{"urlFilter":"||tinhayvip.com^*.gif"},"priority":1},{"id":12476,"action":{"type":"block"},"condition":{"urlFilter":"||tinmoi.vn/?mod=ajax&act=getAds"},"priority":1},{"id":12519,"action":{"type":"block"},"condition":{"urlFilter":"||tinsoikeo.live^*.gif","resourceTypes":["image"]},"priority":101},{"id":12567,"action":{"type":"block"},"condition":{"urlFilter":"||tizihay.com^*.gif","initiatorDomains":["phimmoinet.life","phimmoichill.help"],"resourceTypes":["image"]},"priority":251},{"id":12659,"action":{"type":"block"},"condition":{"urlFilter":"||toithuthuat.com^*.gif"},"priority":1},{"id":12693,"action":{"type":"block"},"condition":{"urlFilter":"||traderviet.tv/data/siropu/am/user/","resourceTypes":["image"]},"priority":101},{"id":12755,"action":{"type":"block"},"condition":{"urlFilter":"||tram3d.vip^*.gif","domainType":"firstParty","resourceTypes":["image"]},"priority":102},{"id":12808,"action":{"type":"block"},"condition":{"urlFilter":"||tructiep.vn/website/adv/"},"priority":1},{"id":12923,"action":{"type":"block"},"condition":{"urlFilter":"||truyenconect.com/uploads/*-truyenconect_com-*."},"priority":1},{"id":12982,"action":{"type":"block"},"condition":{"urlFilter":"||truyenwikidich.net/static/js/adx/","resourceTypes":["script"]},"priority":101},{"id":13043,"action":{"type":"block"},"condition":{"urlFilter":"||tudomuaban.com/public/upload/ad/"},"priority":1},{"id":13088,"action":{"type":"block"},"condition":{"urlFilter":"||tuviso.com/public/media//banner/"},"priority":1},{"id":13133,"action":{"type":"block"},"condition":{"urlFilter":"||tuyensinh247.com/","domainType":"thirdParty","resourceTypes":["image"]},"priority":102},{"id":13187,"action":{"type":"block"},"condition":{"urlFilter":"||tuyensinhso.vn/images/banners/*.gif","domainType":"firstParty","resourceTypes":["image"]},"priority":102},{"id":13259,"action":{"type":"block"},"condition":{"urlFilter":"||tvhay.ac/guide/popup.xp-f.js"},"priority":1},{"id":13300,"action":{"type":"block"},"condition":{"urlFilter":"||tvphim.mx/ads/popup","domainType":"firstParty","resourceTypes":["script"]},"priority":102},{"id":13356,"action":{"type":"block"},"condition":{"urlFilter":"||tvzinghd.pro/wp-content/themes/zingtv/js/qci9bc.js","domainType":"firstParty","resourceTypes":["script"]},"priority":102},{"id":13534,"action":{"type":"block"},"condition":{"urlFilter":"||uniad.","domainType":"thirdParty"},"priority":2},{"id":13568,"action":{"type":"block"},"condition":{"urlFilter":"||upanh.vn-z.vn/images/2024/05/20/Ban-sao-Deskin-banner-1.jpeg","initiatorDomains":["vn-z.vn"],"resourceTypes":["image"]},"priority":301},{"id":13677,"action":{"type":"block"},"condition":{"urlFilter":"||vaoroi14.live/wp-content/themes/bongda/dist/images/company/21.png","resourceTypes":["image"]},"priority":101},{"id":13770,"action":{"type":"block"},"condition":{"urlFilter":"||veboxi.cc/wp-content/themes/bongda/public/images/company/21.png","resourceTypes":["image"]},"priority":101},{"id":13861,"action":{"type":"block"},"condition":{"urlFilter":"||vesotantai.com/upload/photo/","resourceTypes":["image"]},"priority":101},{"id":13917,"action":{"type":"block"},"condition":{"urlFilter":"||vidian.online/images/*.gif"},"priority":1},{"id":13956,"action":{"type":"block"},"condition":{"urlFilter":"||vietjack.com/FrontEndWeb/js/sp.js","resourceTypes":["script"]},"priority":101},{"id":14017,"action":{"type":"block"},"condition":{"urlFilter":"||vivuphim.info^*.gif"},"priority":1},{"id":14049,"action":{"type":"block"},"condition":{"urlFilter":"||vnesports.net^*.gif"},"priority":1},{"id":14081,"action":{"type":"block"},"condition":{"urlFilter":"||vov.vn/ads/show-ads"},"priority":1},{"id":14113,"action":{"type":"block"},"condition":{"urlFilter":"||vsc63.com/wp-content/themes/vuasanco/assets/scripts/scripts.js"},"priority":1},{"id":14188,"action":{"type":"block"},"condition":{"urlFilter":"||wibu47.com^*.gif","resourceTypes":["image"]},"priority":101},{"id":14232,"action":{"type":"block"},"condition":{"urlFilter":"||ww2.phimnhua.com^*.gif"},"priority":1},{"id":14267,"action":{"type":"block"},"condition":{"urlFilter":"||www.bongdalu108.com^*.gif"},"priority":1},{"id":14305,"action":{"type":"block"},"condition":{"urlFilter":"||www.clbgamesvn.com/diendan/popup/popup.js","domainType":"firstParty","resourceTypes":["script"]},"priority":102},{"id":14478,"action":{"type":"block"},"condition":{"urlFilter":"||www.thuocbietduoc.com.vn/adv/"},"priority":1},{"id":14520,"action":{"type":"block"},"condition":{"urlFilter":"||www.thuocbietduoc.com.vn/aqc/","resourceTypes":["image"]},"priority":101},{"id":14577,"action":{"type":"block"},"condition":{"urlFilter":"||xahoingaynay.com.vn/upload/","resourceTypes":["image"]},"priority":101},{"id":14632,"action":{"type":"block"},"condition":{"urlFilter":"||xc.1357668.com^*.gif","initiatorDomains":["live.7mvn4.com"]},"priority":201},{"id":14699,"action":{"type":"block"},"condition":{"urlFilter":"||xem15.com/_next/image?url=%2Fpopup1.jpg&w=*&q=75","resourceTypes":["image"]},"priority":101},{"id":14775,"action":{"type":"block"},"condition":{"urlFilter":"||xemphimviet.casa/client_assets/js/dataview/adsview.js","domainType":"firstParty","resourceTypes":["script"]},"priority":102},{"id":14865,"action":{"type":"block"},"condition":{"urlFilter":"||xemphimviet.casa/client_assets/js/minijumb.js","domainType":"firstParty","resourceTypes":["script"]},"priority":102},{"id":14947,"action":{"type":"block"},"condition":{"urlFilter":"||xemphimviet.casa^*.gif","resourceTypes":["image"]},"priority":101},{"id":14997,"action":{"type":"block"},"condition":{"urlFilter":"||xmedia.antt.vn/upload/*.gif","initiatorDomains":["antt.vn"],"resourceTypes":["image"]},"priority":301},{"id":15073,"action":{"type":"block"},"condition":{"urlFilter":"||zunia.vn/ads.html","initiatorDomains":["tracnghiem.net"],"resourceTypes":["sub_frame"]},"priority":301},{"id":15146,"action":{"type":"block"},"condition":{"urlFilter":"||ad.vidverto.io^"},"priority":1},{"id":15174,"action":{"type":"block"},"condition":{"urlFilter":"||adflex.vn^","domainType":"thirdParty"},"priority":2},{"id":15212,"action":{"type":"block"},"condition":{"urlFilter":"||adpia.vn^","domainType":"thirdParty"},"priority":2},{"id":15249,"action":{"type":"block"},"condition":{"urlFilter":"||ads-cdn.fptplay.net^"},"priority":1},{"id":15282,"action":{"type":"block"},"condition":{"urlFilter":"||ads.cdn2-img.net^"},"priority":1},{"id":15312,"action":{"type":"block"},"condition":{"urlFilter":"||ads.mxhnkn.pro^"},"priority":1},{"id":15340,"action":{"type":"block"},"condition":{"urlFilter":"||ads.starzd.com^"},"priority":1},{"id":15368,"action":{"type":"block"},"condition":{"urlFilter":"||adtima-static.zadn.vn^","resourceTypes":["script"]},"priority":101},{"id":15418,"action":{"type":"block"},"condition":{"urlFilter":"||adtima-static.zascdn.me^"},"priority":1},{"id":15455,"action":{"type":"block"},"condition":{"urlFilter":"||adtima.vn^","domainType":"thirdParty"},"priority":2},{"id":15493,"action":{"type":"block"},"condition":{"urlFilter":"||adtimaserver.vn^"},"priority":1},{"id":15522,"action":{"type":"block"},"condition":{"urlFilter":"||affordedseasick.com^"},"priority":1},{"id":15555,"action":{"type":"block"},"condition":{"urlFilter":"||aiactiv.io^"},"priority":1},{"id":15579,"action":{"type":"block"},"condition":{"urlFilter":"||aj1047.online^"},"priority":1},{"id":15606,"action":{"type":"block"},"condition":{"urlFilter":"||aj2393.online^"},"priority":1},{"id":15633,"action":{"type":"block"},"condition":{"urlFilter":"||ajsc.yodimedia.com^"},"priority":1},{"id":15665,"action":{"type":"block"},"condition":{"urlFilter":"||amcdn.vn^"},"priority":1},{"id":15687,"action":{"type":"block"},"condition":{"urlFilter":"||ants.vn^","domainType":"thirdParty"},"priority":2},{"id":15723,"action":{"type":"block"},"condition":{"urlFilter":"||api.adfly.vn^"},"priority":1},{"id":15749,"action":{"type":"block"},"condition":{"urlFilter":"||apinas.nct.vn^"},"priority":1},{"id":15776,"action":{"type":"block"},"condition":{"urlFilter":"||bidgear-syndication.com^"},"priority":1},{"id":15813,"action":{"type":"block"},"condition":{"urlFilter":"||blueseed.tv^","domainType":"thirdParty"},"priority":2},{"id":15853,"action":{"type":"block"},"condition":{"urlFilter":"||cdn.adop.asia^"},"priority":1},{"id":15880,"action":{"type":"block"},"condition":{"urlFilter":"||cdn.tpmedia.online^"},"priority":1},{"id":15912,"action":{"type":"block"},"condition":{"urlFilter":"||cdnv.tpmedia.online^"},"priority":1},{"id":15945,"action":{"type":"block"},"condition":{"urlFilter":"||click.advertnative.com^"},"priority":1},{"id":15981,"action":{"type":"block"},"condition":{"urlFilter":"||cnt.trvdp.com^"},"priority":1},{"id":16008,"action":{"type":"block"},"condition":{"urlFilter":"||contineljs.com^"},"priority":1},{"id":16036,"action":{"type":"block"},"condition":{"urlFilter":"||cpt.geniee.jp^"},"priority":1},{"id":16063,"action":{"type":"block"},"condition":{"urlFilter":"||cv.bentsdiorism.com^"},"priority":1},{"id":16096,"action":{"type":"block"},"condition":{"urlFilter":"||delivery.yomedia.vn^"},"priority":1},{"id":16129,"action":{"type":"block"},"condition":{"urlFilter":"||distinctrobin.com^"},"priority":1},{"id":16160,"action":{"type":"block"},"condition":{"urlFilter":"||fv.togataurnfuls.com^"},"priority":1},{"id":16194,"action":{"type":"block"},"condition":{"urlFilter":"||gammaplatform.com^","domainType":"thirdParty"},"priority":2},{"id":16240,"action":{"type":"block"},"condition":{"urlFilter":"||genieesspv.jp^","domainType":"thirdParty"},"priority":2},{"id":16282,"action":{"type":"block"},"condition":{"urlFilter":"||genmonet.com^"},"priority":1},{"id":16308,"action":{"type":"block"},"condition":{"urlFilter":"||glodretsa.net^"},"priority":1},{"id":16335,"action":{"type":"block"},"condition":{"urlFilter":"||gullyending.com^"},"priority":1},{"id":16399,"action":{"type":"block"},"condition":{"urlFilter":"||iads.staticscdn.net^"},"priority":1},{"id":16432,"action":{"type":"block"},"condition":{"urlFilter":"||iads.vision^"},"priority":1},{"id":16457,"action":{"type":"block"},"condition":{"urlFilter":"||img.yeuketqua.net^"},"priority":1},{"id":16488,"action":{"type":"block"},"condition":{"urlFilter":"||immaculate-suspect.com^"},"priority":1},{"id":16524,"action":{"type":"block"},"condition":{"urlFilter":"||js.aiservice.vn^"},"priority":1},{"id":16553,"action":{"type":"block"},"condition":{"urlFilter":"||jsc.yodimedia.com^"},"priority":1},{"id":16584,"action":{"type":"block"},"condition":{"urlFilter":"||media.yomedia.vn^"},"priority":1},{"id":16614,"action":{"type":"block"},"condition":{"urlFilter":"||meta.vn^","domainType":"thirdParty"},"priority":2},{"id":16650,"action":{"type":"block"},"condition":{"urlFilter":"||midgetmaying.com^"},"priority":1},{"id":16680,"action":{"type":"block"},"condition":{"urlFilter":"||mt.deimosfestuca.com^"},"priority":1},{"id":16714,"action":{"type":"block"},"condition":{"urlFilter":"||ny.foonerne.com^"},"priority":1},{"id":16743,"action":{"type":"block"},"condition":{"urlFilter":"||o6z2a2kq8fatj3ch0x5ow6v82ha2gja8x8c7w6pc5gx2ls0zia7bx1n28b5d.com^"},"priority":1},{"id":16821,"action":{"type":"block"},"condition":{"urlFilter":"||oursty.com^"},"priority":1},{"id":16845,"action":{"type":"block"},"condition":{"urlFilter":"||platform.adlinknetwork.vn^"},"priority":1},{"id":16884,"action":{"type":"block"},"condition":{"urlFilter":"||player.gliacloud.com^"},"priority":1},{"id":16918,"action":{"type":"block"},"condition":{"urlFilter":"||poasauwhoothy.net^"},"priority":1},{"id":16949,"action":{"type":"block"},"condition":{"urlFilter":"||psugheeghuli.net^"},"priority":1},{"id":16979,"action":{"type":"block"},"condition":{"urlFilter":"||pub.akadigital.vn^"},"priority":1},{"id":17010,"action":{"type":"block"},"condition":{"urlFilter":"||pub.lavamedia.vn^"},"priority":1},{"id":17040,"action":{"type":"block"},"condition":{"urlFilter":"||pub.lavanetwork.net^","domainType":"thirdParty"},"priority":2},{"id":17088,"action":{"type":"block"},"condition":{"urlFilter":"||qc.coccoc.com^","domainType":"thirdParty"},"priority":2},{"id":17130,"action":{"type":"block"},"condition":{"urlFilter":"||qc.violet.vn^"},"priority":1},{"id":17156,"action":{"type":"block"},"condition":{"urlFilter":"||qcv5.blogtruyenmoi.com^"},"priority":1},{"id":17192,"action":{"type":"block"},"condition":{"urlFilter":"||qz.almudestilths.com^"},"priority":1},{"id":17226,"action":{"type":"block"},"condition":{"urlFilter":"||realclick.vn^","domainType":"thirdParty"},"priority":2},{"id":17267,"action":{"type":"block"},"condition":{"urlFilter":"||sbbanner.com^"},"priority":1},{"id":17293,"action":{"type":"block"},"condition":{"urlFilter":"||sourcetobin.com^"},"priority":1},{"id":17322,"action":{"type":"block"},"condition":{"urlFilter":"||ss.yomedia.vn^"},"priority":1},{"id":17349,"action":{"type":"block"},"condition":{"urlFilter":"||static.adconnect.vn^"},"priority":1},{"id":17382,"action":{"type":"block"},"condition":{"urlFilter":"||static.dable.io^"},"priority":1},{"id":17411,"action":{"type":"block"},"condition":{"urlFilter":"||static.eclick.vn^"},"priority":1},{"id":17441,"action":{"type":"block"},"condition":{"urlFilter":"||static.philacct.com^"},"priority":1},{"id":17474,"action":{"type":"block"},"condition":{"urlFilter":"||syphonseity.com^"},"priority":1},{"id":17503,"action":{"type":"block"},"condition":{"urlFilter":"||taboola.com^","domainType":"thirdParty","resourceTypes":["script"]},"priority":102},{"id":17552,"action":{"type":"block"},"condition":{"urlFilter":"||tags.fly-ads.net^"},"priority":1},{"id":17582,"action":{"type":"block"},"condition":{"urlFilter":"||tags.native-ad.net^"},"priority":1},{"id":17614,"action":{"type":"block"},"condition":{"urlFilter":"||toathoule.com^"},"priority":1},{"id":17641,"action":{"type":"block"},"condition":{"urlFilter":"||tvc.biphim.club^"},"priority":1},{"id":17670,"action":{"type":"block"},"condition":{"urlFilter":"||v9banners.com^"},"priority":1},{"id":17697,"action":{"type":"block"},"condition":{"urlFilter":"||vads.net.vn^"},"priority":1},{"id":17722,"action":{"type":"block"},"condition":{"urlFilter":"||wr.brandonketting.com^"},"priority":1},{"id":17757,"action":{"type":"block"},"condition":{"urlFilter":"||zaloweb."},"priority":1},{"id":55971,"action":{"type":"allow"},"condition":{"urlFilter":"/favicon.ico"},"priority":100001},{"id":55994,"action":{"type":"allow"},"condition":{"urlFilter":"/images/ad-300x250.jpg","domainType":"firstParty","initiatorDomains":["lehait.net"],"resourceTypes":["image"]},"priority":100302},{"id":56075,"action":{"type":"allow"},"condition":{"urlFilter":"/wp-content/plugins/advanced-ads/admin/assets/js/advertisement.js","domainType":"firstParty","resourceTypes":["script"]},"priority":100102},{"id":56175,"action":{"type":"allow"},"condition":{"urlFilter":"||4.bp.blogspot.com/-Faf4F4bEgfs/X6bgItBh8RI/AAAAAAAADr4/TI07qDfVYWk4cPdNAj8Mn5Q_yVzuG2cJgCK4BGAYYCw/s1600/gvnvh18.png","initiatorDomains":["www.gvnvh.net"],"resourceTypes":["image"]},"priority":100301},{"id":56346,"action":{"type":"allow"},"condition":{"urlFilter":"||alwingulla.com/88/tag.min.js","initiatorDomains":["apkmoddone.com"],"resourceTypes":["script","xmlhttprequest"]},"priority":100276},{"id":56439,"action":{"type":"allow"},"condition":{"urlFilter":"||anime47.one/ads/v/8.26.9/jw"},"priority":100001},{"id":56479,"action":{"type":"allow"},"condition":{"urlFilter":"||anime47.one/ads/v/8.26.9/translations"},"priority":100001},{"id":56529,"action":{"type":"allow"},"condition":{"urlFilter":"||cdnjs.cloudflare.com/ajax/libs/videojs-contrib-ads/6.0.0/videojs-contrib-ads.js","initiatorDomains":["sctvonline.vn"],"resourceTypes":["script"]},"priority":100301},{"id":56663,"action":{"type":"allow"},"condition":{"urlFilter":"||contextual.media.net/dmedianet.js","initiatorDomains":["azrom.net"]},"priority":100201},{"id":56738,"action":{"type":"allow"},"condition":{"urlFilter":"||googleads.g.doubleclick.net/pagead/","initiatorDomains":["cungthi.online","romgoc.net"]},"priority":100151},{"id":56831,"action":{"type":"allow"},"condition":{"urlFilter":"||imasdk.googleapis.com^","initiatorDomains":["vieon.vn","fptplay.vn","24h.com.vn","game24h.vn","sctvonline.vn","danet.vn","vtvgo.vn"],"resourceTypes":["script","xmlhttprequest"]},"priority":100191},{"id":56977,"action":{"type":"allow"},"condition":{"urlFilter":"||media.nghean24h.vn/image_resize","initiatorDomains":["nghean24h.vn"],"resourceTypes":["image"]},"priority":100301},{"id":57062,"action":{"type":"allow"},"condition":{"urlFilter":"||media1.admicro.vn/cms/","initiatorDomains":["tuoitre.vn"],"resourceTypes":["script"]},"priority":100301},{"id":57136,"action":{"type":"allow"},"condition":{"urlFilter":"||on-web-cdn.gviet.vn/public/js/player/ads/ima3.js","initiatorDomains":["vtvcab.vn"],"resourceTypes":["script"]},"priority":100301},{"id":57235,"action":{"type":"allow"},"condition":{"urlFilter":"||pagead2.googlesyndication.com^","initiatorDomains":["thuthuatmeovat.net","kites.vn","phuongtrinhhoahoc.com","letrongdai.vn","romgoc.net","traderviet.tv","sum.vn","truyenaudiocv.org","1shortlink.com","thelanb.com","cungthi.online","lehait.net","nhacsong.pro","kientruc360.info","giavang.net","vnjpclub.com","753x.blogspot.com","ngohoanganhtuan.com","ngohoanganhtuan.net","vungoctuan.vn","ichi.pro","gocmod.com","tromcap.com","dafontvn.com","www.gvnvh.net","sesenblog.com","filess.us","xaydungplus.com","nguonhd.net","anhdep24.com","windowslite.net","tiengnhatdongian.com","quangcaoyenbai.com","ios.codevn.net","traffic1s.com","audiotruyenfull.com","minhpc.com","vongquaymayman.one","toilaquantri.com","diendancauduong.com","taisachonthi.com","mifirm.net","web1s.com","anonyviet.com","4g.tintuc247.top","web1s.asia","vanhoatamlinh.com","kiemtien247.net","khotailieuonthi247.com","ipacrack.com","duan24h.net","www.iosviet.com","hoctoan123.com","yhocdata.com","ycongnghe.com","imail.edu.vn","thitotnghiepthpt.vn","mod.lnpchannel.com","handydecor.com.vn","apkmoddone.phongroblox.com","chuyenreview.net"],"resourceTypes":["script","image","xmlhttprequest"]},"priority":100170},{"id":58249,"action":{"type":"allow"},"condition":{"urlFilter":"||player.sohatv.vn/resource/","initiatorDomains":["cafef.vn","gamek.vn","genk.vn","kenh14.vn","thanhnien.vn"],"resourceTypes":["script"]},"priority":100221},{"id":58365,"action":{"type":"allow"},"condition":{"urlFilter":"||securepubads.g.doubleclick.net/tag/js/gpt.js","initiatorDomains":["handydecor.com.vn"],"resourceTypes":["script"]},"priority":100301},{"id":58468,"action":{"type":"allow"},"condition":{"urlFilter":"||services.vlitag.com^","initiatorDomains":["game24h.vn"],"resourceTypes":["script","xmlhttprequest"]},"priority":100276},{"id":58549,"action":{"type":"allow"},"condition":{"urlFilter":"||static.ads-twitter.com/uwt.js","initiatorDomains":["linkneverdie.net","linkneverdie.top","linkneverdie2.com"],"resourceTypes":["script"]},"priority":100235},{"id":58671,"action":{"type":"allow"},"condition":{"urlFilter":"||static.amcdn.vn/tka/cdn.js","initiatorDomains":["genk.vn"],"resourceTypes":["script"]},"priority":100301},{"id":58746,"action":{"type":"allow"},"condition":{"urlFilter":"||static.doubleclick.net/instream/ad_status.js","initiatorDomains":["handydecor.com.vn"],"resourceTypes":["xmlhttprequest"]},"priority":100301},{"id":58849,"action":{"type":"allow"},"condition":{"urlFilter":"||tpc.googlesyndication.com/sodar/sodar2.js","initiatorDomains":["cungthi.online"]},"priority":100201},{"id":58937,"action":{"type":"allow"},"condition":{"urlFilter":"||vlitag.com/vli-assets/prebid/","initiatorDomains":["game24h.vn"],"resourceTypes":["script"]},"priority":100301},{"id":59018,"action":{"type":"allow"},"condition":{"urlFilter":"||voz.vn/u/adx.","resourceTypes":["xmlhttprequest"]},"priority":100101},{"id":59059,"action":{"type":"allow"},"condition":{"urlFilter":"||www3.doubleclick.net^","initiatorDomains":["the.tube"],"resourceTypes":["xmlhttprequest"]},"priority":100301},{"id":59130,"action":{"type":"allow"},"condition":{"urlFilter":"||xahoingaynay.com.vn/upload/20989/20200817/Asset_2_8x_9596af5d4e.png","domainType":"firstParty"},"priority":100002},{"id":61137,"action":{"type":"block"},"condition":{"domainType":"thirdParty","initiatorDomains":["sexdiaryx.live"],"resourceTypes":["script"]},"priority":302},{"id":61342,"action":{"type":"block"},"condition":{"urlFilter":"/assets/js/vast.js","excludedInitiatorDomains":["phevkl.vin","viet69.digital"],"resourceTypes":["script"]},"priority":102},{"id":61427,"action":{"type":"block"},"condition":{"urlFilter":"/player/vast.js","resourceTypes":["script"]},"priority":101},{"id":61468,"action":{"type":"block"},"condition":{"urlFilter":"/theme/custom.int.js","initiatorDomains":["phimsexvietnam.app","gm.phimsexnhanh.tv","clipsex.cam","ww1.ditnhau.cc"],"resourceTypes":["script"]},"priority":226},{"id":61592,"action":{"type":"block"},"condition":{"urlFilter":"/wp-content/uploads/*.gif","initiatorDomains":["tuoi69.love","tuoinungvn.com","teletiengviet.com","phevkl.vin","viet69.digital"],"resourceTypes":["image"]},"priority":221},{"id":61727,"action":{"type":"allow"},"condition":{"urlFilter":"||pagead2.googlesyndication.com^","initiatorDomains":["www.gaingon18.me"]},"priority":100201},{"id":61806,"action":{"type":"block"},"condition":{"urlFilter":"||ads.6789live.com^"},"priority":1},{"id":61836,"action":{"type":"block"},"condition":{"urlFilter":"||anhgaixinh.online^*.webp","resourceTypes":["image"]},"priority":101},{"id":61888,"action":{"type":"block"},"condition":{"urlFilter":"||blogger.googleusercontent.com^*.gif","initiatorDomains":["www.gvnvh.net"],"resourceTypes":["image"]},"priority":301},{"id":61978,"action":{"type":"block"},"condition":{"urlFilter":"||cdn-01.w3img.com^*.gif","initiatorDomains":["phimsexvl69.net","vlxxai.net","sexsoc.info"],"resourceTypes":["image"]},"priority":235},{"id":62080,"action":{"type":"block"},"condition":{"urlFilter":"||cdn.adxcontent.com^"},"priority":1},{"id":62112,"action":{"type":"block"},"condition":{"urlFilter":"||cdn.javbabe.net^","resourceTypes":["sub_frame"]},"priority":101},{"id":62237,"action":{"type":"block"},"condition":{"urlFilter":"||cliphot69.homes^*.gif","resourceTypes":["image"]},"priority":101},{"id":62286,"action":{"type":"block"},"condition":{"urlFilter":"||cliphotvn69.com^*.gif","resourceTypes":["image"]},"priority":101},{"id":62335,"action":{"type":"block"},"condition":{"urlFilter":"||clipsexsub3x.net^*.gif","resourceTypes":["image"]},"priority":101},{"id":62385,"action":{"type":"block"},"condition":{"urlFilter":"||cloufdlare.com/ads/vn1.html","initiatorDomains":["vl.phe.to"],"resourceTypes":["sub_frame"]},"priority":301},{"id":62463,"action":{"type":"block"},"condition":{"urlFilter":"||demo123.info/*ads/","initiatorDomains":["phim.sexxsub.pro"],"resourceTypes":["image"]},"priority":301},{"id":62539,"action":{"type":"block"},"condition":{"urlFilter":"||discordapp.","initiatorDomains":["phym18.lol","phim18vip.vip","thefaplive.com","phimsexsub.help"],"resourceTypes":["image"]},"priority":226},{"id":62647,"action":{"type":"block"},"condition":{"urlFilter":"||i.ibb.co^*.gif","initiatorDomains":["javnong.cc"],"resourceTypes":["image"]},"priority":301},{"id":62713,"action":{"type":"block"},"condition":{"urlFilter":"||i.imgur.com^","initiatorDomains":["phym18.lol","phim18hd.cam","xamvn.golf"],"resourceTypes":["image"]},"priority":235},{"id":62801,"action":{"type":"redirect","redirect":{"extensionPath":"/web-accessible-resources/redirects/noopmp3.mp3"}},"condition":{"urlFilter":"||i2.vlstorage.com/da88_1080p.mp4","initiatorDomains":["phevkl.vin","viet69.digital"]},"priority":1151},{"id":62904,"action":{"type":"block"},"condition":{"urlFilter":"||i9zk5f8szj4x8saj5wcks8acja5sk1dz8stjs2g8isdcn6ejxn8zsr5xjs5h.com^"},"priority":1},{"id":62982,"action":{"type":"block"},"condition":{"urlFilter":"||img.congdongmassage.com/banner/","initiatorDomains":["congdongmassage.com"],"resourceTypes":["image"]},"priority":301},{"id":63074,"action":{"type":"block"},"condition":{"urlFilter":"||imgcdn.henho24h.net/images/","initiatorDomains":["phimxxx.ai"],"resourceTypes":["image"]},"priority":301},{"id":63153,"action":{"type":"block"},"condition":{"urlFilter":"||javtopxx.com^*.gif","resourceTypes":["image"]},"priority":101},{"id":63199,"action":{"type":"block"},"condition":{"urlFilter":"||lxmanga.sbs/storage/images/banners"},"priority":1},{"id":63327,"action":{"type":"block"},"condition":{"urlFilter":"||mneydirec.com^"},"priority":1},{"id":63354,"action":{"type":"block"},"condition":{"urlFilter":"||mwejhobumo.com^"},"priority":1},{"id":63382,"action":{"type":"block"},"condition":{"urlFilter":"||ngaytho.me^*.gif"},"priority":1},{"id":63411,"action":{"type":"block"},"condition":{"urlFilter":"||phim.gaisexvl.pro^*.gif","initiatorDomains":["phim.gaisexvl.pro"],"resourceTypes":["image"]},"priority":301},{"id":63493,"action":{"type":"block"},"condition":{"urlFilter":"||phimsexsub.ch/wp-admin/admin-ajax.php?action=htmlcountry_get_data"},"priority":1},{"id":63571,"action":{"type":"block"},"condition":{"urlFilter":"||phimsexsub.ch^*.gif","resourceTypes":["image"]},"priority":101},{"id":63618,"action":{"type":"block"},"condition":{"urlFilter":"||phym18.lol/static/js/adlia.js"},"priority":1},{"id":63660,"action":{"type":"block"},"condition":{"urlFilter":"||play.stream4.me/jwplayer/vast.js","initiatorDomains":["play.stream4.me"],"resourceTypes":["script"]},"priority":301},{"id":63749,"action":{"type":"block"},"condition":{"urlFilter":"||qcvip.xyz^","initiatorDomains":["phevkl.vin","viet69.digital"],"resourceTypes":["script"]},"priority":251},{"id":63826,"action":{"type":"block"},"condition":{"urlFilter":"||quatvn.pet/ads.js","resourceTypes":["script"]},"priority":101},{"id":63871,"action":{"type":"block"},"condition":{"urlFilter":"||quoracdn.net^","initiatorDomains":["vlxx.xxx","xemsex.co","phevkl.vin","viet69.digital","phim18vip.vip","thiendia.vin","pheclipsexviet.com","phim.gaisexvl.pro","sexhihizz.com","sieudamsexvn.com","fulllivehot.live"],"resourceTypes":["image"]},"priority":211},{"id":64083,"action":{"type":"block"},"condition":{"urlFilter":"||rphang.online^*.gif"},"priority":1},{"id":64115,"action":{"type":"block"},"condition":{"urlFilter":"||sayhentai.ink/assets/js/ads.js"},"priority":1},{"id":64158,"action":{"type":"block"},"condition":{"urlFilter":"||sayhentai.ink/storage/images/banner/","resourceTypes":["image"]},"priority":101},{"id":64300,"action":{"type":"block"},"condition":{"urlFilter":"||sexhd88.club/wp-content/themes/vidorev/img/jun881.png","resourceTypes":["image"]},"priority":101},{"id":64381,"action":{"type":"block"},"condition":{"urlFilter":"||sexhd88.club^*.gif","resourceTypes":["image"]},"priority":101},{"id":64427,"action":{"type":"block"},"condition":{"urlFilter":"||sieukhung.meme^*.gif","resourceTypes":["image"]},"priority":101},{"id":64475,"action":{"type":"block"},"condition":{"urlFilter":"||static.stream68.cloud/candy/image/*.gif","initiatorDomains":["themphotv.net"],"resourceTypes":["image"]},"priority":301},{"id":64569,"action":{"type":"block"},"condition":{"urlFilter":"||static.stream68.cloud/candy/image/1280X274","initiatorDomains":["themphotv.net"],"resourceTypes":["image"]},"priority":301},{"id":64666,"action":{"type":"block"},"condition":{"urlFilter":"||static.stream68.cloud/candy/video/","initiatorDomains":["themphotv.net"]},"priority":201},{"id":64746,"action":{"type":"block"},"condition":{"urlFilter":"||telegra.ph/file/","initiatorDomains":["cliphot69.pics"],"resourceTypes":["image"]},"priority":301},{"id":64818,"action":{"type":"block"},"condition":{"urlFilter":"||top1phimsex.com^*.gif","resourceTypes":["image"]},"priority":101},{"id":64867,"action":{"type":"block"},"condition":{"urlFilter":"||truyen18.fun/media/abc/","resourceTypes":["image"]},"priority":101},{"id":64918,"action":{"type":"block"},"condition":{"urlFilter":"||truyen18.fun/media/banner/","resourceTypes":["image"]},"priority":101},{"id":64972,"action":{"type":"block"},"condition":{"urlFilter":"||truyensextv.com/anh/","resourceTypes":["image"]},"priority":101},{"id":65020,"action":{"type":"block"},"condition":{"urlFilter":"||truyensextv.com^*.gif"},"priority":1},{"id":65054,"action":{"type":"block"},"condition":{"urlFilter":"||truyenvn.nl^*banner","resourceTypes":["image"]},"priority":101},{"id":65101,"action":{"type":"block"},"condition":{"urlFilter":"||uimg.buomtv.io/palivn/ad/","initiatorDomains":["www.buomtv.xyz"],"resourceTypes":["image"]},"priority":301},{"id":65182,"action":{"type":"block"},"condition":{"urlFilter":"||xamer.xyz/styles/file/","resourceTypes":["image"]},"priority":101},{"id":65232,"action":{"type":"block"},"condition":{"urlFilter":"||xfast.sbs/media/","initiatorDomains":["fullcliphot.com"],"resourceTypes":["image"]},"priority":301},{"id":65305,"action":{"type":"block"},"condition":{"urlFilter":"||xnhau.blog^","initiatorDomains":["xnhau.fm"],"resourceTypes":["media"]},"priority":301},{"id":65366,"action":{"type":"block"},"condition":{"urlFilter":"||yr.fopbandido.com^"},"priority":1},{"id":330,"action":{"type":"block"},"condition":{"regexFilter":"^https:\\/\\/[a-z]{3,}\\.com\\/$","domainType":"thirdParty","resourceTypes":["xmlhttprequest"]},"priority":102},{"id":61200,"action":{"type":"block"},"condition":{"regexFilter":"^https:\\/\\/[a-z]{8,12}\\.com\\/en\\/(?:[a-z]{2,5}\\/){0,2}[a-z]{2,}\\?(?:[a-z]+=(?:\\d+|[a-z]+)&)*?id=[12]\\d{6}","domainType":"thirdParty","resourceTypes":["script"]},"priority":102}]