[{"id":5,"action":{"type":"block"},"condition":{"urlFilter":".com/bannery/"},"priority":1},{"id":29,"action":{"type":"block"},"condition":{"urlFilter":".cz/ads/"},"priority":1},{"id":48,"action":{"type":"block"},"condition":{"urlFilter":".cz/BAN/"},"priority":1},{"id":67,"action":{"type":"block"},"condition":{"urlFilter":".cz/banners/"},"priority":1},{"id":90,"action":{"type":"block"},"condition":{"urlFilter":".cz/bannery_"},"priority":1},{"id":113,"action":{"type":"block"},"condition":{"urlFilter":".cz/img/banner"},"priority":1},{"id":138,"action":{"type":"block"},"condition":{"urlFilter":".etargetnet."},"priority":1},{"id":161,"action":{"type":"block"},"condition":{"urlFilter":".sk/img/banner"},"priority":1},{"id":186,"action":{"type":"block"},"condition":{"urlFilter":"/amalker/pos/mag_ads.js"},"priority":1},{"id":220,"action":{"type":"block"},"condition":{"urlFilter":"/cron.php?rand="},"priority":1},{"id":246,"action":{"type":"block"},"condition":{"urlFilter":"/emonitor."},"priority":1},{"id":267,"action":{"type":"block"},"condition":{"urlFilter":"/komercni-sdeleni/*"},"priority":1},{"id":297,"action":{"type":"block"},"condition":{"urlFilter":"/push-ads."},"priority":1},{"id":318,"action":{"type":"block"},"condition":{"urlFilter":"/reklama_"},"priority":1},{"id":338,"action":{"type":"block"},"condition":{"urlFilter":"/reklamne-"},"priority":1},{"id":359,"action":{"type":"block"},"condition":{"urlFilter":"*.war-forum.net/images/sh/"},"priority":1},{"id":398,"action":{"type":"block"},"condition":{"urlFilter":"||1gr.cz/js/uni/oldback/logo.png","initiatorDomains":["idnes.cz"],"resourceTypes":["script"]},"priority":301},{"id":478,"action":{"type":"block"},"condition":{"urlFilter":"||1.im.cz/ad/","resourceTypes":["image"]},"priority":101},{"id":517,"action":{"type":"block"},"condition":{"urlFilter":"||1.im.cz/ad/gemius.js"},"priority":1},{"id":550,"action":{"type":"block"},"condition":{"urlFilter":"||a.blesk.cz^"},"priority":1},{"id":574,"action":{"type":"block"},"condition":{"urlFilter":"||a.centrum.cz^"},"priority":1},{"id":600,"action":{"type":"block"},"condition":{"urlFilter":"||a.csfd.cz^"},"priority":1},{"id":623,"action":{"type":"block"},"condition":{"urlFilter":"||a.denik.cz^"},"priority":1},{"id":647,"action":{"type":"block"},"condition":{"urlFilter":"||alkoholik.cz/zavislost/images/banners/"},"priority":1},{"id":698,"action":{"type":"block"},"condition":{"urlFilter":"||api-exponea.o2.cz^"},"priority":1},{"id":729,"action":{"type":"block"},"condition":{"urlFilter":"||bannery.ccb.cz^"},"priority":1},{"id":757,"action":{"type":"block"},"condition":{"urlFilter":"||bannery.navratdoreality.cz^"},"priority":1},{"id":797,"action":{"type":"block"},"condition":{"urlFilter":"||bcastgw.livebox.cz/TA3_VOD_COM/"},"priority":1},{"id":841,"action":{"type":"block"},"condition":{"urlFilter":"||c.seznam.cz^"},"priority":1},{"id":866,"action":{"type":"block"},"condition":{"urlFilter":"||cdr.cz/sites/default/files/_cdr_branding/branding.jpg"},"priority":1},{"id":932,"action":{"type":"block"},"condition":{"urlFilter":"||cdn.cpex.cz^"},"priority":1},{"id":957,"action":{"type":"block"},"condition":{"urlFilter":"||cdn.dopc.cz/adb","resourceTypes":["xmlhttprequest"]},"priority":101},{"id":1000,"action":{"type":"block"},"condition":{"urlFilter":"||cviceni-doma.cz/images/*banner"},"priority":1},{"id":1043,"action":{"type":"block"},"condition":{"urlFilter":"||diit.cz/sites/default/files/_cdr_branding/branding.jpg"},"priority":1},{"id":1110,"action":{"type":"block"},"condition":{"urlFilter":"||digitalnitelevize.cz/obrazky/reklamni_odkazy/"},"priority":1},{"id":1168,"action":{"type":"block"},"condition":{"urlFilter":"||drbna.cz/templates/drbna-2019/modal/modal.js","resourceTypes":["script"]},"priority":101},{"id":1240,"action":{"type":"block"},"condition":{"urlFilter":"||espoluprace.cz/affiliate/"},"priority":1},{"id":1278,"action":{"type":"block"},"condition":{"urlFilter":"||fdb.cz/ad/"},"priority":1},{"id":1301,"action":{"type":"block"},"condition":{"urlFilter":"||filmporno.cz/media/banners/"},"priority":1},{"id":1341,"action":{"type":"block"},"condition":{"urlFilter":"||hcdukla.cz/adds/"},"priority":1},{"id":1370,"action":{"type":"block"},"condition":{"urlFilter":"||hcmotor.cz/adds/"},"priority":1},{"id":1399,"action":{"type":"block"},"condition":{"urlFilter":"||hcorli.cz/img/hokejcz/banner_hokejcz.png"},"priority":1},{"id":1452,"action":{"type":"block"},"condition":{"urlFilter":"||hd-forum.cz/images/banner/"},"priority":1},{"id":1491,"action":{"type":"block"},"condition":{"urlFilter":"||hd-forum.cz/images/sberbank.jpg"},"priority":1},{"id":1535,"action":{"type":"block"},"condition":{"urlFilter":"||heureka.cz/direct/bannery/"},"priority":1},{"id":1574,"action":{"type":"block"},"condition":{"urlFilter":"horoskopy.cz/*/static/js/ssp.js?szn_loader=1"},"priority":1},{"id":1629,"action":{"type":"block"},"condition":{"urlFilter":"||im9.cz/*aukro"},"priority":1},{"id":1655,"action":{"type":"block"},"condition":{"urlFilter":"||img.cdnprg.webtea.cz/web/pozadi_webu_mc.jpg"},"priority":1},{"id":1711,"action":{"type":"block"},"condition":{"urlFilter":"||jiskra-benesov.cz/images/branding/"},"priority":1},{"id":1758,"action":{"type":"block"},"condition":{"urlFilter":"||jiskra-benesov.cz/webloader/jsloader-*.js"},"priority":1},{"id":1812,"action":{"type":"block"},"condition":{"urlFilter":"||js.tipcars.com/js/*/_view/amalker/amalker.js"},"priority":1},{"id":1869,"action":{"type":"block"},"condition":{"urlFilter":"||kurzy.cz/e/adv?"},"priority":1},{"id":1897,"action":{"type":"block"},"condition":{"urlFilter":"||img.kurzy.cz/og"},"priority":1},{"id":1925,"action":{"type":"block"},"condition":{"urlFilter":"||kurzy.cz/l/s_back.js"},"priority":1},{"id":1958,"action":{"type":"block"},"condition":{"urlFilter":"||img.kurzy.cz/block/"},"priority":1},{"id":2157,"action":{"type":"allow"},"condition":{"urlFilter":"img.kurzy.cz/ban/ad_ads_advert_advertisement_adform_pub_300x250.png"},"priority":100001},{"id":2235,"action":{"type":"block"},"condition":{"urlFilter":"||lamer.cz/images/bg*.jpg"},"priority":1},{"id":2271,"action":{"type":"block"},"condition":{"urlFilter":"||letemsvetemapplem.eu/*/alzafeed_cached_js.php"},"priority":1},{"id":2329,"action":{"type":"block"},"condition":{"urlFilter":"||liveagent.mobilbonus.cz^"},"priority":1},{"id":2366,"action":{"type":"block"},"condition":{"urlFilter":"||lphard.cz/images/banners/"},"priority":1},{"id":2404,"action":{"type":"block"},"condition":{"urlFilter":"||mamincinyrecepty.cz/images/banner"},"priority":1},{"id":2450,"action":{"type":"block"},"condition":{"urlFilter":"||mediatn.cms.nova.cz/robots.txt","resourceTypes":["xmlhttprequest"]},"priority":101},{"id":2508,"action":{"type":"block"},"condition":{"urlFilter":"||motorkari.cz^","resourceTypes":["sub_frame"]},"priority":101},{"id":2549,"action":{"type":"block"},"condition":{"urlFilter":"||mrk.cz/images/inz/"},"priority":1},{"id":2580,"action":{"type":"block"},"condition":{"urlFilter":"||pornuj.cz/files/ntva.php"},"priority":1},{"id":2617,"action":{"type":"block"},"condition":{"urlFilter":"||presentation.lmc.cz/aliance/"},"priority":1},{"id":2658,"action":{"type":"block"},"condition":{"urlFilter":"||prvnizpravy.cz/repository/banner"},"priority":1},{"id":2703,"action":{"type":"block"},"condition":{"urlFilter":"||report.seznamzpravy.cz^"},"priority":1},{"id":2739,"action":{"type":"block"},"condition":{"urlFilter":"||report.sport.cz^"},"priority":1},{"id":2768,"action":{"type":"block"},"condition":{"urlFilter":"||rfapi.digicon.cz/img/listovacky-cross/enigmaplus.cz.js","resourceTypes":["script"]},"priority":101},{"id":2850,"action":{"type":"block"},"condition":{"urlFilter":"||romea.cz/images/servis/banner"},"priority":1},{"id":2892,"action":{"type":"block"},"condition":{"urlFilter":"||ronnie.cz/cache/bannery/"},"priority":1},{"id":2929,"action":{"type":"block"},"condition":{"urlFilter":"||sauto.cz/*/v1/xhr"},"priority":1},{"id":2959,"action":{"type":"block"},"condition":{"urlFilter":"||sbazar.cz/*/v1/xhr"},"priority":1},{"id":2990,"action":{"type":"block"},"condition":{"urlFilter":"||sktorrent.eu/torrent/interstitial.js"},"priority":1},{"id":3039,"action":{"type":"block"},"condition":{"urlFilter":"||ssp.seznam.cz^"},"priority":1},{"id":3066,"action":{"type":"block"},"condition":{"urlFilter":"||stat.novinky.cz^"},"priority":1},{"id":3095,"action":{"type":"block"},"condition":{"urlFilter":"||stat.super.cz^"},"priority":1},{"id":3122,"action":{"type":"block"},"condition":{"urlFilter":"||stobklub.cz/images/banners/maintop.jpg"},"priority":1},{"id":3173,"action":{"type":"block"},"condition":{"urlFilter":"titulky.com/banaltr/"},"priority":1},{"id":3204,"action":{"type":"block"},"condition":{"urlFilter":"titulky.com/ajaxlogon.php"},"priority":1},{"id":3240,"action":{"type":"block"},"condition":{"urlFilter":"||tracker.cncenter.cz^"},"priority":1},{"id":3273,"action":{"type":"block"},"condition":{"urlFilter":"||uschovna.cz/branding"},"priority":1},{"id":3306,"action":{"type":"block"},"condition":{"urlFilter":"||vascak.cz/data/img/adblock.png","resourceTypes":["image"]},"priority":101},{"id":3364,"action":{"type":"block"},"condition":{"urlFilter":"||videoad.cz^"},"priority":1},{"id":3388,"action":{"type":"block"},"condition":{"urlFilter":"warcenter.cz/interstitial_fs.js"},"priority":1},{"id":3430,"action":{"type":"block"},"condition":{"urlFilter":"||wesa.cz/banner/"},"priority":1},{"id":3458,"action":{"type":"block"},"condition":{"urlFilter":"*/wp-content/plugins/wp-content-copy-protection/assets/js/script.min.js","initiatorDomains":["rozbor-dila.cz","rozbor-dila.eu","rozborknihy.cz","studijni-svet.cz","ekonomie-ucetnictvi.cz","biologie-chemie.cz","anglictina-maturita.cz"]},"priority":116},{"id":3688,"action":{"type":"block"},"condition":{"urlFilter":"*/wp-content/plugins/wp-content-copy-protection/assets/css/style.min.css","initiatorDomains":["rozbor-dila.cz","rozbor-dila.eu","rozborknihy.cz","studijni-svet.cz","ekonomie-ucetnictvi.cz","biologie-chemie.cz","anglictina-maturita.cz"]},"priority":116},{"id":3919,"action":{"type":"block"},"condition":{"urlFilter":"||zkouknito.cz/js/js.htmlad.js"},"priority":1},{"id":3960,"action":{"type":"block"},"condition":{"urlFilter":"||zvukarina.cz/forum/images/ostatni/"},"priority":1},{"id":4007,"action":{"type":"block"},"condition":{"urlFilter":"||0af2a962b0102942d9a7df351b20be55.com^"},"priority":1},{"id":4057,"action":{"type":"block"},"condition":{"urlFilter":"||adb.azet.sk^"},"priority":1},{"id":4082,"action":{"type":"block"},"condition":{"urlFilter":"||api-exponea.o2.sk^"},"priority":1},{"id":4113,"action":{"type":"block"},"condition":{"urlFilter":"||autobazar.eu/__branding/"},"priority":1},{"id":4150,"action":{"type":"block"},"condition":{"urlFilter":"||bannersector.sector.sk^"},"priority":1},{"id":4186,"action":{"type":"block"},"condition":{"urlFilter":"||bmwklub.sk/images/banners/"},"priority":1},{"id":4225,"action":{"type":"block"},"condition":{"urlFilter":"||eduself.sk/public/js/prebid-ads.js","resourceTypes":["script"]},"priority":1000101},{"id":4296,"action":{"type":"block"},"condition":{"urlFilter":"||flirtkontakt.sk/previews/banner*.jpg"},"priority":1},{"id":4345,"action":{"type":"block"},"condition":{"urlFilter":"||fony.sk/content/banners/"},"priority":1},{"id":4382,"action":{"type":"block"},"condition":{"urlFilter":"||funnyburger.sk/js/anti-theft-system.js","resourceTypes":["script"]},"priority":101},{"id":4448,"action":{"type":"block"},"condition":{"urlFilter":"||hojko.com/images/banner*.gif"},"priority":1},{"id":4489,"action":{"type":"block"},"condition":{"urlFilter":"||image.sector.sk^"},"priority":1},{"id":4518,"action":{"type":"block"},"condition":{"urlFilter":"||img.zoznam.sk/adimages/"},"priority":1},{"id":4554,"action":{"type":"block"},"condition":{"urlFilter":"||mhdba.eu/banerova-reklama-animacia.gif"},"priority":1},{"id":4605,"action":{"type":"block"},"condition":{"urlFilter":"||michalovskespravy.sk/files/a57xq6rhr5uuzzyf.gif"},"priority":1},{"id":4665,"action":{"type":"block"},"condition":{"urlFilter":"||mojanitra.sk/banery/"},"priority":1},{"id":4698,"action":{"type":"block"},"condition":{"urlFilter":"||mojanitra.sk//images/banery/"},"priority":1},{"id":4739,"action":{"type":"block"},"condition":{"urlFilter":"||ourphorum.com/images/banner"},"priority":1},{"id":4779,"action":{"type":"block"},"condition":{"urlFilter":"||pricemania.sk/pictures/banners/"},"priority":1},{"id":4823,"action":{"type":"block"},"condition":{"urlFilter":"||pricemania.sk/pictures/campaigns/"},"priority":1},{"id":4869,"action":{"type":"block"},"condition":{"urlFilter":"programujte.com/img/pozadi_2024.jpg"},"priority":1},{"id":4915,"action":{"type":"block"},"condition":{"urlFilter":"||radia.sk/_uputavky/","resourceTypes":["sub_frame"]},"priority":101},{"id":4962,"action":{"type":"block"},"condition":{"urlFilter":"||radia.sk/scripts/ads.js"},"priority":1},{"id":4998,"action":{"type":"block"},"condition":{"urlFilter":"||recycle.zoznam.sk/get.fcgi"},"priority":1},{"id":5037,"action":{"type":"block"},"condition":{"urlFilter":"||recycle-static.zoznam.sk/*.mp4"},"priority":1},{"id":5080,"action":{"type":"block"},"condition":{"urlFilter":"||rtvs.sk/bs/xml/vast.xml"},"priority":1},{"id":5116,"action":{"type":"block"},"condition":{"urlFilter":"||rtvs.sk/bs/xml/vmap.xml"},"priority":1},{"id":5152,"action":{"type":"block"},"condition":{"urlFilter":"||sector.sk/a/"},"priority":1},{"id":5177,"action":{"type":"block"},"condition":{"urlFilter":"||ta3.com/api/v1/livebox/video/"},"priority":1},{"id":5219,"action":{"type":"block"},"condition":{"urlFilter":"||waaw.*/js/script_33.10.js?16","resourceTypes":["script"]},"priority":101},{"id":5275,"action":{"type":"block"},"condition":{"urlFilter":"||zn.sk/galeria/"},"priority":1},{"id":5302,"action":{"type":"block"},"condition":{"urlFilter":"*.livebox.cz/TA3_VOD_COM","domainType":"thirdParty"},"priority":2},{"id":5354,"action":{"type":"block"},"condition":{"urlFilter":"||001shop.cz^","domainType":"thirdParty"},"priority":2},{"id":5393,"action":{"type":"block"},"condition":{"urlFilter":"||10.im.cz^","domainType":"thirdParty"},"priority":2},{"id":5430,"action":{"type":"block"},"condition":{"urlFilter":"||ad.autobazar.cz^","domainType":"thirdParty"},"priority":2},{"id":5474,"action":{"type":"block"},"condition":{"urlFilter":"||ad.citynet.cz^","domainType":"thirdParty"},"priority":2},{"id":5516,"action":{"type":"block"},"condition":{"urlFilter":"||ad.czechia.com^","domainType":"thirdParty"},"priority":2},{"id":5559,"action":{"type":"block"},"condition":{"urlFilter":"||ad.eva.cz^","domainType":"thirdParty"},"priority":2},{"id":5597,"action":{"type":"block"},"condition":{"urlFilter":"||ad.seznam.cz^","domainType":"thirdParty"},"priority":2},{"id":5638,"action":{"type":"block"},"condition":{"urlFilter":"||ad.surtep.cz^","domainType":"thirdParty"},"priority":2},{"id":5679,"action":{"type":"block"},"condition":{"urlFilter":"||ad1.kde.cz^","domainType":"thirdParty"},"priority":2},{"id":5718,"action":{"type":"block"},"condition":{"urlFilter":"||adexpert.cz^","domainType":"thirdParty"},"priority":2},{"id":5758,"action":{"type":"block"},"condition":{"urlFilter":"||adform.net^","domainType":"thirdParty"},"priority":2},{"id":5797,"action":{"type":"block"},"condition":{"urlFilter":"||ads.cars.cz^","domainType":"thirdParty"},"priority":2},{"id":5837,"action":{"type":"block"},"condition":{"urlFilter":"||ads.esports.cz^","domainType":"thirdParty"},"priority":2},{"id":5880,"action":{"type":"block"},"condition":{"urlFilter":"||adverts.cz^","domainType":"thirdParty"},"priority":2},{"id":5919,"action":{"type":"block"},"condition":{"urlFilter":"||automodul.cz^","domainType":"thirdParty"},"priority":2},{"id":5960,"action":{"type":"block"},"condition":{"urlFilter":"||ban.tipsport.cz^","domainType":"thirdParty"},"priority":2},{"id":6004,"action":{"type":"block"},"condition":{"urlFilter":"||banan.cz^","domainType":"thirdParty"},"priority":2},{"id":6041,"action":{"type":"block"},"condition":{"urlFilter":"||banner.ifortuna.cz^","domainType":"thirdParty"},"priority":2},{"id":6088,"action":{"type":"block"},"condition":{"urlFilter":"||banners.onebit.cz^","domainType":"thirdParty"},"priority":2},{"id":6134,"action":{"type":"block"},"condition":{"urlFilter":"||chrek.stdout.cz^","domainType":"thirdParty"},"priority":2},{"id":6178,"action":{"type":"block"},"condition":{"urlFilter":"||d.vvbox.cz^","domainType":"thirdParty"},"priority":2},{"id":6217,"action":{"type":"block"},"condition":{"urlFilter":"||d.wedosas.net^","domainType":"thirdParty"},"priority":2},{"id":6259,"action":{"type":"block"},"condition":{"urlFilter":"||data.itiscali.cz^","domainType":"thirdParty"},"priority":2},{"id":6304,"action":{"type":"block"},"condition":{"urlFilter":"||decp.cmscore.cz^","domainType":"thirdParty"},"priority":2},{"id":6348,"action":{"type":"block"},"condition":{"urlFilter":"||dev.youcan.cz^","domainType":"thirdParty"},"priority":2},{"id":6390,"action":{"type":"block"},"condition":{"urlFilter":"||dot.idot.cz^","domainType":"thirdParty"},"priority":2},{"id":6430,"action":{"type":"block"},"condition":{"urlFilter":"||ecigareta.eu^","domainType":"thirdParty"},"priority":2},{"id":6471,"action":{"type":"block"},"condition":{"urlFilter":"||ehub.cz^","domainType":"thirdParty"},"priority":2},{"id":6507,"action":{"type":"block"},"condition":{"urlFilter":"||fastshare.cloud^","domainType":"thirdParty"},"priority":2},{"id":6551,"action":{"type":"block"},"condition":{"urlFilter":"||fastshare.cz^","domainType":"thirdParty"},"priority":2},{"id":6592,"action":{"type":"block"},"condition":{"urlFilter":"||graphics.stdout.cz/b:commercial","domainType":"thirdParty"},"priority":2},{"id":6651,"action":{"type":"block"},"condition":{"urlFilter":"||heureka.cz^","domainType":"thirdParty"},"priority":2},{"id":6690,"action":{"type":"block"},"condition":{"urlFilter":"||ibillboard.com^","domainType":"thirdParty"},"priority":2},{"id":6733,"action":{"type":"block"},"condition":{"urlFilter":"||idvert.cz^","domainType":"thirdParty"},"priority":2},{"id":6771,"action":{"type":"block"},"condition":{"urlFilter":"||im9.cz/*/vyrobce/*background","domainType":"thirdParty"},"priority":2},{"id":6827,"action":{"type":"block"},"condition":{"urlFilter":"||imedia.cz^","domainType":"thirdParty"},"priority":2},{"id":6865,"action":{"type":"block"},"condition":{"urlFilter":"||intext.billboard.cz^","domainType":"thirdParty"},"priority":2},{"id":6913,"action":{"type":"block"},"condition":{"urlFilter":"||intext.lookit.cz^","domainType":"thirdParty"},"priority":2},{"id":6958,"action":{"type":"block"},"condition":{"urlFilter":"||intext.wdt.cz^","domainType":"thirdParty"},"priority":2},{"id":7000,"action":{"type":"block"},"condition":{"urlFilter":"||megadarky.cz^","domainType":"thirdParty"},"priority":2},{"id":7041,"action":{"type":"block"},"condition":{"urlFilter":"||mer.stdout.cz^","domainType":"thirdParty"},"priority":2},{"id":7083,"action":{"type":"block"},"condition":{"urlFilter":"||n.hyperinzerce.cz^","domainType":"thirdParty"},"priority":2},{"id":7129,"action":{"type":"block"},"condition":{"urlFilter":"||netadvert.cz^","domainType":"thirdParty"},"priority":2},{"id":7170,"action":{"type":"block"},"condition":{"urlFilter":"||out-ng.sklik.cz^","domainType":"thirdParty"},"priority":2},{"id":7214,"action":{"type":"block"},"condition":{"urlFilter":"||out.sklik.cz^","domainType":"thirdParty"},"priority":2},{"id":7255,"action":{"type":"block"},"condition":{"urlFilter":"||performax.cz^","domainType":"thirdParty"},"priority":2},{"id":7296,"action":{"type":"block"},"condition":{"urlFilter":"||pizzamodena.cz^","domainType":"thirdParty"},"priority":2},{"id":7339,"action":{"type":"block"},"condition":{"urlFilter":"||productads.cz^","domainType":"thirdParty"},"priority":2},{"id":7381,"action":{"type":"block"},"condition":{"urlFilter":"||r.i0.cz^","domainType":"thirdParty"},"priority":2},{"id":7417,"action":{"type":"block"},"condition":{"urlFilter":"||r2b2.cz^","domainType":"thirdParty"},"priority":2},{"id":7453,"action":{"type":"block"},"condition":{"urlFilter":"||reklamy.s3.amazonaws.com^","domainType":"thirdParty"},"priority":2},{"id":7506,"action":{"type":"block"},"condition":{"urlFilter":"||rival.cz^","domainType":"thirdParty"},"priority":2},{"id":7543,"action":{"type":"block"},"condition":{"urlFilter":"||screechingstove.com^","domainType":"thirdParty"},"priority":2},{"id":7591,"action":{"type":"block"},"condition":{"urlFilter":"||sda.online-systemy.cz^","domainType":"thirdParty"},"priority":2},{"id":7641,"action":{"type":"block"},"condition":{"urlFilter":"||sda.un-42.com^","domainType":"thirdParty"},"priority":2},{"id":7683,"action":{"type":"block"},"condition":{"urlFilter":"||storage.googleapis.com/adela-hb-platform.appspot.com/","domainType":"thirdParty"},"priority":2},{"id":7764,"action":{"type":"block"},"condition":{"urlFilter":"||titulky.com^","domainType":"thirdParty"},"priority":2},{"id":7804,"action":{"type":"block"},"condition":{"urlFilter":"||trackad.cz^","domainType":"thirdParty"},"priority":2},{"id":7843,"action":{"type":"block"},"condition":{"urlFilter":"||viadata.store^","domainType":"thirdParty"},"priority":2},{"id":7885,"action":{"type":"block"},"condition":{"urlFilter":"||xzone.cz^","domainType":"thirdParty"},"priority":2},{"id":7922,"action":{"type":"block"},"condition":{"urlFilter":"||zombiezone.cz^","domainType":"thirdParty"},"priority":2},{"id":7964,"action":{"type":"block"},"condition":{"urlFilter":"||zumail.cz^","domainType":"thirdParty"},"priority":2},{"id":8002,"action":{"type":"block"},"condition":{"urlFilter":"||ban.tipsport.sk^","domainType":"thirdParty"},"priority":2},{"id":8046,"action":{"type":"block"},"condition":{"urlFilter":"||firebasestorage.googleapis.com/v0/b/tivio-dev.appspot.com/*vast*.xml","domainType":"thirdParty","initiatorDomains":["garaz.tv"]},"priority":202},{"id":8164,"action":{"type":"block"},"condition":{"urlFilter":"||heureka.sk^","domainType":"thirdParty"},"priority":2},{"id":8203,"action":{"type":"block"},"condition":{"urlFilter":"||imr.sk^","domainType":"thirdParty"},"priority":2},{"id":8238,"action":{"type":"block"},"condition":{"urlFilter":"||inclick.sk^","domainType":"thirdParty"},"priority":2},{"id":8277,"action":{"type":"block"},"condition":{"urlFilter":"||inres.uspech.sk^","domainType":"thirdParty"},"priority":2},{"id":8321,"action":{"type":"block"},"condition":{"urlFilter":"||kariera.zoznam.sk/?page=banner","domainType":"thirdParty"},"priority":2},{"id":8379,"action":{"type":"block"},"condition":{"urlFilter":"||login.dognet.sk/accounts/default1","domainType":"thirdParty"},"priority":2},{"id":8440,"action":{"type":"block"},"condition":{"urlFilter":"||netsuccess.sk^","domainType":"thirdParty"},"priority":2},{"id":8482,"action":{"type":"block"},"condition":{"urlFilter":"||partner.mrtns.eu^","domainType":"thirdParty"},"priority":2},{"id":8527,"action":{"type":"block"},"condition":{"urlFilter":"||pohodo.sk^","domainType":"thirdParty"},"priority":2},{"id":8565,"action":{"type":"block"},"condition":{"urlFilter":"||predpredaj.zoznam.sk^","domainType":"thirdParty","initiatorDomains":["cas.sk"]},"priority":202},{"id":8634,"action":{"type":"block"},"condition":{"urlFilter":"||productads.sk^","domainType":"thirdParty"},"priority":2},{"id":8676,"action":{"type":"block"},"condition":{"urlFilter":"||recycle-static.zoznam.sk^","domainType":"thirdParty"},"priority":2},{"id":8729,"action":{"type":"block"},"condition":{"urlFilter":"||robene.sk^","domainType":"thirdParty"},"priority":2},{"id":8767,"action":{"type":"block"},"condition":{"urlFilter":"||storage.googleapis.com/tivio-production.appspot.com/ads/","domainType":"thirdParty"},"priority":2},{"id":8851,"action":{"type":"block"},"condition":{"urlFilter":"||ticketportal.sk/carousels^","domainType":"thirdParty"},"priority":2},{"id":8905,"action":{"type":"block"},"condition":{"urlFilter":"||turbo.web2media.sk","domainType":"thirdParty"},"priority":2},{"id":8951,"action":{"type":"block"},"condition":{"urlFilter":"||zachej.sk^","domainType":"thirdParty"},"priority":2},{"id":8989,"action":{"type":"allow"},"condition":{"urlFilter":"*-reklama.cz"},"priority":100001},{"id":9054,"action":{"type":"allow"},"condition":{"urlFilter":"cdn.cpex.cz/cmp/v2/cpex-cmp.min.js","initiatorDomains":["hnonline.sk"]},"priority":100201},{"id":9130,"action":{"type":"allow"},"condition":{"urlFilter":"cdn.cxense.com/cx.cce.js","initiatorDomains":["hnonline.sk"]},"priority":100201},{"id":9196,"action":{"type":"allow"},"condition":{"urlFilter":"cdn.cxense.com/cx.js","initiatorDomains":["hnonline.sk"]},"priority":100201},{"id":9258,"action":{"type":"allow"},"condition":{"urlFilter":"api.cxense.com/public/widget/data","initiatorDomains":["hnonline.sk"]},"priority":100201},{"id":9333,"action":{"type":"allow"},"condition":{"urlFilter":"||decko.ceskatelevize.cz/cms/layouts/js/analytics.js","initiatorDomains":["decko.ceskatelevize.cz"],"resourceTypes":["script"]},"priority":100301},{"id":9447,"action":{"type":"allow"},"condition":{"urlFilter":"||heureka.*/crossdomain.xml"},"priority":100001},{"id":9485,"action":{"type":"allow"},"condition":{"urlFilter":"||heureka.*/direct/vyvoj-cen/"},"priority":100001},{"id":9525,"action":{"type":"allow"},"condition":{"urlFilter":"||heureka.*/ocm/sdk.js"},"priority":100001},{"id":9558,"action":{"type":"allow"},"condition":{"urlFilter":"||iboys.cz/advert-list.php"},"priority":100001},{"id":9595,"action":{"type":"allow"},"condition":{"urlFilter":"||netusers.cz/js/","initiatorDomains":["titulky.com"],"resourceTypes":["script"]},"priority":100301},{"id":9663,"action":{"type":"allow"},"condition":{"urlFilter":"||opti.cz/wp-content/uploads/*/reklama_*.jpg","resourceTypes":["image"]},"priority":100101},{"id":9733,"action":{"type":"allow"},"condition":{"urlFilter":"||optika-opti.cz/wp-content/uploads/*/reklama_*.jpg","resourceTypes":["image"]},"priority":100101},{"id":9925,"action":{"type":"allow"},"condition":{"urlFilter":"||static.cz.prg.cmestatic.com/static/cz/shared/js/advert.js","initiatorDomains":["nova.cz"]},"priority":100201},{"id":10022,"action":{"type":"allow"},"condition":{"urlFilter":"||www.top-reklama.sk^","domainType":"firstParty"},"priority":100002},{"id":10069,"action":{"type":"allow"},"condition":{"urlFilter":"||api.youradio.cz/v2/ads/preroll","resourceTypes":["xmlhttprequest"]},"priority":100101},{"id":10167,"action":{"type":"allow"},"condition":{"urlFilter":"||titulky.com/ads/titulky-ad-sidebar.js"},"priority":100001},{"id":10692,"action":{"type":"allow"},"condition":{"urlFilter":"||admedia.joj.sk/outstream/embed?iframe","initiatorDomains":["sport.aktuality.sk"],"resourceTypes":["sub_frame"]},"priority":100301},{"id":10789,"action":{"type":"allow"},"condition":{"urlFilter":"||ads.eduself.sk/_prebid.js"},"priority":100001},{"id":10869,"action":{"type":"allow"},"condition":{"urlFilter":"||sledujserialy.to/theme/js/ads.js"},"priority":100001},{"id":31335,"action":{"type":"block"},"condition":{"urlFilter":"||a.cele.cz^","domainType":"thirdParty"},"priority":2},{"id":32760,"action":{"type":"block"},"condition":{"urlFilter":"||indian-tv.cz/uploads/","resourceTypes":["main_frame"]},"priority":101},{"id":34337,"action":{"type":"block"},"condition":{"urlFilter":"||mrezadosa.com^","domainType":"thirdParty"},"priority":2},{"id":34978,"action":{"type":"redirect","redirect":{"extensionPath":"/web-accessible-resources/redirects/1x1-transparent.gif"}},"condition":{"urlFilter":"||r.i0.cz^","domainType":"thirdParty","resourceTypes":["image"]},"priority":1102},{"id":36504,"action":{"type":"redirect","redirect":{"extensionPath":"/web-accessible-resources/redirects/noopjs.js"}},"condition":{"urlFilter":"||trackad.cz/adtrack.php","initiatorDomains":["nova.cz"],"resourceTypes":["script"]},"priority":1301},{"id":36939,"action":{"type":"redirect","redirect":{"extensionPath":"/web-accessible-resources/redirects/noopmp3.mp3"}},"condition":{"urlFilter":"||media.actve.net/sads/","initiatorDomains":["youradio.cz"],"resourceTypes":["media"]},"priority":1301},{"id":37027,"action":{"type":"redirect","redirect":{"extensionPath":"/web-accessible-resources/redirects/noopmp4.mp4"}},"condition":{"urlFilter":"||redirector.gvt1.com/videoplayback/id/","initiatorDomains":["youradio.cz"],"resourceTypes":["media"]},"priority":1301},{"id":37655,"action":{"type":"allow"},"condition":{"urlFilter":".png","initiatorDomains":["seznamzpravy.cz","sport.cz","seznam.cz","sbazar.cz","firmy.cz","super.cz","garaz.cz","stream.cz","novinky.cz"],"resourceTypes":["xmlhttprequest"]},"priority":100213},{"id":31908,"action":{"type":"modifyHeaders","responseHeaders":[{"operation":"append","header":"Content-Security-Policy","value":"child-src *"}]},"condition":{"urlFilter":"||echo24.cz^","resourceTypes":["main_frame","sub_frame","stylesheet","script","image","font","object","xmlhttprequest","ping","media","websocket","other"]},"priority":1},{"id":32620,"action":{"type":"modifyHeaders","responseHeaders":[{"operation":"append","header":"Content-Security-Policy","value":"child-src *"}]},"condition":{"urlFilter":"||idos.idnes.cz^","resourceTypes":["main_frame","sub_frame","stylesheet","script","image","font","object","xmlhttprequest","ping","media","websocket","other"]},"priority":1}]