[{"id":1677,"action":{"type":"block"},"condition":{"urlFilter":"||xxxpostpic.org/imagedata/banner/*"},"priority":1},{"id":2104,"action":{"type":"block"},"condition":{"urlFilter":"||porn5xxx.com/pic-ads/"},"priority":1},{"id":2138,"action":{"type":"block"},"condition":{"urlFilter":"||xn--82c0bxcybxc2b.com/jab-ads/"},"priority":1},{"id":2256,"action":{"type":"block"},"condition":{"urlFilter":"||xn--72czpj1fd3b9a3a8g3d.com/doo-ads/"},"priority":1},{"id":3359,"action":{"type":"block"},"condition":{"urlFilter":"||xn--72ca2bsl7gxbd4m7c.com/wp-content/uploads/2020/04/closed.png","resourceTypes":["image"]},"priority":101},{"id":5039,"action":{"type":"block"},"condition":{"urlFilter":"anime-i.com/files/banner/*"},"priority":1},{"id":5916,"action":{"type":"block"},"condition":{"urlFilter":"https://misa-anime.com/assets/js/ads.core.js?"},"priority":1},{"id":8039,"action":{"type":"block"},"condition":{"urlFilter":"||www.am4th.com/wp-content/uploads/2016/*","resourceTypes":["image"]},"priority":101},{"id":8106,"action":{"type":"block"},"condition":{"urlFilter":"||www.am4th.com/wp-content/uploads/2017/*","resourceTypes":["image"]},"priority":101},{"id":8173,"action":{"type":"block"},"condition":{"urlFilter":"||www.am4th.com/wp-content/uploads/2017/*/*.gif","resourceTypes":["image"]},"priority":101},{"id":8246,"action":{"type":"block"},"condition":{"urlFilter":"||www.anime-sugoi.com/css/ontop.png","resourceTypes":["image"]},"priority":101},{"id":8518,"action":{"type":"block"},"condition":{"urlFilter":"||i.imgur.com","initiatorDomains":["animedd.xyz"]},"priority":201},{"id":8892,"action":{"type":"block"},"condition":{"urlFilter":"||publish.iptvz.net","resourceTypes":["sub_frame"]},"priority":101},{"id":10273,"action":{"type":"block"},"condition":{"urlFilter":"||image.cdend.com","initiatorDomains":["ranker-manga.com"],"resourceTypes":["image"]},"priority":301},{"id":10346,"action":{"type":"block"},"condition":{"urlFilter":"||image7.kingsmanga.net/00/00/gclub2.jpg","domainType":"firstParty","resourceTypes":["image"]},"priority":102},{"id":10860,"action":{"type":"block"},"condition":{"urlFilter":"||reborntrans.com/banner/"},"priority":1},{"id":11360,"action":{"type":"block"},"condition":{"urlFilter":"https://xxxword.club/uploadpic/playxxx.jpg"},"priority":1},{"id":11413,"action":{"type":"block"},"condition":{"urlFilter":"https://www.vdoxthai.com/ads.php"},"priority":1},{"id":15818,"action":{"type":"block"},"condition":{"urlFilter":"||4toom.com/*/modal-dialog/*"},"priority":1},{"id":15857,"action":{"type":"block"},"condition":{"urlFilter":"||aroundnews.net/*/like-jacking-ninja/*"},"priority":1},{"id":15907,"action":{"type":"block"},"condition":{"urlFilter":"||blogger.com/*lbx__th.js","initiatorDomains":["zapver555.com"]},"priority":201},{"id":15976,"action":{"type":"block"},"condition":{"urlFilter":"||blogger.com/*lightbox_bundle.css","initiatorDomains":["zapver555.com"]},"priority":201},{"id":16054,"action":{"type":"block"},"condition":{"urlFilter":"||dodeden.com/advert^"},"priority":1},{"id":16086,"action":{"type":"block"},"condition":{"urlFilter":"||ithaihotnews.com/*/like-jacking-ninja/*"},"priority":1},{"id":16138,"action":{"type":"block"},"condition":{"urlFilter":"||kaijeaw.com/*/fancybox/*"},"priority":1},{"id":16175,"action":{"type":"block"},"condition":{"urlFilter":"||kanomjeeb.com/*/lightbox*"},"priority":1},{"id":16213,"action":{"type":"block"},"condition":{"urlFilter":"||kidjarak.com/*/bsa-pro-scripteo/*"},"priority":1},{"id":16259,"action":{"type":"block"},"condition":{"urlFilter":"||ladycee.com/light_ads^"},"priority":1},{"id":16294,"action":{"type":"block"},"condition":{"urlFilter":"||laughwoo.com/*/like-jacking-ninja/*"},"priority":1},{"id":16342,"action":{"type":"block"},"condition":{"urlFilter":"||lonely-rooyang.com/*/arscode-ninja-popups/*"},"priority":1},{"id":16398,"action":{"type":"block"},"condition":{"urlFilter":"||meekhao.com/*/dreamgrow-scroll-triggered-box/*"},"priority":1},{"id":16457,"action":{"type":"block"},"condition":{"urlFilter":"||newstimeline.net/*/jquery.magnific-popup.min.js"},"priority":1},{"id":16517,"action":{"type":"block"},"condition":{"urlFilter":"||ohlor.com/*/mini-popup/*"},"priority":1},{"id":16554,"action":{"type":"block"},"condition":{"urlFilter":"||ohlor.com/*/upprev-nytimes-style-next-post-jquery-animated-fly-in-button/*"},"priority":1},{"id":16641,"action":{"type":"block"},"condition":{"urlFilter":"||siamchatroom.com/light_ads^"},"priority":1},{"id":16681,"action":{"type":"block"},"condition":{"urlFilter":"||siamha.com/truehits/stat"},"priority":1},{"id":16718,"action":{"type":"block"},"condition":{"urlFilter":"||siamok.com/light_ads/*"},"priority":1},{"id":16753,"action":{"type":"block"},"condition":{"urlFilter":"||siamza.com/js/jquery.cookie.js"},"priority":1},{"id":16796,"action":{"type":"block"},"condition":{"urlFilter":"||taghr.net/*/uji-popup/*"},"priority":1},{"id":16832,"action":{"type":"block"},"condition":{"urlFilter":"||thaijobsgov.com/*/fancybox/*"},"priority":1},{"id":16873,"action":{"type":"block"},"condition":{"urlFilter":"||thaijobsgov.com/banner^"},"priority":1},{"id":16909,"action":{"type":"block"},"condition":{"urlFilter":"||toritalk.com/*/uji-popup/*"},"priority":1},{"id":16948,"action":{"type":"block"},"condition":{"urlFilter":"||yakjado.com/*/upprev/*"},"priority":1},{"id":16983,"action":{"type":"block"},"condition":{"urlFilter":"||yakjado.com/*/wp-social-popup-and-get-traffic/*"},"priority":1},{"id":19571,"action":{"type":"block"},"condition":{"urlFilter":"||ads.pramool.com"},"priority":1},{"id":19599,"action":{"type":"block"},"condition":{"urlFilter":"||atimemedia.com/js/jquery.supportUs.js","resourceTypes":["script"]},"priority":101},{"id":19664,"action":{"type":"block"},"condition":{"urlFilter":"||becteroradio.com/2014/hidden-ad-inner.php?"},"priority":1},{"id":19719,"action":{"type":"block"},"condition":{"urlFilter":"||becteroradio.com/lib/fancybox/"},"priority":1},{"id":19762,"action":{"type":"block"},"condition":{"urlFilter":"||becteroradio.com/truehitsstat.php?"},"priority":1},{"id":19809,"action":{"type":"block"},"condition":{"urlFilter":"||isanook.com/*/oppa.js","resourceTypes":["script"]},"priority":101},{"id":19858,"action":{"type":"block"},"condition":{"urlFilter":"||isanook.com/*/tapad.js","resourceTypes":["script"]},"priority":101},{"id":19908,"action":{"type":"block"},"condition":{"urlFilter":"||kapook.com/ads/portal^"},"priority":1},{"id":19943,"action":{"type":"block"},"condition":{"urlFilter":"||kapook.com/asset/js/track.js"},"priority":1},{"id":19984,"action":{"type":"block"},"condition":{"urlFilter":"||kapook.com/jquery/jquery.kp.tracker.js"},"priority":1},{"id":20035,"action":{"type":"block"},"condition":{"urlFilter":"||pantip.com/ads.php"},"priority":1},{"id":20066,"action":{"type":"block"},"condition":{"urlFilter":"||pantip.com/adsip.php"},"priority":1},{"id":20099,"action":{"type":"block"},"condition":{"urlFilter":"||pantip.com/adsipmobile.php"},"priority":1},{"id":20138,"action":{"type":"block"},"condition":{"urlFilter":"||ufa191.com^","domainType":"thirdParty"},"priority":2},{"id":20177,"action":{"type":"block"},"condition":{"urlFilter":"||ufabet678.com^","domainType":"thirdParty"},"priority":2},{"id":20219,"action":{"type":"block"},"condition":{"urlFilter":"||movies-x.com^","domainType":"thirdParty"},"priority":2},{"id":20260,"action":{"type":"block"},"condition":{"urlFilter":"||ssnn.site^","domainType":"thirdParty"},"priority":2},{"id":20298,"action":{"type":"block"},"condition":{"urlFilter":"||akamaihd.net/shopee/*/*TrackingRules","initiatorDomains":["shopee.co.th"],"resourceTypes":["script"]},"priority":301},{"id":20388,"action":{"type":"block"},"condition":{"urlFilter":"||akamaihd.net/shopee/*/TrackingRules","initiatorDomains":["shopee.co.th"],"resourceTypes":["script"]},"priority":301},{"id":20477,"action":{"type":"redirect","redirect":{"extensionPath":"/web-accessible-resources/redirects/1x1-transparent.gif"}},"condition":{"urlFilter":"||shopee.co.th/__t__","initiatorDomains":["shopee.co.th"],"resourceTypes":["xmlhttprequest"]},"priority":1301},{"id":20563,"action":{"type":"block"},"condition":{"urlFilter":"||shopee.co.th/userstats_record","resourceTypes":["xmlhttprequest"]},"priority":101},{"id":20620,"action":{"type":"block"},"condition":{"urlFilter":"||shopeemobile.com/th/tr","resourceTypes":["xmlhttprequest"]},"priority":101},{"id":20670,"action":{"type":"redirect","redirect":{"extensionPath":"/web-accessible-resources/redirects/1x1-transparent.gif"}},"condition":{"urlFilter":"||tracking.shopee.co.th^","initiatorDomains":["shopee.co.th"],"resourceTypes":["xmlhttprequest"]},"priority":1301},{"id":20869,"action":{"type":"block"},"condition":{"urlFilter":"||lucky135.com"},"priority":1},{"id":24735,"action":{"type":"block"},"condition":{"urlFilter":"||compgamer.com/mainpage/module/popupnews/*"},"priority":1},{"id":24789,"action":{"type":"block"},"condition":{"urlFilter":"||compgamer.com/mario-ads^"},"priority":1},{"id":24826,"action":{"type":"block"},"condition":{"urlFilter":"||coregamerth.com/*/jquery-cookie/*"},"priority":1},{"id":24872,"action":{"type":"block"},"condition":{"urlFilter":"||game-tep.com/*/adrotate-pro/*"},"priority":1},{"id":24914,"action":{"type":"block"},"condition":{"urlFilter":"||game-tep.com/*/fancy-box/*"},"priority":1},{"id":24953,"action":{"type":"block"},"condition":{"urlFilter":"||gamegeek.in.th/*/layeredpopups/*"},"priority":1},{"id":24998,"action":{"type":"block"},"condition":{"urlFilter":"||gamemonday.com/*/adrotate-pro/*"},"priority":1},{"id":25042,"action":{"type":"block"},"condition":{"urlFilter":"||gamemonday.com/wp-content/themes/gamemonday/libs/jquery.firstVisitPopup.js"},"priority":1},{"id":25129,"action":{"type":"block"},"condition":{"urlFilter":"||mustplay.in.th/*/banner"},"priority":1},{"id":25165,"action":{"type":"block"},"condition":{"urlFilter":"||mustplay.in.th/assets/js/jquery.tubular^"},"priority":1},{"id":25218,"action":{"type":"block"},"condition":{"urlFilter":"||mustplay.in.th/assets/js/youtubepopup"},"priority":1},{"id":25268,"action":{"type":"block"},"condition":{"urlFilter":"||mustplay.in.th/static/banner/*/ads-^"},"priority":1},{"id":25317,"action":{"type":"block"},"condition":{"urlFilter":"||online-station.net/*/ads/*"},"priority":1},{"id":25356,"action":{"type":"block"},"condition":{"urlFilter":"||online-station.net/*/css/preload_ads","resourceTypes":["stylesheet"]},"priority":101},{"id":25420,"action":{"type":"block"},"condition":{"urlFilter":"||online-station.net/assets/*/os-adhoc^"},"priority":1},{"id":25470,"action":{"type":"block"},"condition":{"urlFilter":"||online-station.net/assets/css/ads","resourceTypes":["stylesheet"]},"priority":101},{"id":25531,"action":{"type":"block"},"condition":{"urlFilter":"||online-station.net/assets/js/ads","resourceTypes":["script"]},"priority":101},{"id":25591,"action":{"type":"block"},"condition":{"urlFilter":"||online-station.net/assets/js/facebook","resourceTypes":["script"]},"priority":101},{"id":25656,"action":{"type":"block"},"condition":{"urlFilter":"||online-station.net/assets/js/google^"},"priority":1},{"id":25705,"action":{"type":"block"},"condition":{"urlFilter":"||online-station.net/content/count_stats?"},"priority":1},{"id":25757,"action":{"type":"block"},"condition":{"urlFilter":"||playulti.com/*/banner"},"priority":1},{"id":25791,"action":{"type":"block"},"condition":{"urlFilter":"||playulti.com/assets/js/jquery.tubular^"},"priority":1},{"id":25842,"action":{"type":"block"},"condition":{"urlFilter":"||playulti.com/company/truehit?"},"priority":1},{"id":25884,"action":{"type":"block"},"condition":{"urlFilter":"||playulti.com/static/banner/*/ads-^"},"priority":1},{"id":25931,"action":{"type":"block"},"condition":{"urlFilter":"||tigthai.com/js/popup_facebook.js","resourceTypes":["script"]},"priority":101},{"id":25991,"action":{"type":"block"},"condition":{"urlFilter":"||24x7th.com"},"priority":1},{"id":26014,"action":{"type":"block"},"condition":{"urlFilter":"*-adnow.com","domainType":"thirdParty"},"priority":2},{"id":26053,"action":{"type":"block"},"condition":{"urlFilter":"||accesstrade.in.th"},"priority":1},{"id":26083,"action":{"type":"block"},"condition":{"urlFilter":"||adasiaholdings.com"},"priority":1},{"id":26114,"action":{"type":"block"},"condition":{"urlFilter":"||adok.asia"},"priority":1},{"id":26136,"action":{"type":"block"},"condition":{"urlFilter":"||adop.cc"},"priority":1},{"id":26156,"action":{"type":"block"},"condition":{"urlFilter":"||ads*.bangkokpost.co.th"},"priority":1},{"id":26191,"action":{"type":"block"},"condition":{"urlFilter":"||ads*.matichon.co.th"},"priority":1},{"id":26223,"action":{"type":"block"},"condition":{"urlFilter":"||ads.boxza.com"},"priority":1},{"id":26249,"action":{"type":"block"},"condition":{"urlFilter":"||ads.gamemonday.com"},"priority":1},{"id":26280,"action":{"type":"block"},"condition":{"urlFilter":"||ads.jarm.com"},"priority":1},{"id":26305,"action":{"type":"block"},"condition":{"urlFilter":"||ads.os.co.th"},"priority":1},{"id":26330,"action":{"type":"block"},"condition":{"urlFilter":"||ads.pantip.com"},"priority":1},{"id":26357,"action":{"type":"block"},"condition":{"urlFilter":"||ads.postjung.com"},"priority":1},{"id":26386,"action":{"type":"block"},"condition":{"urlFilter":"||ads.siamza.com"},"priority":1},{"id":26413,"action":{"type":"block"},"condition":{"urlFilter":"||ads.techxcite.com"},"priority":1},{"id":26443,"action":{"type":"block"},"condition":{"urlFilter":"||adsniper.ru"},"priority":1},{"id":26467,"action":{"type":"block"},"condition":{"urlFilter":"||adsoptimal.com"},"priority":1},{"id":26494,"action":{"type":"block"},"condition":{"urlFilter":"||adtplatform.com"},"priority":1},{"id":26522,"action":{"type":"block"},"condition":{"urlFilter":"||anonymousdemographics.com"},"priority":1},{"id":26560,"action":{"type":"block"},"condition":{"urlFilter":"||app-measurement.com"},"priority":1},{"id":26592,"action":{"type":"block"},"condition":{"urlFilter":"||areyouahuman.com"},"priority":1},{"id":26621,"action":{"type":"block"},"condition":{"urlFilter":"||atdmt.com"},"priority":1},{"id":26643,"action":{"type":"block"},"condition":{"urlFilter":"||bluekai.com"},"priority":1},{"id":26667,"action":{"type":"block"},"condition":{"urlFilter":"||btstatic.com"},"priority":1},{"id":26692,"action":{"type":"block"},"condition":{"urlFilter":"||bumq.com"},"priority":1},{"id":26713,"action":{"type":"block"},"condition":{"urlFilter":"||byteark-analytics.thairath.co.th"},"priority":1},{"id":26758,"action":{"type":"block"},"condition":{"urlFilter":"||clickadu.com"},"priority":1},{"id":26783,"action":{"type":"block"},"condition":{"urlFilter":"||clicksgear.com"},"priority":1},{"id":26810,"action":{"type":"block"},"condition":{"urlFilter":"||connextra.com"},"priority":1},{"id":26836,"action":{"type":"block"},"condition":{"urlFilter":"||crashlytics.com"},"priority":1},{"id":26864,"action":{"type":"block"},"condition":{"urlFilter":"||crazyegg.com"},"priority":1},{"id":26889,"action":{"type":"block"},"condition":{"urlFilter":"||criteo.com"},"priority":1},{"id":26912,"action":{"type":"block"},"condition":{"urlFilter":"||criteo.net"},"priority":1},{"id":26935,"action":{"type":"block"},"condition":{"urlFilter":"||crwdcntrl.net"},"priority":1},{"id":26961,"action":{"type":"block"},"condition":{"urlFilter":"||cryptobrowser.site"},"priority":1},{"id":26992,"action":{"type":"block"},"condition":{"urlFilter":"||csi.gstatic.com"},"priority":1},{"id":27020,"action":{"type":"block"},"condition":{"urlFilter":"||cxense.com","domainType":"thirdParty","excludedInitiatorDomains":["tn.com.ar"]},"priority":3},{"id":27082,"action":{"type":"block"},"condition":{"urlFilter":"||d-stats.com"},"priority":1},{"id":27106,"action":{"type":"block"},"condition":{"urlFilter":"||dtscout.com"},"priority":1},{"id":27130,"action":{"type":"block"},"condition":{"urlFilter":"||effectivemeasure.net"},"priority":1},{"id":27163,"action":{"type":"block"},"condition":{"urlFilter":"||exdynsrv.com"},"priority":1},{"id":27188,"action":{"type":"block"},"condition":{"urlFilter":"||exoclick.com"},"priority":1},{"id":27213,"action":{"type":"block"},"condition":{"urlFilter":"||exosrv.com"},"priority":1},{"id":27236,"action":{"type":"block"},"condition":{"urlFilter":"||eyeota.net"},"priority":1},{"id":27259,"action":{"type":"block"},"condition":{"urlFilter":"||feedjit.com"},"priority":1},{"id":27283,"action":{"type":"block"},"condition":{"urlFilter":"||filadmir.site"},"priority":1},{"id":27309,"action":{"type":"block"},"condition":{"urlFilter":"||fout.jp"},"priority":1},{"id":27329,"action":{"type":"block"},"condition":{"urlFilter":"||gammaplatform.com"},"priority":1},{"id":27359,"action":{"type":"block"},"condition":{"urlFilter":"||gbotvisit.com"},"priority":1},{"id":27385,"action":{"type":"block"},"condition":{"urlFilter":"||gbox.sc"},"priority":1},{"id":27405,"action":{"type":"block"},"condition":{"urlFilter":"||generaltagcom.ga"},"priority":1},{"id":27434,"action":{"type":"block"},"condition":{"urlFilter":"||go2cloud.org"},"priority":1},{"id":27459,"action":{"type":"block"},"condition":{"urlFilter":"||go2speed.org"},"priority":1},{"id":27484,"action":{"type":"block"},"condition":{"urlFilter":"||google-analytics.l.google.com"},"priority":1},{"id":27526,"action":{"type":"block"},"condition":{"urlFilter":"||heatmap.it"},"priority":1},{"id":27549,"action":{"type":"block"},"condition":{"urlFilter":"||hilightad.kapook.com"},"priority":1},{"id":27582,"action":{"type":"block"},"condition":{"urlFilter":"||histats.com"},"priority":1},{"id":27606,"action":{"type":"block"},"condition":{"urlFilter":"||hotjar.com"},"priority":1},{"id":27629,"action":{"type":"block"},"condition":{"urlFilter":"||imrworldwide.com"},"priority":1},{"id":27658,"action":{"type":"block"},"condition":{"urlFilter":"||inmobi.com"},"priority":1},{"id":27681,"action":{"type":"block"},"condition":{"urlFilter":"||innity.com"},"priority":1},{"id":27704,"action":{"type":"block"},"condition":{"urlFilter":"||innity.net"},"priority":1},{"id":27727,"action":{"type":"block"},"condition":{"urlFilter":"||inspectlet.com"},"priority":1},{"id":27754,"action":{"type":"block"},"condition":{"urlFilter":"||iyfnzgb.com"},"priority":1},{"id":27778,"action":{"type":"block"},"condition":{"urlFilter":"||izooto.com"},"priority":1},{"id":27801,"action":{"type":"block"},"condition":{"urlFilter":"||joox-affiliate.sanook.com"},"priority":1},{"id":27839,"action":{"type":"block"},"condition":{"urlFilter":"||kiosked.com"},"priority":1},{"id":27863,"action":{"type":"block"},"condition":{"urlFilter":"||luckyorange.com"},"priority":1},{"id":27891,"action":{"type":"block"},"condition":{"urlFilter":"||m88.com"},"priority":1},{"id":27911,"action":{"type":"block"},"condition":{"urlFilter":"||moatads.com"},"priority":1},{"id":27935,"action":{"type":"block"},"condition":{"urlFilter":"||mtburn.com"},"priority":1},{"id":27958,"action":{"type":"block"},"condition":{"urlFilter":"||mtburn.jp"},"priority":1},{"id":27980,"action":{"type":"block"},"condition":{"urlFilter":"||nr-data.com"},"priority":1},{"id":28004,"action":{"type":"block"},"condition":{"urlFilter":"||nr-data.net"},"priority":1},{"id":28028,"action":{"type":"block"},"condition":{"urlFilter":"||nuffnang.co.th"},"priority":1},{"id":28055,"action":{"type":"block"},"condition":{"urlFilter":"||nuffnang.com"},"priority":1},{"id":28080,"action":{"type":"block"},"condition":{"urlFilter":"||nytive.com"},"priority":1},{"id":28103,"action":{"type":"block"},"condition":{"urlFilter":"||oclaserver.com"},"priority":1},{"id":28130,"action":{"type":"block"},"condition":{"urlFilter":"||oilchange.website"},"priority":1},{"id":28160,"action":{"type":"block"},"condition":{"urlFilter":"||onclasrv.com"},"priority":1},{"id":28185,"action":{"type":"block"},"condition":{"urlFilter":"||onclickads.net"},"priority":1},{"id":28212,"action":{"type":"block"},"condition":{"urlFilter":"||openx.notebookspec.com"},"priority":1},{"id":28247,"action":{"type":"block"},"condition":{"urlFilter":"||openxmarket.asia"},"priority":1},{"id":28276,"action":{"type":"block"},"condition":{"urlFilter":"||padsdel.com"},"priority":1},{"id":28300,"action":{"type":"block"},"condition":{"urlFilter":"||padstm.com"},"priority":1},{"id":28323,"action":{"type":"block"},"condition":{"urlFilter":"||parkingcrew.com"},"priority":1},{"id":28351,"action":{"type":"block"},"condition":{"urlFilter":"||parkingcrew.net"},"priority":1},{"id":28379,"action":{"type":"block"},"condition":{"urlFilter":"||pc1ads.com"},"priority":1},{"id":28402,"action":{"type":"block"},"condition":{"urlFilter":"||pc2ads.com"},"priority":1},{"id":28425,"action":{"type":"block"},"condition":{"urlFilter":"||pc3ads.com"},"priority":1},{"id":28448,"action":{"type":"block"},"condition":{"urlFilter":"||ping-fast.com"},"priority":1},{"id":28474,"action":{"type":"block"},"condition":{"urlFilter":"||pingdom.net"},"priority":1},{"id":28498,"action":{"type":"block"},"condition":{"urlFilter":"||pixeldigitalstudios.com"},"priority":1},{"id":28534,"action":{"type":"block"},"condition":{"urlFilter":"||plista.com"},"priority":1},{"id":28557,"action":{"type":"block"},"condition":{"urlFilter":"||popads.net"},"priority":1},{"id":28580,"action":{"type":"block"},"condition":{"urlFilter":"||popcash.net"},"priority":1},{"id":28604,"action":{"type":"block"},"condition":{"urlFilter":"||popclck.com"},"priority":1},{"id":28628,"action":{"type":"block"},"condition":{"urlFilter":"||popclck.net"},"priority":1},{"id":28652,"action":{"type":"block"},"condition":{"urlFilter":"||poptm.com"},"priority":1},{"id":28674,"action":{"type":"block"},"condition":{"urlFilter":"||ptengine.com"},"priority":1},{"id":28699,"action":{"type":"block"},"condition":{"urlFilter":"||puserving.com"},"priority":1},{"id":28725,"action":{"type":"block"},"condition":{"urlFilter":"||pushnative.com"},"priority":1},{"id":28752,"action":{"type":"block"},"condition":{"urlFilter":"||quicktask.xyz"},"priority":1},{"id":28778,"action":{"type":"block"},"condition":{"urlFilter":"||reimageplus.com"},"priority":1},{"id":28806,"action":{"type":"block"},"condition":{"urlFilter":"||replase.tk"},"priority":1},{"id":28829,"action":{"type":"block"},"condition":{"urlFilter":"||report-uri.cloudflare.com"},"priority":1},{"id":28867,"action":{"type":"block"},"condition":{"urlFilter":"||revsci.net"},"priority":1},{"id":28890,"action":{"type":"block"},"condition":{"urlFilter":"||runtnc.net"},"priority":1},{"id":28913,"action":{"type":"block"},"condition":{"urlFilter":"||ruu-dee.com"},"priority":1},{"id":28937,"action":{"type":"block"},"condition":{"urlFilter":"||sales-frontier.com"},"priority":1},{"id":28968,"action":{"type":"block"},"condition":{"urlFilter":"||scorecardresearch.com"},"priority":1},{"id":29002,"action":{"type":"block"},"condition":{"urlFilter":"||serving-sys.com"},"priority":1},{"id":29030,"action":{"type":"block"},"condition":{"urlFilter":"||simba-digital.com"},"priority":1},{"id":29060,"action":{"type":"block"},"condition":{"urlFilter":"||socdm.com"},"priority":1},{"id":29082,"action":{"type":"block"},"condition":{"urlFilter":"||stat.matichon.co.th"},"priority":1},{"id":29114,"action":{"type":"block"},"condition":{"urlFilter":"||statmt.matichon.co.th"},"priority":1},{"id":29148,"action":{"type":"block"},"condition":{"urlFilter":"||stats.in.th"},"priority":1},{"id":29172,"action":{"type":"block"},"condition":{"urlFilter":"||stats.wp.com"},"priority":1},{"id":29197,"action":{"type":"block"},"condition":{"urlFilter":"||sumome.com"},"priority":1},{"id":29220,"action":{"type":"block"},"condition":{"urlFilter":"||synergy-e.com"},"priority":1},{"id":29246,"action":{"type":"block"},"condition":{"urlFilter":"||taboola.com"},"priority":1},{"id":29270,"action":{"type":"block"},"condition":{"urlFilter":"||tagserve.asia"},"priority":1},{"id":29296,"action":{"type":"block"},"condition":{"urlFilter":"||tapad.com"},"priority":1},{"id":29318,"action":{"type":"block"},"condition":{"urlFilter":"||thstats.com"},"priority":1},{"id":29342,"action":{"type":"block"},"condition":{"urlFilter":"||thtrackingap.com"},"priority":1},{"id":29371,"action":{"type":"block"},"condition":{"urlFilter":"||tityx.com"},"priority":1},{"id":29393,"action":{"type":"block"},"condition":{"urlFilter":"||travelpayouts.com"},"priority":1},{"id":29423,"action":{"type":"block"},"condition":{"urlFilter":"||truehits.in.th"},"priority":1},{"id":29450,"action":{"type":"block"},"condition":{"urlFilter":"||truehits.net"},"priority":1},{"id":29475,"action":{"type":"block"},"condition":{"urlFilter":"||tynt.com"},"priority":1},{"id":29496,"action":{"type":"block"},"condition":{"urlFilter":"||user-api.com"},"priority":1},{"id":29521,"action":{"type":"block"},"condition":{"urlFilter":"||user-clicks.com"},"priority":1},{"id":29549,"action":{"type":"block"},"condition":{"urlFilter":"||user-red.com"},"priority":1},{"id":29574,"action":{"type":"block"},"condition":{"urlFilter":"||uustoughtonma.org"},"priority":1},{"id":29604,"action":{"type":"block"},"condition":{"urlFilter":"||whatshelp.io"},"priority":1},{"id":29629,"action":{"type":"block"},"condition":{"urlFilter":"||wmdstat.dev-sanook.com"},"priority":1},{"id":29664,"action":{"type":"block"},"condition":{"urlFilter":"||yengo.com"},"priority":1},{"id":29686,"action":{"type":"block"},"condition":{"urlFilter":"||yu0123456.com"},"priority":1},{"id":29712,"action":{"type":"block"},"condition":{"urlFilter":"||zemanta.com"},"priority":1},{"id":29736,"action":{"type":"block"},"condition":{"urlFilter":"||moviefree365.com"},"priority":1},{"id":29765,"action":{"type":"block"},"condition":{"urlFilter":"||pichub.tk"},"priority":1},{"id":29787,"action":{"type":"block"},"condition":{"urlFilter":"||1234picz.com"},"priority":1},{"id":29812,"action":{"type":"block"},"condition":{"urlFilter":"||happylukebet.com"},"priority":1},{"id":29841,"action":{"type":"block"},"condition":{"urlFilter":"||silkspan.com"},"priority":1},{"id":29866,"action":{"type":"block"},"condition":{"urlFilter":"||thai-iphone.com"},"priority":1},{"id":29894,"action":{"type":"block"},"condition":{"urlFilter":"46.8.158.80"},"priority":1},{"id":29916,"action":{"type":"block"},"condition":{"urlFilter":"46.8.158.94"},"priority":1},{"id":29938,"action":{"type":"block"},"condition":{"urlFilter":"46.8.158.101"},"priority":1},{"id":29961,"action":{"type":"block"},"condition":{"urlFilter":"109.248.59.27"},"priority":1},{"id":29985,"action":{"type":"block"},"condition":{"urlFilter":"195.133.60.89"},"priority":1},{"id":30009,"action":{"type":"block"},"condition":{"urlFilter":"||1000curryrestaurant.com"},"priority":1},{"id":30045,"action":{"type":"block"},"condition":{"urlFilter":"||10xtechie.com"},"priority":1},{"id":30071,"action":{"type":"block"},"condition":{"urlFilter":"||195-133-60-89.hostinghubsolutions.com"},"priority":1},{"id":30121,"action":{"type":"block"},"condition":{"urlFilter":"||1roofev.com"},"priority":1},{"id":30145,"action":{"type":"block"},"condition":{"urlFilter":"||3dshipmodels.com"},"priority":1},{"id":30174,"action":{"type":"block"},"condition":{"urlFilter":"||3riversprint.com"},"priority":1},{"id":30203,"action":{"type":"block"},"condition":{"urlFilter":"||4jslg.7primos.com"},"priority":1},{"id":30233,"action":{"type":"block"},"condition":{"urlFilter":"||4jslg.overstayjaffa.com"},"priority":1},{"id":30269,"action":{"type":"block"},"condition":{"urlFilter":"||4jslg.thestringbook.com"},"priority":1},{"id":30305,"action":{"type":"block"},"condition":{"urlFilter":"||7primos.com"},"priority":1},{"id":30329,"action":{"type":"block"},"condition":{"urlFilter":"||8slash8.com"},"priority":1},{"id":30353,"action":{"type":"block"},"condition":{"urlFilter":"||academiasprolog.com"},"priority":1},{"id":30385,"action":{"type":"block"},"condition":{"urlFilter":"||accountantamsterdam.net"},"priority":1},{"id":30421,"action":{"type":"block"},"condition":{"urlFilter":"||achivadolimni.com"},"priority":1},{"id":30451,"action":{"type":"block"},"condition":{"urlFilter":"||afiyahlab.com"},"priority":1},{"id":30477,"action":{"type":"block"},"condition":{"urlFilter":"||agdrumschool.com"},"priority":1},{"id":30506,"action":{"type":"block"},"condition":{"urlFilter":"||agentogel.info"},"priority":1},{"id":30533,"action":{"type":"block"},"condition":{"urlFilter":"||ahvaz-anesthesia.com"},"priority":1},{"id":30566,"action":{"type":"block"},"condition":{"urlFilter":"||aisushigobc.com"},"priority":1},{"id":30594,"action":{"type":"block"},"condition":{"urlFilter":"||alamaymoon.com"},"priority":1},{"id":30621,"action":{"type":"block"},"condition":{"urlFilter":"||albioncollege.info"},"priority":1},{"id":30652,"action":{"type":"block"},"condition":{"urlFilter":"||alexlaz.com"},"priority":1},{"id":30676,"action":{"type":"block"},"condition":{"urlFilter":"||all-in-barbers.com"},"priority":1},{"id":30707,"action":{"type":"block"},"condition":{"urlFilter":"||altexplorer.info"},"priority":1},{"id":30736,"action":{"type":"block"},"condition":{"urlFilter":"||amarantinefarms.com"},"priority":1},{"id":30768,"action":{"type":"block"},"condition":{"urlFilter":"||amzprotradernow.com"},"priority":1},{"id":30800,"action":{"type":"block"},"condition":{"urlFilter":"||api-injoyplan.com"},"priority":1},{"id":30830,"action":{"type":"block"},"condition":{"urlFilter":"||appboltonik.com"},"priority":1},{"id":30858,"action":{"type":"block"},"condition":{"urlFilter":"||appstkmadmin.com"},"priority":1},{"id":30887,"action":{"type":"block"},"condition":{"urlFilter":"||arentalcars.com"},"priority":1},{"id":30915,"action":{"type":"block"},"condition":{"urlFilter":"||ariasitting.com"},"priority":1},{"id":30943,"action":{"type":"block"},"condition":{"urlFilter":"||aspectjcookbook.com"},"priority":1},{"id":30975,"action":{"type":"block"},"condition":{"urlFilter":"||asupro.com"},"priority":1},{"id":30998,"action":{"type":"block"},"condition":{"urlFilter":"||atomslip.com"},"priority":1},{"id":31023,"action":{"type":"block"},"condition":{"urlFilter":"||atu-cyberwargames.com"},"priority":1},{"id":31057,"action":{"type":"block"},"condition":{"urlFilter":"||ayp-system.com"},"priority":1},{"id":31084,"action":{"type":"block"},"condition":{"urlFilter":"||babyandbeyondkh.com"},"priority":1},{"id":31116,"action":{"type":"block"},"condition":{"urlFilter":"||backnodes.com"},"priority":1},{"id":31142,"action":{"type":"block"},"condition":{"urlFilter":"||baepullu.com"},"priority":1},{"id":31167,"action":{"type":"block"},"condition":{"urlFilter":"||bagantax.com"},"priority":1},{"id":31192,"action":{"type":"block"},"condition":{"urlFilter":"||bayofgreens.com"},"priority":1},{"id":31220,"action":{"type":"block"},"condition":{"urlFilter":"||bbficocarseats.com"},"priority":1},{"id":31251,"action":{"type":"block"},"condition":{"urlFilter":"||be-lovedshow.com"},"priority":1},{"id":31280,"action":{"type":"block"},"condition":{"urlFilter":"||beefashionstores.com"},"priority":1},{"id":31313,"action":{"type":"block"},"condition":{"urlFilter":"||bepunjaban.com"},"priority":1},{"id":31340,"action":{"type":"block"},"condition":{"urlFilter":"||bestpaintballgun.info"},"priority":1},{"id":31374,"action":{"type":"block"},"condition":{"urlFilter":"||betrool.com"},"priority":1},{"id":31398,"action":{"type":"block"},"condition":{"urlFilter":"||bezt-newz-today.com"},"priority":1},{"id":31430,"action":{"type":"block"},"condition":{"urlFilter":"||bfm4christ.com"},"priority":1},{"id":31457,"action":{"type":"block"},"condition":{"urlFilter":"||bigwingsrestaurant.com"},"priority":1},{"id":31492,"action":{"type":"block"},"condition":{"urlFilter":"||bitpra.com"},"priority":1},{"id":31515,"action":{"type":"block"},"condition":{"urlFilter":"||bittobi.com"},"priority":1},{"id":31539,"action":{"type":"block"},"condition":{"urlFilter":"||bloomsbasket.com"},"priority":1},{"id":31568,"action":{"type":"block"},"condition":{"urlFilter":"||bluuepin.com"},"priority":1},{"id":31593,"action":{"type":"block"},"condition":{"urlFilter":"||bnsoni.com"},"priority":1},{"id":31616,"action":{"type":"block"},"condition":{"urlFilter":"||booknsunglasses.com"},"priority":1},{"id":31648,"action":{"type":"block"},"condition":{"urlFilter":"||boostingplugs.com"},"priority":1},{"id":31678,"action":{"type":"block"},"condition":{"urlFilter":"||botadapmc.com"},"priority":1},{"id":31704,"action":{"type":"block"},"condition":{"urlFilter":"||bouthilliersconstructiongov.com"},"priority":1},{"id":31748,"action":{"type":"block"},"condition":{"urlFilter":"||brainmindsociety.com"},"priority":1},{"id":31781,"action":{"type":"block"},"condition":{"urlFilter":"||bravoxoso.com"},"priority":1},{"id":31807,"action":{"type":"block"},"condition":{"urlFilter":"||breakingbay.com"},"priority":1},{"id":31835,"action":{"type":"block"},"condition":{"urlFilter":"||brynweb.com"},"priority":1},{"id":31859,"action":{"type":"block"},"condition":{"urlFilter":"||bulletinzaiynt.com"},"priority":1},{"id":31890,"action":{"type":"block"},"condition":{"urlFilter":"||byantonellascake.com"},"priority":1},{"id":31923,"action":{"type":"block"},"condition":{"urlFilter":"||captingirl.com"},"priority":1},{"id":31950,"action":{"type":"block"},"condition":{"urlFilter":"||carnercare.com"},"priority":1},{"id":31977,"action":{"type":"block"},"condition":{"urlFilter":"||cassandrawealthadvisors.com"},"priority":1},{"id":32017,"action":{"type":"block"},"condition":{"urlFilter":"||catsandcafe.com"},"priority":1},{"id":32045,"action":{"type":"block"},"condition":{"urlFilter":"||celebbizz.com"},"priority":1},{"id":32071,"action":{"type":"block"},"condition":{"urlFilter":"||ceolsen.com"},"priority":1},{"id":32095,"action":{"type":"block"},"condition":{"urlFilter":"||ceritaharian.com"},"priority":1},{"id":32124,"action":{"type":"block"},"condition":{"urlFilter":"||cheersuper.com"},"priority":1},{"id":32151,"action":{"type":"block"},"condition":{"urlFilter":"||chilltalks.org"},"priority":1},{"id":32178,"action":{"type":"block"},"condition":{"urlFilter":"||chusband.com"},"priority":1},{"id":32203,"action":{"type":"block"},"condition":{"urlFilter":"||clabs-eg.com"},"priority":1},{"id":32228,"action":{"type":"block"},"condition":{"urlFilter":"||cleanestcutss.com"},"priority":1},{"id":32258,"action":{"type":"block"},"condition":{"urlFilter":"||clipperapps.com"},"priority":1},{"id":32286,"action":{"type":"block"},"condition":{"urlFilter":"||cluebird.com"},"priority":1},{"id":32311,"action":{"type":"block"},"condition":{"urlFilter":"||comidaxpress.com"},"priority":1},{"id":32340,"action":{"type":"block"},"condition":{"urlFilter":"||copticdevs.com"},"priority":1},{"id":32367,"action":{"type":"block"},"condition":{"urlFilter":"||corecovers.info"},"priority":1},{"id":32395,"action":{"type":"block"},"condition":{"urlFilter":"||crccassessoria.com"},"priority":1},{"id":32426,"action":{"type":"block"},"condition":{"urlFilter":"||createdbygenesse.com"},"priority":1},{"id":32459,"action":{"type":"block"},"condition":{"urlFilter":"||cscjcares.com"},"priority":1},{"id":32485,"action":{"type":"block"},"condition":{"urlFilter":"||curryflavorgrill.com"},"priority":1},{"id":32518,"action":{"type":"block"},"condition":{"urlFilter":"||cursoscadastro.com"},"priority":1},{"id":32549,"action":{"type":"block"},"condition":{"urlFilter":"||cursoseofertas.com"},"priority":1},{"id":32580,"action":{"type":"block"},"condition":{"urlFilter":"||dailyreportquant.com"},"priority":1},{"id":32613,"action":{"type":"block"},"condition":{"urlFilter":"||dana-b7r.com"},"priority":1},{"id":32638,"action":{"type":"block"},"condition":{"urlFilter":"||daniloremote.com"},"priority":1},{"id":32667,"action":{"type":"block"},"condition":{"urlFilter":"||danimalrocks.com"},"priority":1},{"id":32696,"action":{"type":"block"},"condition":{"urlFilter":"||darkrabbitsolutions.com"},"priority":1},{"id":32732,"action":{"type":"block"},"condition":{"urlFilter":"||davis-analytics.com"},"priority":1},{"id":32764,"action":{"type":"block"},"condition":{"urlFilter":"||dazzlebox.com"},"priority":1},{"id":32790,"action":{"type":"block"},"condition":{"urlFilter":"||dcoygames.com"},"priority":1},{"id":32816,"action":{"type":"block"},"condition":{"urlFilter":"||definitemodel.com"},"priority":1},{"id":32846,"action":{"type":"block"},"condition":{"urlFilter":"||demandjo.com"},"priority":1},{"id":32871,"action":{"type":"block"},"condition":{"urlFilter":"||dev.prowallet.com"},"priority":1},{"id":32901,"action":{"type":"block"},"condition":{"urlFilter":"||dguedry.com"},"priority":1},{"id":32925,"action":{"type":"block"},"condition":{"urlFilter":"||dirtgrab.com"},"priority":1},{"id":32950,"action":{"type":"block"},"condition":{"urlFilter":"||disruptiveclinic.com"},"priority":1},{"id":32983,"action":{"type":"block"},"condition":{"urlFilter":"||djshawnmichaels.com"},"priority":1},{"id":33015,"action":{"type":"block"},"condition":{"urlFilter":"||dl.gold-meat.ru"},"priority":1},{"id":33043,"action":{"type":"block"},"condition":{"urlFilter":"||dominiontalent.com"},"priority":1},{"id":33074,"action":{"type":"block"},"condition":{"urlFilter":"||domoticize.com"},"priority":1},{"id":33101,"action":{"type":"block"},"condition":{"urlFilter":"||dope88.com"},"priority":1},{"id":33124,"action":{"type":"block"},"condition":{"urlFilter":"||drumlikeag.com"},"priority":1},{"id":33151,"action":{"type":"block"},"condition":{"urlFilter":"||dubairevoltsystem.com"},"priority":1},{"id":33185,"action":{"type":"block"},"condition":{"urlFilter":"||duitexchange.com"},"priority":1},{"id":33214,"action":{"type":"block"},"condition":{"urlFilter":"||dwrswap.com"},"priority":1},{"id":33238,"action":{"type":"block"},"condition":{"urlFilter":"||editfestdrone.com"},"priority":1},{"id":33268,"action":{"type":"block"},"condition":{"urlFilter":"||ejppayment.com"},"priority":1},{"id":33295,"action":{"type":"block"},"condition":{"urlFilter":"||elecapubs.com"},"priority":1},{"id":33321,"action":{"type":"block"},"condition":{"urlFilter":"||elelongservice.com"},"priority":1},{"id":33352,"action":{"type":"block"},"condition":{"urlFilter":"||elizashoup.com"},"priority":1},{"id":33379,"action":{"type":"block"},"condition":{"urlFilter":"||embroideryshop.com"},"priority":1},{"id":33410,"action":{"type":"block"},"condition":{"urlFilter":"||eminifx59.com"},"priority":1},{"id":33436,"action":{"type":"block"},"condition":{"urlFilter":"||empirecity.today"},"priority":1},{"id":33465,"action":{"type":"block"},"condition":{"urlFilter":"||estitchbysaba.com"},"priority":1},{"id":33495,"action":{"type":"block"},"condition":{"urlFilter":"||eurokidsgurugram.com"},"priority":1},{"id":33528,"action":{"type":"block"},"condition":{"urlFilter":"||fabulous6fantasy.com"},"priority":1},{"id":33561,"action":{"type":"block"},"condition":{"urlFilter":"||faqspace.com"},"priority":1},{"id":33586,"action":{"type":"block"},"condition":{"urlFilter":"||fernandespegoraro.com"},"priority":1},{"id":33620,"action":{"type":"block"},"condition":{"urlFilter":"||financialsolving.com"},"priority":1},{"id":33653,"action":{"type":"block"},"condition":{"urlFilter":"||firstmobileeducation.com"},"priority":1},{"id":33690,"action":{"type":"block"},"condition":{"urlFilter":"||flyaram.com"},"priority":1},{"id":33714,"action":{"type":"block"},"condition":{"urlFilter":"||fortsport365.com"},"priority":1},{"id":33743,"action":{"type":"block"},"condition":{"urlFilter":"||founderplusacademy.com"},"priority":1},{"id":33778,"action":{"type":"block"},"condition":{"urlFilter":"||foxandmusic.com"},"priority":1},{"id":33806,"action":{"type":"block"},"condition":{"urlFilter":"||freeball98.com"},"priority":1},{"id":33833,"action":{"type":"block"},"condition":{"urlFilter":"||freshgrainke.com"},"priority":1},{"id":33862,"action":{"type":"block"},"condition":{"urlFilter":"||ftp.7primos.com"},"priority":1},{"id":33890,"action":{"type":"block"},"condition":{"urlFilter":"||ftp.ingridsherman.com"},"priority":1},{"id":33924,"action":{"type":"block"},"condition":{"urlFilter":"||fujinoodlerestaurant.com"},"priority":1},{"id":33961,"action":{"type":"block"},"condition":{"urlFilter":"||fxbroker-consulting.com"},"priority":1},{"id":33997,"action":{"type":"block"},"condition":{"urlFilter":"||fydebot.com"},"priority":1},{"id":34021,"action":{"type":"block"},"condition":{"urlFilter":"||g-whizzy.com"},"priority":1},{"id":34046,"action":{"type":"block"},"condition":{"urlFilter":"||gangasperu.com"},"priority":1},{"id":34073,"action":{"type":"block"},"condition":{"urlFilter":"||getprintapp.com"},"priority":1},{"id":34101,"action":{"type":"block"},"condition":{"urlFilter":"||globalseedxchange.com"},"priority":1},{"id":34135,"action":{"type":"block"},"condition":{"urlFilter":"||globalsmarturl.com"},"priority":1},{"id":34166,"action":{"type":"block"},"condition":{"urlFilter":"||gobaypay.com"},"priority":1},{"id":34191,"action":{"type":"block"},"condition":{"urlFilter":"||gold-meat.ru"},"priority":1},{"id":34216,"action":{"type":"block"},"condition":{"urlFilter":"||greenacresapt.com"},"priority":1},{"id":34246,"action":{"type":"block"},"condition":{"urlFilter":"||grenvillegraphite.com"},"priority":1},{"id":34280,"action":{"type":"block"},"condition":{"urlFilter":"||groundloop.info"},"priority":1},{"id":34308,"action":{"type":"block"},"condition":{"urlFilter":"||guardin78.com"},"priority":1},{"id":34334,"action":{"type":"block"},"condition":{"urlFilter":"||hambletondefense.com"},"priority":1},{"id":34367,"action":{"type":"block"},"condition":{"urlFilter":"||happylifelab.com"},"priority":1},{"id":34396,"action":{"type":"block"},"condition":{"urlFilter":"||harrisonkieffer.com"},"priority":1},{"id":34428,"action":{"type":"block"},"condition":{"urlFilter":"||hc-learning.com"},"priority":1},{"id":34456,"action":{"type":"block"},"condition":{"urlFilter":"||hermes-filter.com"},"priority":1},{"id":34486,"action":{"type":"block"},"condition":{"urlFilter":"||hfcofficial.com"},"priority":1},{"id":34514,"action":{"type":"block"},"condition":{"urlFilter":"||hillaforklifts.com"},"priority":1},{"id":34545,"action":{"type":"block"},"condition":{"urlFilter":"||hostmaster.fabulous6fantasy.com"},"priority":1},{"id":34589,"action":{"type":"block"},"condition":{"urlFilter":"||hostmaster.hillaforklifts.com"},"priority":1},{"id":34631,"action":{"type":"block"},"condition":{"urlFilter":"||hostmaster.joshforjudge.com"},"priority":1},{"id":34671,"action":{"type":"block"},"condition":{"urlFilter":"||hostmaster.losangelesfamilylawlawyer.com"},"priority":1},{"id":34724,"action":{"type":"block"},"condition":{"urlFilter":"||hostmaster.reponses.com"},"priority":1},{"id":34760,"action":{"type":"block"},"condition":{"urlFilter":"||hostmaster.wolhyang.com"},"priority":1},{"id":34796,"action":{"type":"block"},"condition":{"urlFilter":"||hyperionity.com"},"priority":1},{"id":34824,"action":{"type":"block"},"condition":{"urlFilter":"||idleduels.com"},"priority":1},{"id":34850,"action":{"type":"block"},"condition":{"urlFilter":"||igtvreel.com"},"priority":1},{"id":34875,"action":{"type":"block"},"condition":{"urlFilter":"||ilbunjibistro.com"},"priority":1},{"id":34905,"action":{"type":"block"},"condition":{"urlFilter":"||imap.prowallet.com"},"priority":1},{"id":34936,"action":{"type":"block"},"condition":{"urlFilter":"||in-to-win-co.com"},"priority":1},{"id":34965,"action":{"type":"block"},"condition":{"urlFilter":"||info.wisewsports.com"},"priority":1},{"id":34998,"action":{"type":"block"},"condition":{"urlFilter":"||ingridsherman.com"},"priority":1},{"id":35028,"action":{"type":"block"},"condition":{"urlFilter":"||intranet.lilufan.com"},"priority":1},{"id":35061,"action":{"type":"block"},"condition":{"urlFilter":"||isdareg.com"},"priority":1},{"id":35085,"action":{"type":"block"},"condition":{"urlFilter":"||iteration777.com"},"priority":1},{"id":35114,"action":{"type":"block"},"condition":{"urlFilter":"||ivan-jr.com"},"priority":1},{"id":35138,"action":{"type":"block"},"condition":{"urlFilter":"||jaimexavier.com"},"priority":1},{"id":35166,"action":{"type":"block"},"condition":{"urlFilter":"||jakobasson.com"},"priority":1},{"id":35193,"action":{"type":"block"},"condition":{"urlFilter":"||jaredkschreiber.com"},"priority":1},{"id":35225,"action":{"type":"block"},"condition":{"urlFilter":"||jasonkrasavage.com"},"priority":1},{"id":35256,"action":{"type":"block"},"condition":{"urlFilter":"||jenkins.peshanga.com"},"priority":1},{"id":35289,"action":{"type":"block"},"condition":{"urlFilter":"||jessejamesacademy.com"},"priority":1},{"id":35323,"action":{"type":"block"},"condition":{"urlFilter":"||jjkratomdispensary.com"},"priority":1},{"id":35358,"action":{"type":"block"},"condition":{"urlFilter":"||jobztrak.com"},"priority":1},{"id":35383,"action":{"type":"block"},"condition":{"urlFilter":"||joshforjudge.com"},"priority":1},{"id":35412,"action":{"type":"block"},"condition":{"urlFilter":"||jteamturkey.com"},"priority":1},{"id":35440,"action":{"type":"block"},"condition":{"urlFilter":"||jv11am.com"},"priority":1},{"id":35463,"action":{"type":"block"},"condition":{"urlFilter":"||kabor.info"},"priority":1},{"id":35486,"action":{"type":"block"},"condition":{"urlFilter":"||kanekikek.com"},"priority":1},{"id":35512,"action":{"type":"block"},"condition":{"urlFilter":"||kaphubsapp.com"},"priority":1},{"id":35539,"action":{"type":"block"},"condition":{"urlFilter":"||karshin.com"},"priority":1},{"id":35563,"action":{"type":"block"},"condition":{"urlFilter":"||kazamajin.com"},"priority":1},{"id":35589,"action":{"type":"block"},"condition":{"urlFilter":"||kennethcanega.com"},"priority":1},{"id":35619,"action":{"type":"block"},"condition":{"urlFilter":"||keyatraderss.com"},"priority":1},{"id":35648,"action":{"type":"block"},"condition":{"urlFilter":"||khao-newth.com"},"priority":1},{"id":35675,"action":{"type":"block"},"condition":{"urlFilter":"||khitinhyeudulon.com"},"priority":1},{"id":35707,"action":{"type":"block"},"condition":{"urlFilter":"||kinesiotapelife.com"},"priority":1},{"id":35739,"action":{"type":"block"},"condition":{"urlFilter":"||kirawhite.com"},"priority":1},{"id":35765,"action":{"type":"block"},"condition":{"urlFilter":"||klmemorialschools.com"},"priority":1},{"id":35799,"action":{"type":"block"},"condition":{"urlFilter":"||kmoilane.com"},"priority":1},{"id":35824,"action":{"type":"block"},"condition":{"urlFilter":"||kuka999.com"},"priority":1},{"id":35848,"action":{"type":"block"},"condition":{"urlFilter":"||kwsells.com"},"priority":1},{"id":35872,"action":{"type":"block"},"condition":{"urlFilter":"||l21ad.com"},"priority":1},{"id":35894,"action":{"type":"block"},"condition":{"urlFilter":"||labugy.com"},"priority":1},{"id":35917,"action":{"type":"block"},"condition":{"urlFilter":"||laddercaptial.com"},"priority":1},{"id":35947,"action":{"type":"block"},"condition":{"urlFilter":"||lakeoffer.com"},"priority":1},{"id":35973,"action":{"type":"block"},"condition":{"urlFilter":"||lanansi.com"},"priority":1},{"id":35997,"action":{"type":"block"},"condition":{"urlFilter":"||laravel-code.com"},"priority":1},{"id":36026,"action":{"type":"block"},"condition":{"urlFilter":"||lazzytech.com"},"priority":1},{"id":36052,"action":{"type":"block"},"condition":{"urlFilter":"||le42a66a.justinstalledpanel.com"},"priority":1},{"id":36096,"action":{"type":"block"},"condition":{"urlFilter":"||legalbrightjoint.com"},"priority":1},{"id":36129,"action":{"type":"block"},"condition":{"urlFilter":"||lelepenyet.com"},"priority":1},{"id":36156,"action":{"type":"block"},"condition":{"urlFilter":"||leslignesdufjord.com"},"priority":1},{"id":36189,"action":{"type":"block"},"condition":{"urlFilter":"||lifechangingthoughts.com"},"priority":1},{"id":36226,"action":{"type":"block"},"condition":{"urlFilter":"||lilufan.com"},"priority":1},{"id":36250,"action":{"type":"block"},"condition":{"urlFilter":"||littlehappybliss.com"},"priority":1},{"id":36283,"action":{"type":"block"},"condition":{"urlFilter":"||littlistings.com"},"priority":1},{"id":36312,"action":{"type":"block"},"condition":{"urlFilter":"||liveyourbestlifetwice.com"},"priority":1},{"id":36350,"action":{"type":"block"},"condition":{"urlFilter":"||lojaeois.com"},"priority":1},{"id":36375,"action":{"type":"block"},"condition":{"urlFilter":"||losangelescriminalattorneys.com"},"priority":1},{"id":36419,"action":{"type":"block"},"condition":{"urlFilter":"||losangelesfamilylawlawyer.com"},"priority":1},{"id":36461,"action":{"type":"block"},"condition":{"urlFilter":"||losangelesfamilylawlawyers.com"},"priority":1},{"id":36504,"action":{"type":"block"},"condition":{"urlFilter":"||lux-sothebysrealty.com"},"priority":1},{"id":36539,"action":{"type":"block"},"condition":{"urlFilter":"||luxsothebysrealty.com"},"priority":1},{"id":36573,"action":{"type":"block"},"condition":{"urlFilter":"||luxuriyahotels.com"},"priority":1},{"id":36604,"action":{"type":"block"},"condition":{"urlFilter":"||lxtsir.com"},"priority":1},{"id":36627,"action":{"type":"block"},"condition":{"urlFilter":"||madsandyoe.com"},"priority":1},{"id":36654,"action":{"type":"block"},"condition":{"urlFilter":"||magecmoon.com"},"priority":1},{"id":36680,"action":{"type":"block"},"condition":{"urlFilter":"||mail.7primos.com"},"priority":1},{"id":36709,"action":{"type":"block"},"condition":{"urlFilter":"||mail.foxandmusic.com"},"priority":1},{"id":36742,"action":{"type":"block"},"condition":{"urlFilter":"||marakitones.com"},"priority":1},{"id":36770,"action":{"type":"block"},"condition":{"urlFilter":"||mdobbins.com"},"priority":1},{"id":36795,"action":{"type":"block"},"condition":{"urlFilter":"||meanderingmonarch.com"},"priority":1},{"id":36829,"action":{"type":"block"},"condition":{"urlFilter":"||medbharat.com"},"priority":1},{"id":36855,"action":{"type":"block"},"condition":{"urlFilter":"||medellinproperties.com"},"priority":1},{"id":36890,"action":{"type":"block"},"condition":{"urlFilter":"||medlabgov.com"},"priority":1},{"id":36916,"action":{"type":"block"},"condition":{"urlFilter":"||mekaniker.com"},"priority":1},{"id":36942,"action":{"type":"block"},"condition":{"urlFilter":"||miagegedeng.com"},"priority":1},{"id":36970,"action":{"type":"block"},"condition":{"urlFilter":"||michaelkusuma.com"},"priority":1},{"id":37000,"action":{"type":"block"},"condition":{"urlFilter":"||mihird.com"},"priority":1},{"id":37023,"action":{"type":"block"},"condition":{"urlFilter":"||milano2london.com"},"priority":1},{"id":37053,"action":{"type":"block"},"condition":{"urlFilter":"||mindgarageclasses.com"},"priority":1},{"id":37087,"action":{"type":"block"},"condition":{"urlFilter":"||minguapp.com"},"priority":1},{"id":37112,"action":{"type":"block"},"condition":{"urlFilter":"||mm88ibc.com"},"priority":1},{"id":37136,"action":{"type":"block"},"condition":{"urlFilter":"||moonstalks.com"},"priority":1},{"id":37163,"action":{"type":"block"},"condition":{"urlFilter":"||motorotam.com"},"priority":1},{"id":37189,"action":{"type":"block"},"condition":{"urlFilter":"||mts35.eprohost.cloud"},"priority":1},{"id":37222,"action":{"type":"block"},"condition":{"urlFilter":"||muindetuva.com"},"priority":1},{"id":37249,"action":{"type":"block"},"condition":{"urlFilter":"||murciajenjorienta.com"},"priority":1},{"id":37283,"action":{"type":"block"},"condition":{"urlFilter":"||musclomania.com"},"priority":1},{"id":37311,"action":{"type":"block"},"condition":{"urlFilter":"||mventa.com"},"priority":1},{"id":37334,"action":{"type":"block"},"condition":{"urlFilter":"||mx.7primos.com"},"priority":1},{"id":37361,"action":{"type":"block"},"condition":{"urlFilter":"||mx0.meanderingmonarch.com"},"priority":1},{"id":37399,"action":{"type":"block"},"condition":{"urlFilter":"||mybigbullfrog.com"},"priority":1},{"id":37429,"action":{"type":"block"},"condition":{"urlFilter":"||mybulkads.com"},"priority":1},{"id":37455,"action":{"type":"block"},"condition":{"urlFilter":"||mydateco.com"},"priority":1},{"id":37480,"action":{"type":"block"},"condition":{"urlFilter":"||myndset88.com"},"priority":1},{"id":37506,"action":{"type":"block"},"condition":{"urlFilter":"||mypilateswoodlands.com"},"priority":1},{"id":37541,"action":{"type":"block"},"condition":{"urlFilter":"||mywritingteacher.com"},"priority":1},{"id":37574,"action":{"type":"block"},"condition":{"urlFilter":"||namthitechnology.com"},"priority":1},{"id":37607,"action":{"type":"block"},"condition":{"urlFilter":"||nantecranes.com"},"priority":1},{"id":37635,"action":{"type":"block"},"condition":{"urlFilter":"||nemobase.com"},"priority":1},{"id":37660,"action":{"type":"block"},"condition":{"urlFilter":"||newsyep.com"},"priority":1},{"id":37684,"action":{"type":"block"},"condition":{"urlFilter":"||nijibooks.com"},"priority":1},{"id":37710,"action":{"type":"block"},"condition":{"urlFilter":"||nikikuzi.com"},"priority":1},{"id":37735,"action":{"type":"block"},"condition":{"urlFilter":"||nothatsme.com"},"priority":1},{"id":37761,"action":{"type":"block"},"condition":{"urlFilter":"||ns2.ttom.xyz"},"priority":1},{"id":37786,"action":{"type":"block"},"condition":{"urlFilter":"||numberli.com"},"priority":1},{"id":37811,"action":{"type":"block"},"condition":{"urlFilter":"||nutratainment.com"},"priority":1},{"id":37841,"action":{"type":"block"},"condition":{"urlFilter":"||observant-trader.com"},"priority":1},{"id":37874,"action":{"type":"block"},"condition":{"urlFilter":"||offthatsauce.com"},"priority":1},{"id":37903,"action":{"type":"block"},"condition":{"urlFilter":"||ogg.gold-meat.ru"},"priority":1},{"id":37932,"action":{"type":"block"},"condition":{"urlFilter":"||ohmcodes.com"},"priority":1},{"id":37957,"action":{"type":"block"},"condition":{"urlFilter":"||ok12ground.com"},"priority":1},{"id":37984,"action":{"type":"block"},"condition":{"urlFilter":"||olasphotography.com"},"priority":1},{"id":38016,"action":{"type":"block"},"condition":{"urlFilter":"||olegus8.com"},"priority":1},{"id":38040,"action":{"type":"block"},"condition":{"urlFilter":"||openvnu.com"},"priority":1},{"id":38064,"action":{"type":"block"},"condition":{"urlFilter":"||optimumloftdesign.com"},"priority":1},{"id":38098,"action":{"type":"block"},"condition":{"urlFilter":"||orderdeliveryprocess.com"},"priority":1},{"id":38135,"action":{"type":"block"},"condition":{"urlFilter":"||orthopedicspecialistslouisiana.com"},"priority":1},{"id":38182,"action":{"type":"block"},"condition":{"urlFilter":"||osinoco.com"},"priority":1},{"id":38206,"action":{"type":"block"},"condition":{"urlFilter":"||ouitogroup.com"},"priority":1},{"id":38233,"action":{"type":"block"},"condition":{"urlFilter":"||overstayjaffa.com"},"priority":1},{"id":38263,"action":{"type":"block"},"condition":{"urlFilter":"||oybcomics.com"},"priority":1},{"id":38289,"action":{"type":"block"},"condition":{"urlFilter":"||paisleycecil.com"},"priority":1},{"id":38318,"action":{"type":"block"},"condition":{"urlFilter":"||peace2home.com"},"priority":1},{"id":38345,"action":{"type":"block"},"condition":{"urlFilter":"||peshanga.com"},"priority":1},{"id":38370,"action":{"type":"block"},"condition":{"urlFilter":"||philipparmingeon.com"},"priority":1},{"id":38403,"action":{"type":"block"},"condition":{"urlFilter":"||philiprudy.com"},"priority":1},{"id":38430,"action":{"type":"block"},"condition":{"urlFilter":"||philosophicalengineer.com"},"priority":1},{"id":38468,"action":{"type":"block"},"condition":{"urlFilter":"||piptrip.com"},"priority":1},{"id":38492,"action":{"type":"block"},"condition":{"urlFilter":"||pixnot.com"},"priority":1},{"id":38515,"action":{"type":"block"},"condition":{"urlFilter":"||pixyvend.com"},"priority":1},{"id":38540,"action":{"type":"block"},"condition":{"urlFilter":"||plavins.com"},"priority":1},{"id":38564,"action":{"type":"block"},"condition":{"urlFilter":"||playamethyst.com"},"priority":1},{"id":38593,"action":{"type":"block"},"condition":{"urlFilter":"||pma.dev.prowallet.com"},"priority":1},{"id":38627,"action":{"type":"block"},"condition":{"urlFilter":"||podqueen.com"},"priority":1},{"id":38652,"action":{"type":"block"},"condition":{"urlFilter":"||polyglotcoding.com"},"priority":1},{"id":38683,"action":{"type":"block"},"condition":{"urlFilter":"||pop.prowallet.com"},"priority":1},{"id":38713,"action":{"type":"block"},"condition":{"urlFilter":"||prayerbeadstore.com"},"priority":1},{"id":38745,"action":{"type":"block"},"condition":{"urlFilter":"||prayerbeadsworld.com"},"priority":1},{"id":38778,"action":{"type":"block"},"condition":{"urlFilter":"||proceduresystems.com"},"priority":1},{"id":38811,"action":{"type":"block"},"condition":{"urlFilter":"||proflyr.com"},"priority":1},{"id":38835,"action":{"type":"block"},"condition":{"urlFilter":"||promocodepa.com"},"priority":1},{"id":38863,"action":{"type":"block"},"condition":{"urlFilter":"||prosus-zoom.com"},"priority":1},{"id":38891,"action":{"type":"block"},"condition":{"urlFilter":"||prowallet.com"},"priority":1},{"id":38917,"action":{"type":"block"},"condition":{"urlFilter":"||purekushconsulting.com"},"priority":1},{"id":38952,"action":{"type":"block"},"condition":{"urlFilter":"||qirinedu.com"},"priority":1},{"id":38977,"action":{"type":"block"},"condition":{"urlFilter":"||qlifemedicals.com"},"priority":1},{"id":39007,"action":{"type":"block"},"condition":{"urlFilter":"||queuelyte.com"},"priority":1},{"id":39033,"action":{"type":"block"},"condition":{"urlFilter":"||quicktypecode.com"},"priority":1},{"id":39063,"action":{"type":"block"},"condition":{"urlFilter":"||quizas-slachtoffers.fun"},"priority":1},{"id":39099,"action":{"type":"block"},"condition":{"urlFilter":"||quoteous.com"},"priority":1},{"id":39124,"action":{"type":"block"},"condition":{"urlFilter":"||radicalizeapp.com"},"priority":1},{"id":39154,"action":{"type":"block"},"condition":{"urlFilter":"||rafills.com"},"priority":1},{"id":39178,"action":{"type":"block"},"condition":{"urlFilter":"||ranchodemanolo.com"},"priority":1},{"id":39209,"action":{"type":"block"},"condition":{"urlFilter":"||rapidtrainsit.com"},"priority":1},{"id":39239,"action":{"type":"block"},"condition":{"urlFilter":"||reachood.com"},"priority":1},{"id":39264,"action":{"type":"block"},"condition":{"urlFilter":"||realityprotocol.com"},"priority":1},{"id":39296,"action":{"type":"block"},"condition":{"urlFilter":"||realmanz.com"},"priority":1},{"id":39321,"action":{"type":"block"},"condition":{"urlFilter":"||redlandhosting.com"},"priority":1},{"id":39352,"action":{"type":"block"},"condition":{"urlFilter":"||redmatch-dev.com"},"priority":1},{"id":39381,"action":{"type":"block"},"condition":{"urlFilter":"||redrose-samp.info"},"priority":1},{"id":39411,"action":{"type":"block"},"condition":{"urlFilter":"||regalxervice.com"},"priority":1},{"id":39440,"action":{"type":"block"},"condition":{"urlFilter":"||reinhard-winter.info"},"priority":1},{"id":39473,"action":{"type":"block"},"condition":{"urlFilter":"||rentabilizarte.com"},"priority":1},{"id":39504,"action":{"type":"block"},"condition":{"urlFilter":"||rentaphantom.info"},"priority":1},{"id":39534,"action":{"type":"block"},"condition":{"urlFilter":"||reponses.com"},"priority":1},{"id":39559,"action":{"type":"block"},"condition":{"urlFilter":"||restrainingorderlawyers.com"},"priority":1},{"id":39599,"action":{"type":"block"},"condition":{"urlFilter":"||reuseu.com"},"priority":1},{"id":39622,"action":{"type":"block"},"condition":{"urlFilter":"||rimpub.com"},"priority":1},{"id":39645,"action":{"type":"block"},"condition":{"urlFilter":"||rishigoutam.com"},"priority":1},{"id":39673,"action":{"type":"block"},"condition":{"urlFilter":"||riyanfashion.com"},"priority":1},{"id":39702,"action":{"type":"block"},"condition":{"urlFilter":"||rootboundmarketing.com"},"priority":1},{"id":39737,"action":{"type":"block"},"condition":{"urlFilter":"||runaroundthailand.com"},"priority":1},{"id":39771,"action":{"type":"block"},"condition":{"urlFilter":"||sabiomail.com"},"priority":1},{"id":39797,"action":{"type":"block"},"condition":{"urlFilter":"||saibamaisconteudo.com"},"priority":1},{"id":39831,"action":{"type":"block"},"condition":{"urlFilter":"||saiindustriesorg.com"},"priority":1},{"id":39864,"action":{"type":"block"},"condition":{"urlFilter":"||saleega.com"},"priority":1},{"id":39888,"action":{"type":"block"},"condition":{"urlFilter":"||salessugarlane.com"},"priority":1},{"id":39919,"action":{"type":"block"},"condition":{"urlFilter":"||sammeyerson.com"},"priority":1},{"id":39947,"action":{"type":"block"},"condition":{"urlFilter":"||samsautomation.com"},"priority":1},{"id":39978,"action":{"type":"block"},"condition":{"urlFilter":"||sanatoriohnopedro.com"},"priority":1},{"id":40012,"action":{"type":"block"},"condition":{"urlFilter":"||sareelo.com"},"priority":1},{"id":40036,"action":{"type":"block"},"condition":{"urlFilter":"||sb.gold-meat.ru"},"priority":1},{"id":40064,"action":{"type":"block"},"condition":{"urlFilter":"||scalawagsalon.com"},"priority":1},{"id":40094,"action":{"type":"block"},"condition":{"urlFilter":"||scottgmorton.com"},"priority":1},{"id":40123,"action":{"type":"block"},"condition":{"urlFilter":"||seekingthephilippines.com"},"priority":1},{"id":40161,"action":{"type":"block"},"condition":{"urlFilter":"||selunar.com"},"priority":1},{"id":40185,"action":{"type":"block"},"condition":{"urlFilter":"||seriosec.com"},"priority":1},{"id":40210,"action":{"type":"block"},"condition":{"urlFilter":"||seriosgames.com"},"priority":1},{"id":40238,"action":{"type":"block"},"condition":{"urlFilter":"||serpfect.com"},"priority":1},{"id":40263,"action":{"type":"block"},"condition":{"urlFilter":"||server.7primos.com"},"priority":1},{"id":40294,"action":{"type":"block"},"condition":{"urlFilter":"||servewish.com"},"priority":1},{"id":40320,"action":{"type":"block"},"condition":{"urlFilter":"||shambaboys.com"},"priority":1},{"id":40347,"action":{"type":"block"},"condition":{"urlFilter":"||sharky24.com"},"priority":1},{"id":40372,"action":{"type":"block"},"condition":{"urlFilter":"||shiftotter.com"},"priority":1},{"id":40399,"action":{"type":"block"},"condition":{"urlFilter":"||shop-tm.com"},"priority":1},{"id":40423,"action":{"type":"block"},"condition":{"urlFilter":"||shopinthedoor.com"},"priority":1},{"id":40453,"action":{"type":"block"},"condition":{"urlFilter":"||shortbiolink.com"},"priority":1},{"id":40482,"action":{"type":"block"},"condition":{"urlFilter":"||showthemreal.com"},"priority":1},{"id":40511,"action":{"type":"block"},"condition":{"urlFilter":"||siteswave.com"},"priority":1},{"id":40537,"action":{"type":"block"},"condition":{"urlFilter":"||slip-o-matic.com"},"priority":1},{"id":40566,"action":{"type":"block"},"condition":{"urlFilter":"||southpawflow.com"},"priority":1},{"id":40595,"action":{"type":"block"},"condition":{"urlFilter":"||storedelrisparmio.com"},"priority":1},{"id":40629,"action":{"type":"block"},"condition":{"urlFilter":"||storygine.com"},"priority":1},{"id":40655,"action":{"type":"block"},"condition":{"urlFilter":"||subtitle5.com"},"priority":1},{"id":40681,"action":{"type":"block"},"condition":{"urlFilter":"||sunsportpl.com"},"priority":1},{"id":40708,"action":{"type":"block"},"condition":{"urlFilter":"||suq-ye.com"},"priority":1},{"id":40731,"action":{"type":"block"},"condition":{"urlFilter":"||survivedthebear.com"},"priority":1},{"id":40763,"action":{"type":"block"},"condition":{"urlFilter":"||syllabirepository.com"},"priority":1},{"id":40797,"action":{"type":"block"},"condition":{"urlFilter":"||sypaze.com"},"priority":1},{"id":40820,"action":{"type":"block"},"condition":{"urlFilter":"||ta-mill.com"},"priority":1},{"id":40844,"action":{"type":"block"},"condition":{"urlFilter":"||ta-millwork.com"},"priority":1},{"id":40872,"action":{"type":"block"},"condition":{"urlFilter":"||talkortryforfun.com"},"priority":1},{"id":40904,"action":{"type":"block"},"condition":{"urlFilter":"||taqrebcenter.com"},"priority":1},{"id":40933,"action":{"type":"block"},"condition":{"urlFilter":"||tastesurta.com"},"priority":1},{"id":40960,"action":{"type":"block"},"condition":{"urlFilter":"||tau-enterprise.com"},"priority":1},{"id":40991,"action":{"type":"block"},"condition":{"urlFilter":"||tawgaming.com"},"priority":1},{"id":41017,"action":{"type":"block"},"condition":{"urlFilter":"||techcaffi.com"},"priority":1},{"id":41043,"action":{"type":"block"},"condition":{"urlFilter":"||techtokbuy.com"},"priority":1},{"id":41070,"action":{"type":"block"},"condition":{"urlFilter":"||tele-entrega.com"},"priority":1},{"id":41099,"action":{"type":"block"},"condition":{"urlFilter":"||test.goldsrc.ru"},"priority":1},{"id":41127,"action":{"type":"block"},"condition":{"urlFilter":"||testesistema.com"},"priority":1},{"id":41156,"action":{"type":"block"},"condition":{"urlFilter":"||testtraf.com"},"priority":1},{"id":41181,"action":{"type":"block"},"condition":{"urlFilter":"||theasianhomes.com"},"priority":1},{"id":41211,"action":{"type":"block"},"condition":{"urlFilter":"||thelittlestastronautbook.com"},"priority":1},{"id":41252,"action":{"type":"block"},"condition":{"urlFilter":"||themailupdate.com"},"priority":1},{"id":41282,"action":{"type":"block"},"condition":{"urlFilter":"||themightypuck.com"},"priority":1},{"id":41312,"action":{"type":"block"},"condition":{"urlFilter":"||themyngl.com"},"priority":1},{"id":41337,"action":{"type":"block"},"condition":{"urlFilter":"||thestringbook.com"},"priority":1},{"id":41367,"action":{"type":"block"},"condition":{"urlFilter":"||thesuperchargerguide.com"},"priority":1},{"id":41404,"action":{"type":"block"},"condition":{"urlFilter":"||theunsorted.com"},"priority":1},{"id":41432,"action":{"type":"block"},"condition":{"urlFilter":"||theviralpunjab.com"},"priority":1},{"id":41463,"action":{"type":"block"},"condition":{"urlFilter":"||thirstysocial.com"},"priority":1},{"id":41493,"action":{"type":"block"},"condition":{"urlFilter":"||thirtysevenpixel.com"},"priority":1},{"id":41526,"action":{"type":"block"},"condition":{"urlFilter":"||tiaa-us.com"},"priority":1},{"id":41550,"action":{"type":"block"},"condition":{"urlFilter":"||tiffanietru.com"},"priority":1},{"id":41578,"action":{"type":"block"},"condition":{"urlFilter":"||timiteadama.com"},"priority":1},{"id":41606,"action":{"type":"block"},"condition":{"urlFilter":"||tipex-express.com"},"priority":1},{"id":41636,"action":{"type":"block"},"condition":{"urlFilter":"||tofalado.com"},"priority":1},{"id":41661,"action":{"type":"block"},"condition":{"urlFilter":"||toplifestyleusa.com"},"priority":1},{"id":41693,"action":{"type":"block"},"condition":{"urlFilter":"||torymance.com"},"priority":1},{"id":41719,"action":{"type":"block"},"condition":{"urlFilter":"||trademarkwebapihost.com"},"priority":1},{"id":41755,"action":{"type":"block"},"condition":{"urlFilter":"||transformdoc.com"},"priority":1},{"id":41784,"action":{"type":"block"},"condition":{"urlFilter":"||travelwithpreeti.com"},"priority":1},{"id":41817,"action":{"type":"block"},"condition":{"urlFilter":"||trendyfoodllc.com"},"priority":1},{"id":41847,"action":{"type":"block"},"condition":{"urlFilter":"||trialbyfiredistro.com"},"priority":1},{"id":41881,"action":{"type":"block"},"condition":{"urlFilter":"||trucking-hub.com"},"priority":1},{"id":41910,"action":{"type":"block"},"condition":{"urlFilter":"||true-resilience.com"},"priority":1},{"id":41942,"action":{"type":"block"},"condition":{"urlFilter":"||tryenom.com"},"priority":1},{"id":41966,"action":{"type":"block"},"condition":{"urlFilter":"||trymiraclemade.com"},"priority":1},{"id":41997,"action":{"type":"block"},"condition":{"urlFilter":"||tsl-x-project.com"},"priority":1},{"id":42027,"action":{"type":"block"},"condition":{"urlFilter":"||tvinternetbestdeals.com"},"priority":1},{"id":42063,"action":{"type":"block"},"condition":{"urlFilter":"||uppook.com"},"priority":1},{"id":42086,"action":{"type":"block"},"condition":{"urlFilter":"||urprovidersapi.com"},"priority":1},{"id":42117,"action":{"type":"block"},"condition":{"urlFilter":"||usrmm.com"},"priority":1},{"id":42139,"action":{"type":"block"},"condition":{"urlFilter":"||v5.sammeyerson.com"},"priority":1},{"id":42170,"action":{"type":"block"},"condition":{"urlFilter":"||v7.sammeyerson.com"},"priority":1},{"id":42201,"action":{"type":"block"},"condition":{"urlFilter":"||valorantfantasy.com"},"priority":1},{"id":42233,"action":{"type":"block"},"condition":{"urlFilter":"||vamisola.com"},"priority":1},{"id":42258,"action":{"type":"block"},"condition":{"urlFilter":"||vapa.info"},"priority":1},{"id":42280,"action":{"type":"block"},"condition":{"urlFilter":"||verbal.com"},"priority":1},{"id":42303,"action":{"type":"block"},"condition":{"urlFilter":"||vicartz.com"},"priority":1},{"id":42327,"action":{"type":"block"},"condition":{"urlFilter":"||vintagewealthadvisor.com"},"priority":1},{"id":42364,"action":{"type":"block"},"condition":{"urlFilter":"||vishaldigha.com"},"priority":1},{"id":42392,"action":{"type":"block"},"condition":{"urlFilter":"||vittorehome.com"},"priority":1},{"id":42420,"action":{"type":"block"},"condition":{"urlFilter":"||vittoremobilya.com"},"priority":1},{"id":42451,"action":{"type":"block"},"condition":{"urlFilter":"||vmrentagreement.com"},"priority":1},{"id":42483,"action":{"type":"block"},"condition":{"urlFilter":"||vpn.7primos.com"},"priority":1},{"id":42511,"action":{"type":"block"},"condition":{"urlFilter":"||vps.7primos.com"},"priority":1},{"id":42539,"action":{"type":"block"},"condition":{"urlFilter":"||wandip.com"},"priority":1},{"id":42562,"action":{"type":"block"},"condition":{"urlFilter":"||watirna.com"},"priority":1},{"id":42586,"action":{"type":"block"},"condition":{"urlFilter":"||webairindia.com"},"priority":1},{"id":42614,"action":{"type":"block"},"condition":{"urlFilter":"||webcreative.cc"},"priority":1},{"id":42641,"action":{"type":"block"},"condition":{"urlFilter":"||webmail.meanderingmonarch.com"},"priority":1},{"id":42683,"action":{"type":"block"},"condition":{"urlFilter":"||westnileyouthcenter.info"},"priority":1},{"id":42720,"action":{"type":"block"},"condition":{"urlFilter":"||wetterkroatien.info"},"priority":1},{"id":42752,"action":{"type":"block"},"condition":{"urlFilter":"||whohascalled.com"},"priority":1},{"id":42781,"action":{"type":"block"},"condition":{"urlFilter":"||winswipe.com"},"priority":1},{"id":42806,"action":{"type":"block"},"condition":{"urlFilter":"||wisefacts.info"},"priority":1},{"id":42833,"action":{"type":"block"},"condition":{"urlFilter":"||wluvu.com"},"priority":1},{"id":42855,"action":{"type":"block"},"condition":{"urlFilter":"||wokebit.com"},"priority":1},{"id":42879,"action":{"type":"block"},"condition":{"urlFilter":"||wolfandthefox.com"},"priority":1},{"id":42909,"action":{"type":"block"},"condition":{"urlFilter":"||wolhyang.com"},"priority":1},{"id":42934,"action":{"type":"block"},"condition":{"urlFilter":"||womankind.info"},"priority":1},{"id":42961,"action":{"type":"block"},"condition":{"urlFilter":"||wpagoravideo.com"},"priority":1},{"id":42990,"action":{"type":"block"},"condition":{"urlFilter":"||ww-absher.com"},"priority":1},{"id":43016,"action":{"type":"block"},"condition":{"urlFilter":"||xantrexapp.com"},"priority":1},{"id":43043,"action":{"type":"block"},"condition":{"urlFilter":"||xrgreenland.com"},"priority":1},{"id":43071,"action":{"type":"block"},"condition":{"urlFilter":"||yoginikaliji.com"},"priority":1},{"id":43100,"action":{"type":"block"},"condition":{"urlFilter":"||youinu.com"},"priority":1},{"id":43123,"action":{"type":"block"},"condition":{"urlFilter":"||yugenzone.com"},"priority":1},{"id":43149,"action":{"type":"block"},"condition":{"urlFilter":"||yuvaresult.com"},"priority":1},{"id":43176,"action":{"type":"block"},"condition":{"urlFilter":"||yzxchange.com"},"priority":1},{"id":43202,"action":{"type":"block"},"condition":{"urlFilter":"||zackmusgrave.com"},"priority":1},{"id":43231,"action":{"type":"block"},"condition":{"urlFilter":"||zendarr.com"},"priority":1},{"id":43255,"action":{"type":"block"},"condition":{"urlFilter":"||zithex.com"},"priority":1},{"id":43278,"action":{"type":"block"},"condition":{"urlFilter":"||zithextoken.com"},"priority":1},{"id":43306,"action":{"type":"block"},"condition":{"urlFilter":"||zookymatt.com"},"priority":1},{"id":48146,"action":{"type":"block"},"condition":{"urlFilter":"||movie2free.com^","domainType":"thirdParty"},"priority":2},{"id":48189,"action":{"type":"block"},"condition":{"urlFilter":"||www.movie2free.com/wp-content/themes/next/images/*","resourceTypes":["image"]},"priority":101},{"id":49156,"action":{"type":"block"},"condition":{"urlFilter":"||yed365days.com/wp-content/*","resourceTypes":["image"]},"priority":101},{"id":49211,"action":{"type":"block"},"condition":{"urlFilter":"||nung-sub.com/images/banners/"},"priority":1},{"id":49501,"action":{"type":"block"},"condition":{"urlFilter":"||baner.msa-video.com"},"priority":1},{"id":49533,"action":{"type":"block"},"condition":{"urlFilter":"||movie87hd.com/*.gif","resourceTypes":["image"]},"priority":101},{"id":50918,"action":{"type":"block"},"condition":{"urlFilter":"||nungde.com/wp-content/uploads/*/*.gif"},"priority":1},{"id":51032,"action":{"type":"block"},"condition":{"urlFilter":"*.gif","initiatorDomains":["037hdmovie.com"],"resourceTypes":["image"]},"priority":301},{"id":51091,"action":{"type":"block"},"condition":{"urlFilter":"||037hdmovie.com/ads^"},"priority":1},{"id":51123,"action":{"type":"block"},"condition":{"urlFilter":"||rsc.cdn77.org/videos/ads-","initiatorDomains":["leoplayer7.com"],"resourceTypes":["media"]},"priority":301},{"id":51204,"action":{"type":"block"},"condition":{"urlFilter":"||upfastfile.com/upload/","initiatorDomains":["leoplayer7.com"],"resourceTypes":["media"]},"priority":301},{"id":51798,"action":{"type":"block"},"condition":{"urlFilter":"||cdend.com^","initiatorDomains":["leoplayer7.com"],"resourceTypes":["media"]},"priority":301},{"id":51864,"action":{"type":"block"},"condition":{"urlFilter":"||googles.video^","initiatorDomains":["leoplayer7.com"],"resourceTypes":["media"]},"priority":301},{"id":53607,"action":{"type":"block"},"condition":{"urlFilter":"||techtalkthai.com/wp-content/*banner*","resourceTypes":["image"]},"priority":101},{"id":53989,"action":{"type":"block"},"condition":{"urlFilter":"||www.thaiboyslove.com/webboard/banner/*","resourceTypes":["image"]},"priority":101},{"id":54859,"action":{"type":"block"},"condition":{"urlFilter":"||iwilldoforking.com/coverpage.js","domainType":"thirdParty","resourceTypes":["script"]},"priority":102},{"id":54927,"action":{"type":"block"},"condition":{"urlFilter":"||marketingoops.com/*/itro-popup/*"},"priority":1},{"id":54972,"action":{"type":"block"},"condition":{"urlFilter":"||marketingoops.com/popup-ad*"},"priority":1},{"id":55012,"action":{"type":"block"},"condition":{"urlFilter":"||marketingoops.com/truehitsstat.php?"},"priority":1},{"id":55060,"action":{"type":"block"},"condition":{"urlFilter":"||sistacafe.com/assets/jquery.cookie-*.js","resourceTypes":["script"]},"priority":101},{"id":55127,"action":{"type":"block"},"condition":{"urlFilter":"||sistacafe.com/assets/popup_notification-*.js","resourceTypes":["script"]},"priority":101},{"id":55199,"action":{"type":"block"},"condition":{"urlFilter":"||thaiidol.com/*/popup-by-supsystic/*"},"priority":1},{"id":55247,"action":{"type":"block"},"condition":{"urlFilter":"||thailandbestbeauty.com/*colorbox*"},"priority":1},{"id":55293,"action":{"type":"block"},"condition":{"urlFilter":"||webtoons.com/js/lib/*_logger*"},"priority":1},{"id":55335,"action":{"type":"block"},"condition":{"urlFilter":"||webtoons.com/js/lib/dfp_helper*"},"priority":1},{"id":55379,"action":{"type":"block"},"condition":{"urlFilter":"||webtoons.com/js/lib/gak*"},"priority":1},{"id":55642,"action":{"type":"allow"},"condition":{"urlFilter":"||gelbooru.com/ads.js?"},"priority":100001},{"id":55675,"action":{"type":"block"},"condition":{"urlFilter":"||ads.bumq.com"},"priority":1},{"id":55700,"action":{"type":"block"},"condition":{"urlFilter":"||cdn.popcash.net"},"priority":1},{"id":55728,"action":{"type":"block"},"condition":{"urlFilter":"||cdn.popmyads.com"},"priority":1},{"id":55757,"action":{"type":"block"},"condition":{"urlFilter":"||code.nytive.com"},"priority":1},{"id":55785,"action":{"type":"block"},"condition":{"urlFilter":"||code.yengo.com"},"priority":1},{"id":55812,"action":{"type":"block"},"condition":{"urlFilter":"||comenu.ais.co.th"},"priority":1},{"id":55841,"action":{"type":"block"},"condition":{"urlFilter":"||digital.ais.co.th/file/common/js/sub-store.js"},"priority":1},{"id":55899,"action":{"type":"block"},"condition":{"urlFilter":"||mds.nipa.co.th"},"priority":1},{"id":55926,"action":{"type":"block"},"condition":{"urlFilter":"||metrics.brightcove.com"},"priority":1},{"id":55961,"action":{"type":"block"},"condition":{"urlFilter":"||netdna-ssl.com/*/advanced-ads/"},"priority":1},{"id":56004,"action":{"type":"block"},"condition":{"urlFilter":"||netdna-ssl.com/*/easy-social-share-buttons3/"},"priority":1},{"id":56061,"action":{"type":"block"},"condition":{"urlFilter":"||saxp.zedo.com"},"priority":1},{"id":56087,"action":{"type":"block"},"condition":{"urlFilter":"||sistacafe.com/scripts/nytive"},"priority":1},{"id":56128,"action":{"type":"block"},"condition":{"urlFilter":"||sistacafe.com/scripts/truehits"},"priority":1},{"id":56171,"action":{"type":"block"},"condition":{"urlFilter":"||sistacafe.com/scripts/yengo"},"priority":1},{"id":56211,"action":{"type":"block"},"condition":{"urlFilter":"||srf.ais.co.th"},"priority":1},{"id":56237,"action":{"type":"block"},"condition":{"urlFilter":"||thaiza.com/nodo.html"},"priority":1},{"id":56270,"action":{"type":"block"},"condition":{"urlFilter":"||viu.com/ott/*/tracking/*"},"priority":1},{"id":56307,"action":{"type":"block"},"condition":{"urlFilter":"||wp.com/media.go2*.*/*"},"priority":1},{"id":56341,"action":{"type":"block"},"condition":{"urlFilter":"||ws-adv.ais.co.th"},"priority":1},{"id":59823,"action":{"type":"block"},"condition":{"urlFilter":"||soccersuck.com/img/banner"},"priority":1},{"id":61601,"action":{"type":"block"},"condition":{"urlFilter":"||notebookspec.com/*/nbs-ilightbox/*"},"priority":1},{"id":61648,"action":{"type":"block"},"condition":{"urlFilter":"||notebookspec.com/*/nbs_custom_ads_skin.php"},"priority":1},{"id":61703,"action":{"type":"block"},"condition":{"urlFilter":"||notebookspec.com/tracker^"},"priority":1},{"id":61741,"action":{"type":"block"},"condition":{"urlFilter":"||oopsmobile.net/*/arscode-ninja-popups/*"},"priority":1},{"id":61793,"action":{"type":"block"},"condition":{"urlFilter":"||specphone.com/*/nbs-ilightbox/*"},"priority":1},{"id":61837,"action":{"type":"block"},"condition":{"urlFilter":"||techmoblog.com/*colorbox*"},"priority":1},{"id":61875,"action":{"type":"block"},"condition":{"urlFilter":"||techmoblog.com/tmb-advertise^","resourceTypes":["sub_frame"]},"priority":101},{"id":61932,"action":{"type":"block"},"condition":{"urlFilter":"||techxcite.com/ads/revive/"},"priority":1},{"id":61970,"action":{"type":"block"},"condition":{"urlFilter":"||techxcite.com/stats.php?"},"priority":1},{"id":62007,"action":{"type":"block"},"condition":{"urlFilter":"||techxcite.com/truehitsstat.php?"},"priority":1},{"id":62051,"action":{"type":"block"},"condition":{"urlFilter":"||thaimobilecenter.com/colorbox^"},"priority":1},{"id":62094,"action":{"type":"block"},"condition":{"urlFilter":"||thetechr.com/*/jinda-facebook-lightbox/*"},"priority":1},{"id":55416,"action":{"type":"block"},"condition":{"regexFilter":"plugins/add-to-any","initiatorDomains":["compgamer.com","tgpl.in.th"]},"priority":151},{"id":55491,"action":{"type":"block"},"condition":{"regexFilter":"plugins/popups","initiatorDomains":["coregamerth.com","fmone1035.com","get1025.com","miru-anime.net","miruanime.net","shopspotapp.com"],"resourceTypes":["stylesheet","script"]},"priority":193}]