[{"id":5,"action":{"type":"block"},"condition":{"urlFilter":".lv/ads/"},"priority":1},{"id":24,"action":{"type":"block"},"condition":{"urlFilter":".lv/banners/"},"priority":1},{"id":47,"action":{"type":"block"},"condition":{"urlFilter":".lv/images/banners/","domainType":"thirdParty"},"priority":2},{"id":92,"action":{"type":"block"},"condition":{"urlFilter":".lv/img/banners/"},"priority":1},{"id":119,"action":{"type":"block"},"condition":{"urlFilter":"/optibet.jpg|","excludedInitiatorDomains":["optibet.lu","optibet.lv","optibet.com","optibet.ee","optibet.lt"]},"priority":2},{"id":223,"action":{"type":"block"},"condition":{"urlFilter":"/wp-content/srennab^"},"priority":1},{"id":254,"action":{"type":"block"},"condition":{"urlFilter":"||1188.lv^*/banners/"},"priority":1},{"id":285,"action":{"type":"block"},"condition":{"urlFilter":"||1a.lv/images/creamcredit"},"priority":1},{"id":322,"action":{"type":"block"},"condition":{"urlFilter":"||1w.lv/banner_"},"priority":1},{"id":348,"action":{"type":"block"},"condition":{"urlFilter":"||220.lv/rek_html/"},"priority":1},{"id":377,"action":{"type":"block"},"condition":{"urlFilter":"||2x2.lv/img/","resourceTypes":["object"]},"priority":101},{"id":416,"action":{"type":"block"},"condition":{"urlFilter":"||admp-tc.delfi.lv^"},"priority":1},{"id":446,"action":{"type":"block"},"condition":{"urlFilter":"||atlaides.delfi.lv/export.php"},"priority":1},{"id":487,"action":{"type":"block"},"condition":{"urlFilter":"||balticlivecam.com/images/acb_logo.png"},"priority":1},{"id":537,"action":{"type":"block"},"condition":{"urlFilter":"||banners.zl.lv^"},"priority":1},{"id":564,"action":{"type":"block"},"condition":{"urlFilter":"||bdaugava.lv/media/uploads/banners/"},"priority":1},{"id":611,"action":{"type":"block"},"condition":{"urlFilter":"||bigshop.lv/baners/"},"priority":1},{"id":642,"action":{"type":"block"},"condition":{"urlFilter":"||bilesuserviss.lv/upload/banner/"},"priority":1},{"id":686,"action":{"type":"block"},"condition":{"urlFilter":"||bm.lv/images/*.swf"},"priority":1},{"id":717,"action":{"type":"block"},"condition":{"urlFilter":"||bm.lv^*_banner.swf"},"priority":1},{"id":748,"action":{"type":"block"},"condition":{"urlFilter":"||cdn.balticlivecam.com/flowplayer/ad_clean.css"},"priority":1},{"id":806,"action":{"type":"block"},"condition":{"urlFilter":"||cenuklubs.lv/assets/images/BANERI/"},"priority":1},{"id":853,"action":{"type":"block"},"condition":{"urlFilter":"||cenuklubs.lv/assets/media/"},"priority":1},{"id":892,"action":{"type":"block"},"condition":{"urlFilter":"||delfi.lv/ap/edu/g/"},"priority":1},{"id":923,"action":{"type":"block"},"condition":{"urlFilter":"||delfi.lv/d/h2011/pardotnet/"},"priority":1},{"id":963,"action":{"type":"block"},"condition":{"urlFilter":"||delfi.lv/d/infoblock/"},"priority":1},{"id":997,"action":{"type":"block"},"condition":{"urlFilter":"||delfi.lv/fp/i/city24"},"priority":1},{"id":1030,"action":{"type":"block"},"condition":{"urlFilter":"||delfi.lv/jo/g/"},"priority":1},{"id":1057,"action":{"type":"block"},"condition":{"urlFilter":"||delfi.lv/misc/xml_infoblocks/"},"priority":1},{"id":1099,"action":{"type":"block"},"condition":{"urlFilter":"||delfi.lv/tr/g/"},"priority":1},{"id":1126,"action":{"type":"block"},"condition":{"urlFilter":"||delfi.lv/ve/g/"},"priority":1},{"id":1153,"action":{"type":"block"},"condition":{"urlFilter":"||delphi.lv/city24/"},"priority":1},{"id":1183,"action":{"type":"block"},"condition":{"urlFilter":"||delphi.lv/news-blocks/external/inchlv"},"priority":1},{"id":1233,"action":{"type":"block"},"condition":{"urlFilter":"||discover.lv/userfiles/promofotos/"},"priority":1},{"id":1279,"action":{"type":"block"},"condition":{"urlFilter":"||e-pica.lv/mce/uploads/banners/"},"priority":1},{"id":1322,"action":{"type":"block"},"condition":{"urlFilter":"||ecompics.power.oho.lv^"},"priority":1},{"id":1357,"action":{"type":"block"},"condition":{"urlFilter":"||ehalle.lv/grupu_bildes/"},"priority":1},{"id":1393,"action":{"type":"block"},"condition":{"urlFilter":"||elektroenergija.lv/img/atl*","resourceTypes":["image"]},"priority":101},{"id":1448,"action":{"type":"block"},"condition":{"urlFilter":"||elittesport.lv/pictures/banneri_gar_malam/"},"priority":1},{"id":1503,"action":{"type":"block"},"condition":{"urlFilter":"||elittesport.lv/pictures/Tirgoshanas/"},"priority":1},{"id":1552,"action":{"type":"block"},"condition":{"urlFilter":"||eveselibaspunkts.lv/images/banners/"},"priority":1},{"id":1600,"action":{"type":"block"},"condition":{"urlFilter":"||fotoreceptes.lv/banneris"},"priority":1},{"id":1637,"action":{"type":"block"},"condition":{"urlFilter":"||fotoreceptes.lv/iespeja.GIF"},"priority":1},{"id":1677,"action":{"type":"block"},"condition":{"urlFilter":"||gudriem.lv/App_Themes/Default/Banners/"},"priority":1},{"id":1728,"action":{"type":"block"},"condition":{"urlFilter":"||gudrinieks.lv/res/banner/"},"priority":1},{"id":1766,"action":{"type":"block"},"condition":{"urlFilter":"||gudrinieks.lv/res/js/sb_banner.js"},"priority":1},{"id":1812,"action":{"type":"block"},"condition":{"urlFilter":"||hop.lv^*/banneri/"},"priority":1},{"id":1842,"action":{"type":"block"},"condition":{"urlFilter":"||iaptieka.lv/atteli/apmaina/"},"priority":1},{"id":1882,"action":{"type":"block"},"condition":{"urlFilter":"||img.pilseta24.lv/media/768x575^","resourceTypes":["image"]},"priority":101},{"id":1941,"action":{"type":"block"},"condition":{"urlFilter":"||intim.lv/res/banners/"},"priority":1},{"id":1975,"action":{"type":"block"},"condition":{"urlFilter":"||jauns.lv/ad_list/"},"priority":1},{"id":2005,"action":{"type":"block"},"condition":{"urlFilter":"||kurpirkt.lv/ba/"},"priority":1},{"id":2033,"action":{"type":"block"},"condition":{"urlFilter":"||kurpirkt.lv/img/ieskaties2.png"},"priority":1},{"id":2076,"action":{"type":"block"},"condition":{"urlFilter":"||latauto.tvnet.lv/infoblock"},"priority":1},{"id":2115,"action":{"type":"block"},"condition":{"urlFilter":"||leta.lv/img/*/info_banneris_"},"priority":1},{"id":2156,"action":{"type":"block"},"condition":{"urlFilter":"||leta.lv^*/preview_banner"},"priority":1},{"id":2193,"action":{"type":"block"},"condition":{"urlFilter":"||lu.lv/uploads/tx_macinabanners/"},"priority":1},{"id":2237,"action":{"type":"block"},"condition":{"urlFilter":"||lv.lv/bildes/reklaama.png"},"priority":1},{"id":2275,"action":{"type":"block"},"condition":{"urlFilter":"||manstv.lv/js/bannerhandlerv2.js"},"priority":1},{"id":2319,"action":{"type":"block"},"condition":{"urlFilter":"||miljons.com/bnr/"},"priority":1},{"id":2348,"action":{"type":"block"},"condition":{"urlFilter":"||nekrize.lv/nkr300x250_"},"priority":1},{"id":2383,"action":{"type":"block"},"condition":{"urlFilter":"||notepad.lv/adfoter2.png"},"priority":1},{"id":2419,"action":{"type":"block"},"condition":{"urlFilter":"||notepad.lv/images/partneri/"},"priority":1},{"id":2459,"action":{"type":"block"},"condition":{"urlFilter":"||notepad.lv/partneri/"},"priority":1},{"id":2492,"action":{"type":"block"},"condition":{"urlFilter":"||nra.lv/_rekl/"},"priority":1},{"id":2518,"action":{"type":"block"},"condition":{"urlFilter":"||nra.lv/spec/"},"priority":1},{"id":2543,"action":{"type":"block"},"condition":{"urlFilter":"||oga.lv/ieBildes/"},"priority":1},{"id":2572,"action":{"type":"block"},"condition":{"urlFilter":"||petits.lv/pics/banners/"},"priority":1},{"id":2608,"action":{"type":"block"},"condition":{"urlFilter":"||player.tvnet.lv/o/*.mp4"},"priority":1},{"id":2644,"action":{"type":"block"},"condition":{"urlFilter":"||player.tvnet.lv^*/stats.json"},"priority":1},{"id":2685,"action":{"type":"block"},"condition":{"urlFilter":"||pv2013.cvk.lv/lmt.jpg"},"priority":1},{"id":2719,"action":{"type":"block"},"condition":{"urlFilter":"||r.inbox.lv^"},"priority":1},{"id":2743,"action":{"type":"block"},"condition":{"urlFilter":"||receptes.lv/images/design/davana_tev.png"},"priority":1},{"id":2796,"action":{"type":"block"},"condition":{"urlFilter":"||reklama.lv/images/picads/users/"},"priority":1},{"id":2840,"action":{"type":"block"},"condition":{"urlFilter":"||reklama.lv/services/ads_count.html"},"priority":1},{"id":2887,"action":{"type":"block"},"condition":{"urlFilter":"||riga.lv/MEDIA/Misc/"},"priority":1},{"id":2973,"action":{"type":"block"},"condition":{"urlFilter":"||runabildes.lv^*/itro-popup/"},"priority":1},{"id":3013,"action":{"type":"block"},"condition":{"urlFilter":"||runabildes.lv^*/ondo_tapete.jpg"},"priority":1},{"id":3057,"action":{"type":"block"},"condition":{"urlFilter":"||runabildes.lv^*/wpsite-background-takeover/","resourceTypes":["script"]},"priority":101},{"id":3128,"action":{"type":"block"},"condition":{"urlFilter":"||salidzini.lv/*_1200x150","resourceTypes":["sub_frame"]},"priority":101},{"id":3179,"action":{"type":"block"},"condition":{"urlFilter":"||salidzini.lv/*_190x600","resourceTypes":["sub_frame"]},"priority":101},{"id":3229,"action":{"type":"block"},"condition":{"urlFilter":"||salidzini.lv/*_320x120","resourceTypes":["sub_frame"]},"priority":101},{"id":3279,"action":{"type":"block"},"condition":{"urlFilter":"||salidzini.lv^","initiatorDomains":["salidzini.lv"],"resourceTypes":["script"]},"priority":301},{"id":3346,"action":{"type":"block"},"condition":{"urlFilter":"||semicom.lv/admin/files/","resourceTypes":["object"]},"priority":101},{"id":3397,"action":{"type":"block"},"condition":{"urlFilter":"||serveris.lv/images/Baners/"},"priority":1},{"id":3436,"action":{"type":"block"},"condition":{"urlFilter":"||signe.lv/userfiles/image/main%20page%20banners/"},"priority":1},{"id":3496,"action":{"type":"block"},"condition":{"urlFilter":"||source.pilseta24.lv^","resourceTypes":["image"]},"priority":101},{"id":3544,"action":{"type":"block"},"condition":{"urlFilter":"||sportazinas.com/*/1920x1000"},"priority":1},{"id":3584,"action":{"type":"block"},"condition":{"urlFilter":"||sportazinas.com/wp-content/uploads/*.gif"},"priority":1},{"id":3637,"action":{"type":"block"},"condition":{"urlFilter":"||sudzibas.lv/baneris_"},"priority":1},{"id":3670,"action":{"type":"block"},"condition":{"urlFilter":"||tavacena.lv/images/ltc/"},"priority":1},{"id":3706,"action":{"type":"block"},"condition":{"urlFilter":"||tele2.lv^*_popup_"},"priority":1},{"id":3736,"action":{"type":"block"},"condition":{"urlFilter":"||tours.lv/images/misc/"},"priority":1},{"id":3770,"action":{"type":"block"},"condition":{"urlFilter":"||tvnet.lv/assets/js/vast.js"},"priority":1},{"id":3809,"action":{"type":"block"},"condition":{"urlFilter":"||tvnet.lv/js/ad.js"},"priority":1},{"id":3839,"action":{"type":"block"},"condition":{"urlFilter":"||varianti.lv/static/banners/"},"priority":1},{"id":3879,"action":{"type":"block"},"condition":{"urlFilter":"||vgk.lv/adv/"},"priority":1},{"id":3903,"action":{"type":"block"},"condition":{"urlFilter":"||viastream.viasat.tv/Commercials/"},"priority":1},{"id":3948,"action":{"type":"block"},"condition":{"urlFilter":"||xp.lv/res/banners/"},"priority":1},{"id":3979,"action":{"type":"block"},"condition":{"urlFilter":"||zip.lv/kasjauns.swf"},"priority":1},{"id":4011,"action":{"type":"block"},"condition":{"urlFilter":"||1188.lv^","domainType":"thirdParty"},"priority":2},{"id":4047,"action":{"type":"block"},"condition":{"urlFilter":"||1shop.lv/i/ban/"},"priority":1},{"id":4075,"action":{"type":"block"},"condition":{"urlFilter":"||a.alicdn.com^*300x250.","domainType":"thirdParty"},"priority":2},{"id":4125,"action":{"type":"block"},"condition":{"urlFilter":"||a.draugiem.lv^"},"priority":1},{"id":4152,"action":{"type":"block"},"condition":{"urlFilter":"||adbox.lv^","domainType":"thirdParty"},"priority":2},{"id":4189,"action":{"type":"block"},"condition":{"urlFilter":"||adhands.ru^","domainType":"thirdParty"},"priority":2},{"id":4228,"action":{"type":"block"},"condition":{"urlFilter":"||adsplius.lt^","domainType":"thirdParty"},"priority":2},{"id":4268,"action":{"type":"block"},"condition":{"urlFilter":"||agk.lv^","domainType":"thirdParty"},"priority":2},{"id":4303,"action":{"type":"block"},"condition":{"urlFilter":"||airbalticblog.com/shared/","domainType":"thirdParty"},"priority":2},{"id":4356,"action":{"type":"block"},"condition":{"urlFilter":"||alida.lv/upload/banner/"},"priority":1},{"id":4392,"action":{"type":"block"},"condition":{"urlFilter":"||apollo.lv/article/feed/iframe/","domainType":"thirdParty"},"priority":2},{"id":4450,"action":{"type":"block"},"condition":{"urlFilter":"||apollo.lv/upload/city24"},"priority":1},{"id":4486,"action":{"type":"block"},"condition":{"urlFilter":"||apps.lv/timthumb.php?*/uploads/shop_images/"},"priority":1},{"id":4542,"action":{"type":"block"},"condition":{"urlFilter":"||ass.lv/iframe/","domainType":"thirdParty"},"priority":2},{"id":4584,"action":{"type":"block"},"condition":{"urlFilter":"||auto24.lv^","domainType":"thirdParty"},"priority":2},{"id":4622,"action":{"type":"block"},"condition":{"urlFilter":"||b.itvnet.lv^"},"priority":1},{"id":4647,"action":{"type":"block"},"condition":{"urlFilter":"||banneri.lv^","domainType":"thirdParty"},"priority":2},{"id":4686,"action":{"type":"block"},"condition":{"urlFilter":"||beta.lt^*/banners"},"priority":1},{"id":4716,"action":{"type":"block"},"condition":{"urlFilter":"||cetrassezonas.lv/tvnet.php"},"priority":1},{"id":4755,"action":{"type":"block"},"condition":{"urlFilter":"||chaula.tv/lv/output/","domainType":"thirdParty"},"priority":2},{"id":4803,"action":{"type":"block"},"condition":{"urlFilter":"||city24.lv/ibox/","domainType":"thirdParty"},"priority":2},{"id":4846,"action":{"type":"block"},"condition":{"urlFilter":"||cv.lv^*?type=banner"},"priority":1},{"id":4878,"action":{"type":"block"},"condition":{"urlFilter":"||delphi.lv/bizness/techchill/"},"priority":1},{"id":4919,"action":{"type":"block"},"condition":{"urlFilter":"||delphi.lv/fp/i/airBaltic_block_v3_logo.svg"},"priority":1},{"id":4974,"action":{"type":"block"},"condition":{"urlFilter":"||delphi.lv^*/ads/"},"priority":1},{"id":5003,"action":{"type":"block"},"condition":{"urlFilter":"||diena.lv/boxnews.html","domainType":"thirdParty"},"priority":2},{"id":5052,"action":{"type":"block"},"condition":{"urlFilter":"||doaffiliate.net^","domainType":"thirdParty"},"priority":2},{"id":5096,"action":{"type":"block"},"condition":{"urlFilter":"||evolution.lv^","domainType":"thirdParty"},"priority":2},{"id":5137,"action":{"type":"block"},"condition":{"urlFilter":"||freewheel-mtgx-tv.akamaized.net^","initiatorDomains":["skaties.lv"],"resourceTypes":["media"]},"priority":301},{"id":5221,"action":{"type":"block"},"condition":{"urlFilter":"||goaff.com^","domainType":"thirdParty"},"priority":2},{"id":5259,"action":{"type":"block"},"condition":{"urlFilter":"||h.itvnet.lv^"},"priority":1},{"id":5284,"action":{"type":"block"},"condition":{"urlFilter":"||ifrype.com/ad_v/"},"priority":1},{"id":5313,"action":{"type":"block"},"condition":{"urlFilter":"||ifrype.com/miniads"},"priority":1},{"id":5344,"action":{"type":"block"},"condition":{"urlFilter":"||ifrype.com^*/ad_v."},"priority":1},{"id":5375,"action":{"type":"block"},"condition":{"urlFilter":"||ifrype.com^*/ads."},"priority":1},{"id":5405,"action":{"type":"block"},"condition":{"urlFilter":"||itvnet.lv/partner/"},"priority":1},{"id":5436,"action":{"type":"block"},"condition":{"urlFilter":"||knc.lv^","domainType":"thirdParty"},"priority":2},{"id":5471,"action":{"type":"block"},"condition":{"urlFilter":"||latloto.lv/banner/"},"priority":1},{"id":5502,"action":{"type":"block"},"condition":{"urlFilter":"||leta.lv/bm/www/images/","domainType":"thirdParty"},"priority":2},{"id":5552,"action":{"type":"block"},"condition":{"urlFilter":"||manasfinanses.lv/apollo-widget","domainType":"thirdParty"},"priority":2},{"id":5610,"action":{"type":"block"},"condition":{"urlFilter":"||maxtraffic.com^","domainType":"thirdParty"},"priority":2},{"id":5653,"action":{"type":"block"},"condition":{"urlFilter":"||media.city24.lv^","domainType":"thirdParty"},"priority":2},{"id":5697,"action":{"type":"block"},"condition":{"urlFilter":"||miljons.com/widget/","domainType":"thirdParty"},"priority":2},{"id":5744,"action":{"type":"block"},"condition":{"urlFilter":"||mtgonline.lv/counter-smscredit/"},"priority":1},{"id":5788,"action":{"type":"block"},"condition":{"urlFilter":"||nagi.ee^","domainType":"thirdParty"},"priority":2},{"id":5824,"action":{"type":"block"},"condition":{"urlFilter":"||nerealitate.lv^","domainType":"thirdParty"},"priority":2},{"id":5867,"action":{"type":"block"},"condition":{"urlFilter":"||next.lv^","domainType":"thirdParty"},"priority":2},{"id":5903,"action":{"type":"block"},"condition":{"urlFilter":"||novonews.lv/ticker/flash/","domainType":"thirdParty"},"priority":2},{"id":5994,"action":{"type":"block"},"condition":{"urlFilter":"||olybet.lv^","domainType":"thirdParty"},"priority":2},{"id":6114,"action":{"type":"block"},"condition":{"urlFilter":"||optibet.lv^","domainType":"thirdParty"},"priority":2},{"id":6153,"action":{"type":"block"},"condition":{"urlFilter":"||otrapuse.lv^","domainType":"thirdParty"},"priority":2},{"id":6193,"action":{"type":"block"},"condition":{"urlFilter":"||partneriem.smscredit.lv^","domainType":"thirdParty"},"priority":2},{"id":6245,"action":{"type":"block"},"condition":{"urlFilter":"||pay4results.ee^","domainType":"thirdParty"},"priority":2},{"id":6288,"action":{"type":"block"},"condition":{"urlFilter":"||perkamkopa.lv^","domainType":"thirdParty"},"priority":2},{"id":6330,"action":{"type":"block"},"condition":{"urlFilter":"||playapi.mtgx.tv^*/banners"},"priority":1},{"id":6368,"action":{"type":"block"},"condition":{"urlFilter":"||prieks.lv^*/banner/"},"priority":1},{"id":6400,"action":{"type":"block"},"condition":{"urlFilter":"||promo.boomtime.lv^"},"priority":1},{"id":6431,"action":{"type":"block"},"condition":{"urlFilter":"||reklama.lv/promotion/"},"priority":1},{"id":6465,"action":{"type":"block"},"condition":{"urlFilter":"||rembi.lv^"},"priority":1},{"id":6487,"action":{"type":"block"},"condition":{"urlFilter":"||saites.eon.lv^","domainType":"thirdParty"},"priority":2},{"id":6529,"action":{"type":"block"},"condition":{"urlFilter":"||salidzini.lv/affiliate/"},"priority":1},{"id":6565,"action":{"type":"block"},"condition":{"urlFilter":"||salidzini.lv/images/120x40.php"},"priority":1},{"id":6608,"action":{"type":"block"},"condition":{"urlFilter":"||salidzini.lv/images/88x31.php"},"priority":1},{"id":6650,"action":{"type":"block"},"condition":{"urlFilter":"||salidzini.lv/images/banner/"},"priority":1},{"id":6690,"action":{"type":"block"},"condition":{"urlFilter":"||serveris.lv/images/affiliate/"},"priority":1},{"id":6732,"action":{"type":"block"},"condition":{"urlFilter":"||sludini.lv^","domainType":"thirdParty"},"priority":2},{"id":6771,"action":{"type":"block"},"condition":{"urlFilter":"||smartad.lv^","domainType":"thirdParty"},"priority":2},{"id":6810,"action":{"type":"block"},"condition":{"urlFilter":"||styleweb.lv^","domainType":"thirdParty"},"priority":2},{"id":6850,"action":{"type":"block"},"condition":{"urlFilter":"||sure.lv^","domainType":"thirdParty"},"priority":2},{"id":6886,"action":{"type":"block"},"condition":{"urlFilter":"||tvnet.lv/export_news/","domainType":"thirdParty"},"priority":2},{"id":6935,"action":{"type":"block"},"condition":{"urlFilter":"||videoavatars.com^","domainType":"thirdParty"},"priority":2},{"id":6980,"action":{"type":"block"},"condition":{"urlFilter":"||w.ifrype.com^"},"priority":1},{"id":7006,"action":{"type":"block"},"condition":{"urlFilter":"||zizu.lv/bpublic/"},"priority":1},{"id":7035,"action":{"type":"block"},"condition":{"urlFilter":"||zizu.lv/campaigns/","domainType":"thirdParty"},"priority":2},{"id":7081,"action":{"type":"allow"},"condition":{"urlFilter":"||h.itvnet.lv^*/adjs/adjs/ads.js","initiatorDomains":["tvnet.lv"],"resourceTypes":["script"]},"priority":100301},{"id":7161,"action":{"type":"allow"},"condition":{"urlFilter":"||lsm.lv/public/scripts/ads.js","domainType":"firstParty","resourceTypes":["script"]},"priority":100102},{"id":7226,"action":{"type":"allow"},"condition":{"urlFilter":"||ltv.lsm.lv/scripts/ads.js","resourceTypes":["script"]},"priority":100101},{"id":7279,"action":{"type":"allow"},"condition":{"urlFilter":"||playapi.mtgx.tv/v3/adinfo","resourceTypes":["xmlhttprequest"]},"priority":100101},{"id":7332,"action":{"type":"allow"},"condition":{"urlFilter":"||varianti.lv/ads/load_ad_images/","domainType":"firstParty","resourceTypes":["xmlhttprequest"]},"priority":100102},{"id":7400,"action":{"type":"allow"},"condition":{"urlFilter":"||visidarbi.lv/advertisements","domainType":"firstParty","resourceTypes":["xmlhttprequest"]},"priority":100102},{"id":7464,"action":{"type":"allow"},"condition":{"urlFilter":"||b.adbox.lv/bxlib/js/emiter.js?","initiatorDomains":["lsm.lv"],"resourceTypes":["script"]},"priority":100301},{"id":7542,"action":{"type":"allow"},"condition":{"urlFilter":"||b.adbox.lv/bxlib/js/loader.js?","initiatorDomains":["lsm.lv"],"resourceTypes":["script"]},"priority":100301},{"id":7620,"action":{"type":"allow"},"condition":{"urlFilter":"||b.adbox.lv/emiter/bx_placement.js?","initiatorDomains":["lsm.lv"],"resourceTypes":["script"]},"priority":100301},{"id":7702,"action":{"type":"allow"},"condition":{"urlFilter":"||emediate.se/eas?*ty=video","initiatorDomains":["apollo.lv"],"resourceTypes":["object"]},"priority":100301},{"id":7778,"action":{"type":"allow"},"condition":{"urlFilter":"||fwmrm.net/ad/g/","initiatorDomains":["skaties.lv"],"resourceTypes":["xmlhttprequest"]},"priority":100301},{"id":7845,"action":{"type":"allow"},"condition":{"urlFilter":"||fwmrm.net/ad/l/","initiatorDomains":["skaties.lv"],"resourceTypes":["xmlhttprequest"]},"priority":100301},{"id":7912,"action":{"type":"allow"},"condition":{"urlFilter":"||keytarget.adnet.lt^","initiatorDomains":["liepajniekiem.lv"],"resourceTypes":["script"]},"priority":100301},{"id":7989,"action":{"type":"allow"},"condition":{"urlFilter":"||mssl.fwmrm.net/libs/adm/*/LinkTag2.js","initiatorDomains":["skaties.lv"]},"priority":100201},{"id":8069,"action":{"type":"allow"},"condition":{"urlFilter":"||tv3play.skaties.lv/static/scripts/trackdb/events.gif","initiatorDomains":["skaties.lv"]},"priority":100201},{"id":8164,"action":{"type":"allow"},"condition":{"urlFilter":"||viastream.viasat.tv^*?affiliate="},"priority":100001}]