[{"id":5,"action":{"type":"block"},"condition":{"urlFilter":"-reclameplaatjes/"},"priority":1},{"id":33,"action":{"type":"block"},"condition":{"urlFilter":"/adbron."},"priority":1},{"id":52,"action":{"type":"block"},"condition":{"urlFilter":"/adtwee/*"},"priority":1},{"id":72,"action":{"type":"block"},"condition":{"urlFilter":"/adv_tekstlinks."},"priority":1},{"id":99,"action":{"type":"block"},"condition":{"urlFilter":"/adverteerders/*"},"priority":1},{"id":126,"action":{"type":"block"},"condition":{"urlFilter":"/advertentie-banner-"},"priority":1},{"id":157,"action":{"type":"block"},"condition":{"urlFilter":"/advertentie.","excludedInitiatorDomains":["anzeigen-aufgabe-alpha.de","anzeigen-aufgabe-beta.de","anzeigen-aufgabe-test.de","rd.nl"]},"priority":2},{"id":286,"action":{"type":"block"},"condition":{"urlFilter":"/advertentie/*","excludedInitiatorDomains":["anzeigen-aufgabe-alpha.de","anzeigen-aufgabe-beta.de","anzeigen-aufgabe-test.de","rd.nl"]},"priority":2},{"id":416,"action":{"type":"block"},"condition":{"urlFilter":"/advertentie1."},"priority":1},{"id":441,"action":{"type":"block"},"condition":{"urlFilter":"/advertentie2/*"},"priority":1},{"id":467,"action":{"type":"block"},"condition":{"urlFilter":"/advertentie_head."},"priority":1},{"id":496,"action":{"type":"block"},"condition":{"urlFilter":"/advertentieblokje120x20."},"priority":1},{"id":532,"action":{"type":"block"},"condition":{"urlFilter":"/advertentieblokje300x20."},"priority":1},{"id":568,"action":{"type":"block"},"condition":{"urlFilter":"/advertenties."},"priority":1},{"id":593,"action":{"type":"block"},"condition":{"urlFilter":"/advertenties/*"},"priority":1},{"id":619,"action":{"type":"block"},"condition":{"urlFilter":"/bannerlookup."},"priority":1},{"id":644,"action":{"type":"block"},"condition":{"urlFilter":"/big_reclames/*"},"priority":1},{"id":670,"action":{"type":"block"},"condition":{"urlFilter":"/bolcom-partnerprogramma-wordpress-plugin/*"},"priority":1},{"id":724,"action":{"type":"block"},"condition":{"urlFilter":"/img/recl/*"},"priority":1},{"id":746,"action":{"type":"block"},"condition":{"urlFilter":"/mediahuis-ads/*"},"priority":1},{"id":773,"action":{"type":"block"},"condition":{"urlFilter":"/nmc/adv/*"},"priority":1},{"id":794,"action":{"type":"block"},"condition":{"urlFilter":"/pebble-adhese."},"priority":1},{"id":820,"action":{"type":"block"},"condition":{"urlFilter":"/prikbordAdvertentie_"},"priority":1},{"id":852,"action":{"type":"block"},"condition":{"urlFilter":"/reclame-extra."},"priority":1},{"id":878,"action":{"type":"block"},"condition":{"urlFilter":"/reclame-nieuws."},"priority":1},{"id":905,"action":{"type":"block"},"condition":{"urlFilter":"/reclame2."},"priority":1},{"id":926,"action":{"type":"block"},"condition":{"urlFilter":"/reclamebanners/*"},"priority":1},{"id":954,"action":{"type":"block"},"condition":{"urlFilter":"/small_reclames/*"},"priority":1},{"id":982,"action":{"type":"block"},"condition":{"urlFilter":"/tekst_advertentie_"},"priority":1},{"id":1012,"action":{"type":"block"},"condition":{"urlFilter":"/topadvertentie."},"priority":1},{"id":1039,"action":{"type":"block"},"condition":{"urlFilter":"://promotie.","domainType":"thirdParty"},"priority":2},{"id":1077,"action":{"type":"block"},"condition":{"urlFilter":"_advertentie300x250_"},"priority":1},{"id":1108,"action":{"type":"block"},"condition":{"urlFilter":"_advertentieleaderboardhome."},"priority":1},{"id":1147,"action":{"type":"block"},"condition":{"urlFilter":"||2k19.nl^","domainType":"thirdParty"},"priority":2},{"id":1183,"action":{"type":"block"},"condition":{"urlFilter":"||adrequest.net^","domainType":"thirdParty"},"priority":2},{"id":1225,"action":{"type":"block"},"condition":{"urlFilter":"||adshim.com^","domainType":"thirdParty"},"priority":2},{"id":1264,"action":{"type":"block"},"condition":{"urlFilter":"||adswag.nl^","domainType":"thirdParty"},"priority":2},{"id":1302,"action":{"type":"block"},"condition":{"urlFilter":"||affilaxy.com^","domainType":"thirdParty"},"priority":2},{"id":1343,"action":{"type":"block"},"condition":{"urlFilter":"||affiliatepartners.com^","domainType":"thirdParty"},"priority":2},{"id":1393,"action":{"type":"block"},"condition":{"urlFilter":"||affiliateprogramma.eu^","domainType":"thirdParty"},"priority":2},{"id":1443,"action":{"type":"block"},"condition":{"urlFilter":"||banner-online.nl^","domainType":"thirdParty"},"priority":2},{"id":1488,"action":{"type":"block"},"condition":{"urlFilter":"||believe-the-hype.be^","domainType":"thirdParty"},"priority":2},{"id":1536,"action":{"type":"block"},"condition":{"urlFilter":"||botndm.nl^","domainType":"thirdParty"},"priority":2},{"id":1574,"action":{"type":"block"},"condition":{"urlFilter":"||cashpartners.eu^","domainType":"thirdParty"},"priority":2},{"id":1618,"action":{"type":"block"},"condition":{"urlFilter":"||crnsgngrpj.nl^"},"priority":1},{"id":1645,"action":{"type":"block"},"condition":{"urlFilter":"||dntblckmpls.nl^"},"priority":1},{"id":1673,"action":{"type":"block"},"condition":{"urlFilter":"||ds1.nl^","domainType":"thirdParty"},"priority":2},{"id":1708,"action":{"type":"block"},"condition":{"urlFilter":"||dt51.net^","domainType":"thirdParty"},"priority":2},{"id":1745,"action":{"type":"block"},"condition":{"urlFilter":"||dt71.net^","domainType":"thirdParty"},"priority":2},{"id":1782,"action":{"type":"block"},"condition":{"urlFilter":"||gratis-neuken.com^","domainType":"thirdParty"},"priority":2},{"id":1828,"action":{"type":"block"},"condition":{"urlFilter":"||mt67.net^"},"priority":1},{"id":1850,"action":{"type":"block"},"condition":{"urlFilter":"||nojazz.eu^"},"priority":1},{"id":1873,"action":{"type":"block"},"condition":{"urlFilter":"||nonstoppartner.net^","domainType":"thirdParty"},"priority":2},{"id":1920,"action":{"type":"block"},"condition":{"urlFilter":"||online-banners.nl^","domainType":"thirdParty"},"priority":2},{"id":1966,"action":{"type":"block"},"condition":{"urlFilter":"||optoutadvertising.com^","domainType":"thirdParty"},"priority":2},{"id":2016,"action":{"type":"block"},"condition":{"urlFilter":"||sponsorkliks.com^","domainType":"thirdParty"},"priority":2},{"id":2061,"action":{"type":"block"},"condition":{"urlFilter":"||static-dscn.net^","domainType":"thirdParty"},"priority":2},{"id":2105,"action":{"type":"block"},"condition":{"urlFilter":"||tools-affil2.com^","domainType":"thirdParty"},"priority":2},{"id":2150,"action":{"type":"block"},"condition":{"urlFilter":"||tools.islive.nl^","domainType":"thirdParty"},"priority":2},{"id":2194,"action":{"type":"block"},"condition":{"urlFilter":"||travelads.be^","domainType":"thirdParty"},"priority":2},{"id":2235,"action":{"type":"block"},"condition":{"urlFilter":"||trickyrock.com^"},"priority":1},{"id":2263,"action":{"type":"block"},"condition":{"urlFilter":"||viadata.store^"},"priority":1},{"id":2290,"action":{"type":"block"},"condition":{"urlFilter":"||vpscash.nl^","domainType":"thirdParty"},"priority":2},{"id":2329,"action":{"type":"block"},"condition":{"urlFilter":"||xpartners.nl^","domainType":"thirdParty"},"priority":2},{"id":2370,"action":{"type":"block"},"condition":{"urlFilter":".nl/adurl/","initiatorDomains":["start-player.npo.nl"],"resourceTypes":["xmlhttprequest"]},"priority":301},{"id":2439,"action":{"type":"block"},"condition":{"urlFilter":"||adcdn.ster.nl^","domainType":"thirdParty"},"priority":2},{"id":2481,"action":{"type":"block"},"condition":{"urlFilter":"||ads.nextday.media^"},"priority":1},{"id":2512,"action":{"type":"block"},"condition":{"urlFilter":"||advertising-cdn.dpgmedia.cloud^"},"priority":1},{"id":2556,"action":{"type":"block"},"condition":{"urlFilter":"||advertising-module.api.dpgmedia.cloud^"},"priority":1},{"id":2607,"action":{"type":"block"},"condition":{"urlFilter":"||bannersimages.s-bol.com^","domainType":"thirdParty"},"priority":2},{"id":2659,"action":{"type":"block"},"condition":{"urlFilter":"||bnpparibasmarkets.nl/widget/","domainType":"thirdParty"},"priority":2},{"id":2715,"action":{"type":"block"},"condition":{"urlFilter":"||bol.com/nl/upload/banners/"},"priority":1},{"id":2754,"action":{"type":"block"},"condition":{"urlFilter":"||bol.com/nl/upload/partnerprogramma/"},"priority":1},{"id":2802,"action":{"type":"block"},"condition":{"urlFilter":"||centraal.helpmij.nl/images/nieuwsbrief/nod32-colofon.jpg"},"priority":1},{"id":2871,"action":{"type":"block"},"condition":{"urlFilter":"||cloudfront.net/-/media/6-parnerships/","initiatorDomains":["feyenoord.nl"]},"priority":201},{"id":2953,"action":{"type":"block"},"condition":{"urlFilter":"||cloudfront.net/Assets/images/partners/","initiatorDomains":["feyenoord.nl"]},"priority":201},{"id":3036,"action":{"type":"block"},"condition":{"urlFilter":"||cloudfront.net/banners/","initiatorDomains":["eredivisie.nl"]},"priority":201},{"id":3105,"action":{"type":"block"},"condition":{"urlFilter":"||feenstra-internetservices.nl/?_dnid=","domainType":"thirdParty"},"priority":2},{"id":3169,"action":{"type":"block"},"condition":{"urlFilter":"||flexwebhosting.nl/banners/"},"priority":1},{"id":3208,"action":{"type":"block"},"condition":{"urlFilter":"||fx.nl/_ext/widget/","domainType":"thirdParty"},"priority":2},{"id":3254,"action":{"type":"block"},"condition":{"urlFilter":"||go2.go2cloud.org^"},"priority":1},{"id":3284,"action":{"type":"block"},"condition":{"urlFilter":"||infotalia.com/worktalia_promo_"},"priority":1},{"id":3327,"action":{"type":"block"},"condition":{"urlFilter":"||jobat.be/extra/trackuityhn/ticker_new.html","domainType":"thirdParty"},"priority":2},{"id":3397,"action":{"type":"block"},"condition":{"urlFilter":"||jobfish.nl/widget/","domainType":"thirdParty"},"priority":2},{"id":3443,"action":{"type":"block"},"condition":{"urlFilter":"||kjdsfjisdfjr23.azurewebsites.net^"},"priority":1},{"id":3489,"action":{"type":"block"},"condition":{"urlFilter":"||mmcdn.nl/tags/"},"priority":1},{"id":3516,"action":{"type":"block"},"condition":{"urlFilter":"||nextdaymedia-ads.s3.amazonaws.com^"},"priority":1},{"id":3563,"action":{"type":"block"},"condition":{"urlFilter":"||ouders.nl/uploads/alt/","initiatorDomains":["viafora.nl"]},"priority":201},{"id":3628,"action":{"type":"block"},"condition":{"urlFilter":"||partner.bol.com^","domainType":"thirdParty"},"priority":2},{"id":3672,"action":{"type":"block"},"condition":{"urlFilter":"||partnerprogramma.bol.com^","domainType":"thirdParty"},"priority":2},{"id":3725,"action":{"type":"block"},"condition":{"urlFilter":"||pexi.nl/dpos/widget-","initiatorDomains":["intermediair.nl"]},"priority":201},{"id":3793,"action":{"type":"block"},"condition":{"urlFilter":"||pornokartel.nl^","domainType":"thirdParty","resourceTypes":["image"]},"priority":102},{"id":3845,"action":{"type":"block"},"condition":{"urlFilter":"||pubble.nl/Content.svc/getAdCollection?"},"priority":1},{"id":3896,"action":{"type":"block"},"condition":{"urlFilter":"||recreatief.nl/kerstarrangementen.gif"},"priority":1},{"id":3945,"action":{"type":"block"},"condition":{"urlFilter":"||s-bol.com/nl/upload/partnerprogramma/"},"priority":1},{"id":3995,"action":{"type":"block"},"condition":{"urlFilter":"||search-result.com^*/klokad2.js"},"priority":1},{"id":4038,"action":{"type":"block"},"condition":{"urlFilter":"||sedproductions.nl/banners/"},"priority":1},{"id":4077,"action":{"type":"block"},"condition":{"urlFilter":"||seks.com/img/bnr.gif"},"priority":1},{"id":4110,"action":{"type":"block"},"condition":{"urlFilter":"||seksbuddy.nl/img/frontend/banners/"},"priority":1},{"id":4157,"action":{"type":"block"},"condition":{"urlFilter":"||sociaaldigitaal.nl/img/Banner-","domainType":"thirdParty"},"priority":2},{"id":4215,"action":{"type":"block"},"condition":{"urlFilter":"||sp.dpgmedia.net^","domainType":"thirdParty"},"priority":2},{"id":4259,"action":{"type":"block"},"condition":{"urlFilter":"||stepstone.be/*?event=widgettool.","domainType":"thirdParty"},"priority":2},{"id":4319,"action":{"type":"block"},"condition":{"urlFilter":"||strafrechtadvocaten.nl/media/banner/","domainType":"thirdParty"},"priority":2},{"id":4383,"action":{"type":"block"},"condition":{"urlFilter":"||swpportal.com/upload/squarebanners/"},"priority":1},{"id":4431,"action":{"type":"block"},"condition":{"urlFilter":"||t.bazarow.com^","domainType":"thirdParty"},"priority":2},{"id":4473,"action":{"type":"block"},"condition":{"urlFilter":"||traffic.12flirt.com^"},"priority":1},{"id":4506,"action":{"type":"block"},"condition":{"urlFilter":"||viralize.tv/display/","initiatorDomains":["sgxl.nl","startpagina.nl"]},"priority":151},{"id":4581,"action":{"type":"block"},"condition":{"urlFilter":"||wertuipsertj34.azurewebsites.net^","resourceTypes":["xmlhttprequest"]},"priority":101},{"id":4642,"action":{"type":"block"},"condition":{"urlFilter":"||widget.vpnnederland.nl^","initiatorDomains":["nzbserver.com"]},"priority":201},{"id":4711,"action":{"type":"block"},"condition":{"urlFilter":"||widgets.skyscanner.net^","initiatorDomains":["puuropreis.nl"]},"priority":201},{"id":4780,"action":{"type":"block"},"condition":{"urlFilter":"||windows.net/banners/","initiatorDomains":["agf.nl","bpnieuws.nl","groentennieuws.nl","uiennieuws.nl"]},"priority":126},{"id":4883,"action":{"type":"block"},"condition":{"urlFilter":"||wp.com/www.bol.com/nl/upload/partnerprogramma/"},"priority":1},{"id":4942,"action":{"type":"block"},"condition":{"urlFilter":"||xmissy.nl/admnfiles1809/sinclub/freechatbanner_"},"priority":1},{"id":5002,"action":{"type":"block"},"condition":{"urlFilter":"||123video.nl^*/300x100_"},"priority":1},{"id":5037,"action":{"type":"block"},"condition":{"urlFilter":"||1twente.nl/Ads/"},"priority":1},{"id":5065,"action":{"type":"block"},"condition":{"urlFilter":"||24cars.nl/api/advertise-deliver/"},"priority":1},{"id":5110,"action":{"type":"block"},"condition":{"urlFilter":"||2link.be/banners/"},"priority":1},{"id":5140,"action":{"type":"block"},"condition":{"urlFilter":"||aa.tweakers.nl^"},"priority":1},{"id":5168,"action":{"type":"block"},"condition":{"urlFilter":"||aafm.nl/cms/wp-content/themes/omroepalmelo/img/banners/"},"priority":1},{"id":5236,"action":{"type":"block"},"condition":{"urlFilter":"||abcsuriname.com/images/banners/"},"priority":1},{"id":5280,"action":{"type":"block"},"condition":{"urlFilter":"||adodenhaag.nl/images/banners/"},"priority":1},{"id":5322,"action":{"type":"block"},"condition":{"urlFilter":"||agconnect.nl/sites/ag/files/styles/partner_"},"priority":1},{"id":5378,"action":{"type":"block"},"condition":{"urlFilter":"||am-forum.nl/upload/logo_elektrodump.png"},"priority":1},{"id":5430,"action":{"type":"block"},"condition":{"urlFilter":"||antilliaansdagblad.com/images/banners/"},"priority":1},{"id":5481,"action":{"type":"block"},"condition":{"urlFilter":"||apintie.sr/bannerz/"},"priority":1},{"id":5513,"action":{"type":"block"},"condition":{"urlFilter":"||autosport.nl/images/Banner-"},"priority":1},{"id":5553,"action":{"type":"block"},"condition":{"urlFilter":"||autosport.nl/images/banners/"},"priority":1},{"id":5594,"action":{"type":"block"},"condition":{"urlFilter":"||baarsclassicrock.nl/wp-content/uploads/*/banner_"},"priority":1},{"id":5655,"action":{"type":"block"},"condition":{"urlFilter":"||bdsm-vrienden.nl/sb_data/modules/mod_aav/"},"priority":1},{"id":5709,"action":{"type":"block"},"condition":{"urlFilter":"||bdsmgirl.nl/banners/"},"priority":1},{"id":5742,"action":{"type":"block"},"condition":{"urlFilter":"||bdsmgirl.nl^*/banner/"},"priority":1},{"id":5776,"action":{"type":"block"},"condition":{"urlFilter":"||belgiancycling.be^*/Banners/"},"priority":1},{"id":5817,"action":{"type":"block"},"condition":{"urlFilter":"||belgiancycling.be^*/Logo%27s%20partners/"},"priority":1},{"id":5870,"action":{"type":"block"},"condition":{"urlFilter":"||bloovi.be/frontend/files/banners/"},"priority":1},{"id":5916,"action":{"type":"block"},"condition":{"urlFilter":"||bodemvondstenwereld.nl/images/banners/"},"priority":1},{"id":5967,"action":{"type":"block"},"condition":{"urlFilter":"||boek9.nl/sites/default/files/advertisements/"},"priority":1},{"id":6024,"action":{"type":"block"},"condition":{"urlFilter":"||boek9.nl/sites/default/files/rotating-banners/"},"priority":1},{"id":6083,"action":{"type":"block"},"condition":{"urlFilter":"||bol-an.nl/wp-content/uploads/*/Adv_"},"priority":1},{"id":6131,"action":{"type":"block"},"condition":{"urlFilter":"||brandweerspotters.nl/modules/banners/"},"priority":1},{"id":6181,"action":{"type":"block"},"condition":{"urlFilter":"||buzzbie.nl/uploads/banners/"},"priority":1},{"id":6221,"action":{"type":"block"},"condition":{"urlFilter":"||cdn-webcam-harlingen.nl/adv/"},"priority":1},{"id":6262,"action":{"type":"block"},"condition":{"urlFilter":"||chatmetvreemden.be/static/html/"},"priority":1},{"id":6306,"action":{"type":"block"},"condition":{"urlFilter":"||chatmetvreemden.nl/static/html/"},"priority":1},{"id":6350,"action":{"type":"block"},"condition":{"urlFilter":"||christelijknieuws.nl^*/banner/"},"priority":1},{"id":6393,"action":{"type":"block"},"condition":{"urlFilter":"||ciaotutti.nl/wp-content/uploads/Banner_"},"priority":1},{"id":6445,"action":{"type":"block"},"condition":{"urlFilter":"||clubbrugge.be^*/partner/"},"priority":1},{"id":6482,"action":{"type":"block"},"condition":{"urlFilter":"||coastline945fm.nl/cache/partners/"},"priority":1},{"id":6528,"action":{"type":"block"},"condition":{"urlFilter":"||coastlinefm.nl/cache/partners/"},"priority":1},{"id":6571,"action":{"type":"block"},"condition":{"urlFilter":"||content1.pcmweb.nl^"},"priority":1},{"id":6603,"action":{"type":"block"},"condition":{"urlFilter":"||content1.pu.nl^"},"priority":1},{"id":6631,"action":{"type":"block"},"condition":{"urlFilter":"||content1.wasmachines.nl^"},"priority":1},{"id":6668,"action":{"type":"block"},"condition":{"urlFilter":"||content1.zoom.nl^"},"priority":1},{"id":6698,"action":{"type":"block"},"condition":{"urlFilter":"||content2.besteproduct.nl^"},"priority":1},{"id":6736,"action":{"type":"block"},"condition":{"urlFilter":"||content2.kieskeurig.nl^"},"priority":1},{"id":6772,"action":{"type":"block"},"condition":{"urlFilter":"||content2.pu.nl^"},"priority":1},{"id":6800,"action":{"type":"block"},"condition":{"urlFilter":"||content2.wasmachines.nl^"},"priority":1},{"id":6837,"action":{"type":"block"},"condition":{"urlFilter":"||content2.zoom.nl^"},"priority":1},{"id":6867,"action":{"type":"block"},"condition":{"urlFilter":"||cryptobenelux.com/wp-content/uploads/*-banner-"},"priority":1},{"id":6926,"action":{"type":"block"},"condition":{"urlFilter":"||cryptobenelux.com/wp-content/uploads/*-Banner."},"priority":1},{"id":6985,"action":{"type":"block"},"condition":{"urlFilter":"||cryptobenelux.com/wp-content/uploads/*/banner_"},"priority":1},{"id":7044,"action":{"type":"block"},"condition":{"urlFilter":"||cryptoprijzen.com/cryptoprijzen-widget/"},"priority":1},{"id":7096,"action":{"type":"block"},"condition":{"urlFilter":"||debestevpn.nl/wp-content/*-banner."},"priority":1},{"id":7143,"action":{"type":"block"},"condition":{"urlFilter":"||decibel.nl/wp-content/uploads/*/banner-"},"priority":1},{"id":7195,"action":{"type":"block"},"condition":{"urlFilter":"||dewereldmorgen.be/wp-content/banners/"},"priority":1},{"id":7245,"action":{"type":"block"},"condition":{"urlFilter":"||digitaalburg.com/rn02/wp-content/uploads/*/CornetAnimationA-"},"priority":1},{"id":7318,"action":{"type":"block"},"condition":{"urlFilter":"||digitaalburg.com/rn02/wp-content/uploads/*/MERKX11.png"},"priority":1},{"id":7385,"action":{"type":"block"},"condition":{"urlFilter":"||digitaalburg.com/rn02/wp-content/uploads/*/Roel.jpg"},"priority":1},{"id":7449,"action":{"type":"block"},"condition":{"urlFilter":"||digitaalburg.com/rn02/wp-content/uploads/*/uitwaard21.jpg"},"priority":1},{"id":7519,"action":{"type":"block"},"condition":{"urlFilter":"||digitaalburg.com/rn02/wp-content/uploads/*/Vacature-"},"priority":1},{"id":7584,"action":{"type":"block"},"condition":{"urlFilter":"||digitaalburg.com/rn02/wp-content/uploads/*/vertiadvies_"},"priority":1},{"id":7652,"action":{"type":"block"},"condition":{"urlFilter":"||digitaalburg.com/rn02/wp-content/uploads/*/webbanner-"},"priority":1},{"id":7718,"action":{"type":"block"},"condition":{"urlFilter":"||dolcevia.com^*/Banners/"},"priority":1},{"id":7754,"action":{"type":"block"},"condition":{"urlFilter":"||duurzaam-actueel.nl^*banner"},"priority":1},{"id":7794,"action":{"type":"block"},"condition":{"urlFilter":"||edelmetaal-info.nl/cdfund-336x280.html"},"priority":1},{"id":7845,"action":{"type":"block"},"condition":{"urlFilter":"||edelmetaal-info.nl/wp-content/uploads/images/goudpensioen/"},"priority":1},{"id":7916,"action":{"type":"block"},"condition":{"urlFilter":"||eredivisie.nl/images/logos/partners/"},"priority":1},{"id":7965,"action":{"type":"block"},"condition":{"urlFilter":"||excellentfm.nl/images/aanbieding/"},"priority":1},{"id":8011,"action":{"type":"block"},"condition":{"urlFilter":"||fanclubbarcelona.nl/viewfile/mainbanner/"},"priority":1},{"id":8064,"action":{"type":"block"},"condition":{"urlFilter":"||farmaline.be/assets/banners/"},"priority":1},{"id":8105,"action":{"type":"block"},"condition":{"urlFilter":"||fcupdate.nl/js/adslot.js"},"priority":1},{"id":8142,"action":{"type":"block"},"condition":{"urlFilter":"||fcutrecht.net/img/banners/"},"priority":1},{"id":8181,"action":{"type":"block"},"condition":{"urlFilter":"||flirtmee.nl/img/160x70_sponsor-"},"priority":1},{"id":8225,"action":{"type":"block"},"condition":{"urlFilter":"||floranews.com/img/banner/"},"priority":1},{"id":8263,"action":{"type":"block"},"condition":{"urlFilter":"||fonkmagazine.nl/adds/"},"priority":1},{"id":8297,"action":{"type":"block"},"condition":{"urlFilter":"||fonkonline.nl/adds/"},"priority":1},{"id":8329,"action":{"type":"block"},"condition":{"urlFilter":"||forum.spaarinformatie.nl/si-info.html"},"priority":1},{"id":8379,"action":{"type":"block"},"condition":{"urlFilter":"||genemuidenactueel.nl^*banner"},"priority":1},{"id":8420,"action":{"type":"block"},"condition":{"urlFilter":"||gic.nl/uploads/fckconnector/"},"priority":1},{"id":8461,"action":{"type":"block"},"condition":{"urlFilter":"||gigantfm.nl/upload/20170420110645812.jpg"},"priority":1},{"id":8514,"action":{"type":"block"},"condition":{"urlFilter":"||gigantfm.nl/upload/20210730122903794.gif"},"priority":1},{"id":8567,"action":{"type":"block"},"condition":{"urlFilter":"||gigantfm.nl/upload/autoonderdelen24_1.png"},"priority":1},{"id":8621,"action":{"type":"block"},"condition":{"urlFilter":"||gigantfm.nl/upload/onderdelenshop.gif"},"priority":1},{"id":8671,"action":{"type":"block"},"condition":{"urlFilter":"||goedkoopstekeukensduitsland.nl/wp-content/uploads/*/I-kook-banner.jpg"},"priority":1},{"id":8753,"action":{"type":"block"},"condition":{"urlFilter":"||goedkoopstekeukensduitsland.nl/wp-content/uploads/*/Keuken-ontwerp-aan-huis.jpg"},"priority":1},{"id":8845,"action":{"type":"block"},"condition":{"urlFilter":"||goedkoopstekeukensduitsland.nl/wp-content/uploads/*/Keukenplaats.jpg"},"priority":1},{"id":8926,"action":{"type":"block"},"condition":{"urlFilter":"||golf.be/files/BannerImage/"},"priority":1},{"id":8965,"action":{"type":"block"},"condition":{"urlFilter":"||gratissextube.be/banners/"},"priority":1},{"id":9003,"action":{"type":"block"},"condition":{"urlFilter":"||greenkeeper.nl/upload/banners/"},"priority":1},{"id":9046,"action":{"type":"block"},"condition":{"urlFilter":"||greenkeeper.nl/upload/relaties/"},"priority":1},{"id":9090,"action":{"type":"block"},"condition":{"urlFilter":"||groentennieuws.nl^*/banners/"},"priority":1},{"id":9131,"action":{"type":"block"},"condition":{"urlFilter":"||halstadcentraal.nl/images/banners/"},"priority":1},{"id":9178,"action":{"type":"block"},"condition":{"urlFilter":"||handbalstartpunt.nl/content/schoonkapje.gif"},"priority":1},{"id":9234,"action":{"type":"block"},"condition":{"urlFilter":"||handbalstartpunt.nl/images/mizuno-small.jpg"},"priority":1},{"id":9290,"action":{"type":"block"},"condition":{"urlFilter":"||hoekschnieuws.nl/banner/"},"priority":1},{"id":9327,"action":{"type":"block"},"condition":{"urlFilter":"||hoekschnieuws.nl/wp-content/uploads/*/Banner-"},"priority":1},{"id":9385,"action":{"type":"block"},"condition":{"urlFilter":"||hotradiohits.nl/image/picture/*_banner."},"priority":1},{"id":9437,"action":{"type":"block"},"condition":{"urlFilter":"||htforum.nl/yabbse/*-banner2.gif"},"priority":1},{"id":9481,"action":{"type":"block"},"condition":{"urlFilter":"||htforum.nl/yabbse/banners/"},"priority":1},{"id":9520,"action":{"type":"block"},"condition":{"urlFilter":"||htforum.nl/yabbse/topframe_v3.php"},"priority":1},{"id":9566,"action":{"type":"block"},"condition":{"urlFilter":"||iex.nl/uploads/banners/"},"priority":1},{"id":9602,"action":{"type":"block"},"condition":{"urlFilter":"||katholiek.nl/wp-content/uploads/*/banner-"},"priority":1},{"id":9656,"action":{"type":"block"},"condition":{"urlFilter":"||kavelplatform.nl/assets/uploads/banners/"},"priority":1},{"id":9709,"action":{"type":"block"},"condition":{"urlFilter":"||kilroynews.net^*banner"},"priority":1},{"id":9744,"action":{"type":"block"},"condition":{"urlFilter":"||klokradio.nl/wp-content/uploads/*/adv-"},"priority":1},{"id":9795,"action":{"type":"block"},"condition":{"urlFilter":"||kranenwebsite.nl/banners/"},"priority":1},{"id":9833,"action":{"type":"block"},"condition":{"urlFilter":"||landenweb.nl/imgBoeking/"},"priority":1},{"id":9870,"action":{"type":"block"},"condition":{"urlFilter":"||linqmedia.nl/cwm/fm/userfiles/banner/"},"priority":1},{"id":9920,"action":{"type":"block"},"condition":{"urlFilter":"||loemedia.nl/wp-content/uploads/*/BannerPruisSchilderwerken-"},"priority":1},{"id":9992,"action":{"type":"block"},"condition":{"urlFilter":"||loemedia.nl/wp-content/uploads/*/HemaBannerGroot-"},"priority":1},{"id":10054,"action":{"type":"block"},"condition":{"urlFilter":"||lokaleomroepzeewolde.nl/images/banners/"},"priority":1},{"id":10106,"action":{"type":"block"},"condition":{"urlFilter":"||luister.nl/wp-content/uploads/*/Banner_"},"priority":1},{"id":10158,"action":{"type":"block"},"condition":{"urlFilter":"||maarkelsnieuws.nl/banners/"},"priority":1},{"id":10197,"action":{"type":"block"},"condition":{"urlFilter":"||maaslandradio.nl/wp-content/uploads/*/autodoc."},"priority":1},{"id":10256,"action":{"type":"block"},"condition":{"urlFilter":"||maaslandradio.nl/wp-content/uploads/*/Banner-"},"priority":1},{"id":10314,"action":{"type":"block"},"condition":{"urlFilter":"||maaslandradio.nl/wp-content/uploads/*/Hekwerkland."},"priority":1},{"id":10377,"action":{"type":"block"},"condition":{"urlFilter":"||mandelnieuws.be^*/Sponsors/"},"priority":1},{"id":10417,"action":{"type":"block"},"condition":{"urlFilter":"||mannennieuws.nl/wp-content/uploads/*-banner."},"priority":1},{"id":10474,"action":{"type":"block"},"condition":{"urlFilter":"||marktplaats.nl/*/api/complementary-listings?"},"priority":1},{"id":10531,"action":{"type":"block"},"condition":{"urlFilter":"||meerdangewenst.nl^*/sponsors/"},"priority":1},{"id":10573,"action":{"type":"block"},"condition":{"urlFilter":"||metalfan.nl/banners/"},"priority":1},{"id":10606,"action":{"type":"block"},"condition":{"urlFilter":"||midvliet.nl/images/advertenties-"},"priority":1},{"id":10651,"action":{"type":"block"},"condition":{"urlFilter":"||mo.be/sites/default/files/banners/"},"priority":1},{"id":10698,"action":{"type":"block"},"condition":{"urlFilter":"||motocrossplanet.nl/banner/"},"priority":1},{"id":10737,"action":{"type":"block"},"condition":{"urlFilter":"||motocrossplanet.nl/wwwuploads/banners/"},"priority":1},{"id":10788,"action":{"type":"block"},"condition":{"urlFilter":"||motokicx.com/wp-content/uploads/*/BANNER-"},"priority":1},{"id":10842,"action":{"type":"block"},"condition":{"urlFilter":"||motokicx.com/wp-content/uploads/*/Website-ad-"},"priority":1},{"id":10900,"action":{"type":"block"},"condition":{"urlFilter":"||netonline.be/slices/banners/"},"priority":1},{"id":10941,"action":{"type":"block"},"condition":{"urlFilter":"||nevobo.nl^*/sponsor/"},"priority":1},{"id":10974,"action":{"type":"block"},"condition":{"urlFilter":"||niburu.co/images/banners/"},"priority":1},{"id":11012,"action":{"type":"block"},"condition":{"urlFilter":"||nieuwsopbeeld.nl/wp-content/uploads/*/Advertentie-"},"priority":1},{"id":11075,"action":{"type":"block"},"condition":{"urlFilter":"||nieuwsuitnijmegen.nl/gfx/banners/"},"priority":1},{"id":11121,"action":{"type":"block"},"condition":{"urlFilter":"||nieuwsuitnijmegen.nl/uploads/banners/"},"priority":1},{"id":11171,"action":{"type":"block"},"condition":{"urlFilter":"||noordkopcentraal.nl^*/banner_"},"priority":1},{"id":11213,"action":{"type":"block"},"condition":{"urlFilter":"||notebookcheck.nl/fileadmin/Sonstiges/amaz_","resourceTypes":["xmlhttprequest"]},"priority":101},{"id":11283,"action":{"type":"block"},"condition":{"urlFilter":"||nrc.nl/tag/tag.js"},"priority":1},{"id":11313,"action":{"type":"block"},"condition":{"urlFilter":"||omroeppenm.nl^*/banner/"},"priority":1},{"id":11349,"action":{"type":"block"},"condition":{"urlFilter":"||onderwijsland.com/files/banners/"},"priority":1},{"id":11394,"action":{"type":"block"},"condition":{"urlFilter":"||onderwijsland.com/files/partners/"},"priority":1},{"id":11440,"action":{"type":"block"},"condition":{"urlFilter":"||onlinecorrectie.nl/cnc/"},"priority":1},{"id":11476,"action":{"type":"block"},"condition":{"urlFilter":"||ontdek-amerika.nl/marketing/bartsbanner.gif"},"priority":1},{"id":11532,"action":{"type":"block"},"condition":{"urlFilter":"||oogtv.nl/wp-content/banners/"},"priority":1},{"id":11573,"action":{"type":"block"},"condition":{"urlFilter":"||oops.nl/banner/"},"priority":1},{"id":11601,"action":{"type":"block"},"condition":{"urlFilter":"||openingsurengids.be/includes/js/checkblockv2.js"},"priority":1},{"id":11661,"action":{"type":"block"},"condition":{"urlFilter":"||openingsurengids.be/template/images/publi/"},"priority":1},{"id":11716,"action":{"type":"block"},"condition":{"urlFilter":"||opwindend.net/Promotie/"},"priority":1},{"id":11752,"action":{"type":"block"},"condition":{"urlFilter":"||pdd-nos.nl/footer.html"},"priority":1},{"id":11787,"action":{"type":"block"},"condition":{"urlFilter":"||persberichten.com/Images/Banners/"},"priority":1},{"id":11833,"action":{"type":"block"},"condition":{"urlFilter":"||persberichten.com/Images/marcommit/"},"priority":1},{"id":11881,"action":{"type":"block"},"condition":{"urlFilter":"||popinstituut.nl/wp-content/uploads/2014/02/Huren.nl"},"priority":1},{"id":11945,"action":{"type":"block"},"condition":{"urlFilter":"||pornokartel.nl/wp-content/uploads/*/wp-script-leaderboard.gif"},"priority":1},{"id":12019,"action":{"type":"block"},"condition":{"urlFilter":"||promootjesite.nl/images/affliateBanner/"},"priority":1},{"id":12071,"action":{"type":"block"},"condition":{"urlFilter":"||propertynl.com/media/organization/banners/"},"priority":1},{"id":12126,"action":{"type":"block"},"condition":{"urlFilter":"||puurnaturisme.nl/images/banners/"},"priority":1},{"id":12171,"action":{"type":"block"},"condition":{"urlFilter":"||racexpress.nl/advertising/"},"priority":1},{"id":12210,"action":{"type":"block"},"condition":{"urlFilter":"||racingnews365.nl/images/banners/"},"priority":1},{"id":12255,"action":{"type":"block"},"condition":{"urlFilter":"||radioacacia.nl/sponsoren/"},"priority":1},{"id":12293,"action":{"type":"block"},"condition":{"urlFilter":"||radioeenhoorn.nl/images/Maxaro-badkamers-tegels.png"},"priority":1},{"id":12357,"action":{"type":"block"},"condition":{"urlFilter":"||radiolelystad.nl/images/stories/Banners/"},"priority":1},{"id":12410,"action":{"type":"block"},"condition":{"urlFilter":"||radioluisteren.fm/ads/"},"priority":1},{"id":12445,"action":{"type":"block"},"condition":{"urlFilter":"||radionl.fm/wp-content/uploads/*/Maxiaxi_"},"priority":1},{"id":12498,"action":{"type":"block"},"condition":{"urlFilter":"||radiostadmontfoort.nl/cms/img/ads/"},"priority":1},{"id":12545,"action":{"type":"block"},"condition":{"urlFilter":"||radiovisie.eu/wp-content/banners/"},"priority":1},{"id":12591,"action":{"type":"block"},"condition":{"urlFilter":"||railhobby.nl/wp-content/uploads/*_banner-"},"priority":1},{"id":12645,"action":{"type":"block"},"condition":{"urlFilter":"||rd.nl/deliver.js"},"priority":1},{"id":12674,"action":{"type":"block"},"condition":{"urlFilter":"||resources.planetnine.com/scripts/","initiatorDomains":["topgear.nl","voetbalverslaafd.nl"]},"priority":151},{"id":12770,"action":{"type":"block"},"condition":{"urlFilter":"||retaildetail.be/sites/default/files/banner/"},"priority":1},{"id":12826,"action":{"type":"block"},"condition":{"urlFilter":"||retaildetail.nl/sites/default/files/banner/"},"priority":1},{"id":12882,"action":{"type":"block"},"condition":{"urlFilter":"||rickfm.nl/cwm/fm/userfiles/banner/"},"priority":1},{"id":12929,"action":{"type":"block"},"condition":{"urlFilter":"||rivierenland-radio.nl/banners/"},"priority":1},{"id":12972,"action":{"type":"block"},"condition":{"urlFilter":"||rtvdordrecht.nl/cwm/fm/userfiles/banner/"},"priority":1},{"id":13025,"action":{"type":"block"},"condition":{"urlFilter":"||rtveen.nl/wp-content/uploads/*-Banner-"},"priority":1},{"id":13076,"action":{"type":"block"},"condition":{"urlFilter":"||rtveen.nl/wp-content/uploads/*/banner-"},"priority":1},{"id":13127,"action":{"type":"block"},"condition":{"urlFilter":"||rtvlansingerland.nl/wp-content/uploads/*/Zorgvilla.gif"},"priority":1},{"id":13194,"action":{"type":"block"},"condition":{"urlFilter":"||rtvmaastricht.nl/banners/"},"priority":1},{"id":13232,"action":{"type":"block"},"condition":{"urlFilter":"||rtvnof.nl/prowurk/"},"priority":1},{"id":13263,"action":{"type":"block"},"condition":{"urlFilter":"||schie.nu/images/banner/"},"priority":1},{"id":13299,"action":{"type":"block"},"condition":{"urlFilter":"||schuttevaer.nl/partnersites/"},"priority":1},{"id":13340,"action":{"type":"block"},"condition":{"urlFilter":"||seksverhalen.org/telefoonsex.png"},"priority":1},{"id":13385,"action":{"type":"block"},"condition":{"urlFilter":"||seksverhalen.org/vluggertjes.png"},"priority":1},{"id":13430,"action":{"type":"block"},"condition":{"urlFilter":"||sexchatlounge.nl/bannerlinks.html"},"priority":1},{"id":13476,"action":{"type":"block"},"condition":{"urlFilter":"||sexchatlounge.nl/bannerrechts.html"},"priority":1},{"id":13523,"action":{"type":"block"},"condition":{"urlFilter":"||sexervaringendelen.nl/porno/"},"priority":1},{"id":13564,"action":{"type":"block"},"condition":{"urlFilter":"||simone.nl/wp-content/uploads/*-banner-"},"priority":1},{"id":13615,"action":{"type":"block"},"condition":{"urlFilter":"||simone.nl/wp-content/uploads/*-besteonderdelen.nl-"},"priority":1},{"id":13678,"action":{"type":"block"},"condition":{"urlFilter":"||simone.nl/wp-content/uploads/*-onderdelenexpert.nl-"},"priority":1},{"id":13742,"action":{"type":"block"},"condition":{"urlFilter":"||simone.nl/wp-content/uploads/*/tijdelijkkkkk.png"},"priority":1},{"id":13803,"action":{"type":"block"},"condition":{"urlFilter":"||solarmagazine.nl/u/edwin/"},"priority":1},{"id":13841,"action":{"type":"block"},"condition":{"urlFilter":"||spreekbuis.nl/wp-content/uploads/*-banner-"},"priority":1},{"id":13896,"action":{"type":"block"},"condition":{"urlFilter":"||spreekbuis.nl/wp-content/uploads/*/Banner-"},"priority":1},{"id":13951,"action":{"type":"block"},"condition":{"urlFilter":"||srherald.com/wp-content/banners/"},"priority":1},{"id":13996,"action":{"type":"block"},"condition":{"urlFilter":"||streamwijzer.be/wp-content/uploads/*-banner."},"priority":1},{"id":14053,"action":{"type":"block"},"condition":{"urlFilter":"||te-les-koop.nl/images/B_"},"priority":1},{"id":14090,"action":{"type":"block"},"condition":{"urlFilter":"||techgaming.nl/image_uploads/sponsored/"},"priority":1},{"id":14141,"action":{"type":"block"},"condition":{"urlFilter":"||tennisplaza.be/wp-content/uploads/*/tennisdirect-"},"priority":1},{"id":14203,"action":{"type":"block"},"condition":{"urlFilter":"||tennisvlaanderen.be/documents/*/19Sponsorblok-"},"priority":1},{"id":14262,"action":{"type":"block"},"condition":{"urlFilter":"||tennisvlaanderen.be/documents/*/21Sponsorblok-"},"priority":1},{"id":14321,"action":{"type":"block"},"condition":{"urlFilter":"||tijd.be/ad/"},"priority":1},{"id":14345,"action":{"type":"block"},"condition":{"urlFilter":"||touretappe.nl/images/topposblock.html"},"priority":1},{"id":14395,"action":{"type":"block"},"condition":{"urlFilter":"||touretappe.nl/images/xtra/"},"priority":1},{"id":14434,"action":{"type":"block"},"condition":{"urlFilter":"||tpo.nl/broodplank/"},"priority":1},{"id":14465,"action":{"type":"block"},"condition":{"urlFilter":"||tradeidee.nl/banners/"},"priority":1},{"id":14499,"action":{"type":"block"},"condition":{"urlFilter":"||transport-online.nl/site/includes/uploads/banner-"},"priority":1},{"id":14561,"action":{"type":"block"},"condition":{"urlFilter":"||tvvisie.be/textads/textads.js"},"priority":1},{"id":14603,"action":{"type":"block"},"condition":{"urlFilter":"||twentefm.nl/directcast/custom/rtvnot/playout/commercials/"},"priority":1},{"id":14673,"action":{"type":"block"},"condition":{"urlFilter":"||uecl-voetbal.nl/derden/"},"priority":1},{"id":14709,"action":{"type":"block"},"condition":{"urlFilter":"||uel-voetbal.nl/derden/"},"priority":1},{"id":14744,"action":{"type":"block"},"condition":{"urlFilter":"||uitslagen.nl/banner/"},"priority":1},{"id":14777,"action":{"type":"block"},"condition":{"urlFilter":"||unity.nu^*/Banners/"},"priority":1},{"id":14809,"action":{"type":"block"},"condition":{"urlFilter":"||vagina.nl/fish-hooks/fetch.json"},"priority":1},{"id":14853,"action":{"type":"block"},"condition":{"urlFilter":"||vbro.be/wp-content/uploads/*/autoonderdelen24_"},"priority":1},{"id":14912,"action":{"type":"block"},"condition":{"urlFilter":"||verkeerplaza.nl/js/banner.js"},"priority":1},{"id":14953,"action":{"type":"block"},"condition":{"urlFilter":"||visserijnieuws.nl/images/banners/"},"priority":1},{"id":14999,"action":{"type":"block"},"condition":{"urlFilter":"||vitesse.nl/assets/img/layout/etoro-logo.png"},"priority":1},{"id":15055,"action":{"type":"block"},"condition":{"urlFilter":"||vitesse.nl^*_sponsors_footer.png"},"priority":1},{"id":15100,"action":{"type":"block"},"condition":{"urlFilter":"||vives.nl/wp-content/uploads/*-Banner-"},"priority":1},{"id":15150,"action":{"type":"block"},"condition":{"urlFilter":"||vives.nl/wp-content/uploads/Banner_"},"priority":1},{"id":15198,"action":{"type":"block"},"condition":{"urlFilter":"||voetbalkrant.com/images/pub/"},"priority":1},{"id":15239,"action":{"type":"block"},"condition":{"urlFilter":"||voetbalnederland.nl/img/bravo.gif"},"priority":1},{"id":15285,"action":{"type":"block"},"condition":{"urlFilter":"||voetbalrotterdam.nl/wp-content/uploads/*/soccerdealbanner1170.jpg"},"priority":1},{"id":15363,"action":{"type":"block"},"condition":{"urlFilter":"||volleybal.nl/uploads/images/Banners/"},"priority":1},{"id":15412,"action":{"type":"block"},"condition":{"urlFilter":"||volleybal.nl/uploads/images/Logos/"},"priority":1},{"id":15459,"action":{"type":"block"},"condition":{"urlFilter":"||vtm.be^*-achtergrond-","initiatorDomains":["koken.vtm.be"]},"priority":201},{"id":15525,"action":{"type":"block"},"condition":{"urlFilter":"||vtm.be^*-header-","initiatorDomains":["koken.vtm.be"]},"priority":201},{"id":15586,"action":{"type":"block"},"condition":{"urlFilter":"||waarzo.nl/imagestore/banners/"},"priority":1},{"id":15628,"action":{"type":"block"},"condition":{"urlFilter":"||waarzo.nl/imagestore/site-banners/"},"priority":1},{"id":15675,"action":{"type":"block"},"condition":{"urlFilter":"||waldnet.nl/images/ac/"},"priority":1},{"id":15709,"action":{"type":"block"},"condition":{"urlFilter":"||wanttoknow.nl^*Banner"},"priority":1},{"id":15743,"action":{"type":"block"},"condition":{"urlFilter":"||watersport-tv.nl/content/31400/pages/clnt/"},"priority":1},{"id":15798,"action":{"type":"block"},"condition":{"urlFilter":"||webcam-aalsmeer.nl/media/banners/"},"priority":1},{"id":15844,"action":{"type":"block"},"condition":{"urlFilter":"||webcam-aalsmeer.nl/media/banners2/"},"priority":1},{"id":15891,"action":{"type":"block"},"condition":{"urlFilter":"||webcam-airport.nl/media/banners/"},"priority":1},{"id":15936,"action":{"type":"block"},"condition":{"urlFilter":"||webcam-airport.nl/media/banners2/"},"priority":1},{"id":15982,"action":{"type":"block"},"condition":{"urlFilter":"||webcam-binnenvaart.nl/media/banners/"},"priority":1},{"id":16031,"action":{"type":"block"},"condition":{"urlFilter":"||webcam-binnenvaart.nl/media/banners2/"},"priority":1},{"id":16081,"action":{"type":"block"},"condition":{"urlFilter":"||webcam-blokzijl.nl/media/banners/"},"priority":1},{"id":16127,"action":{"type":"block"},"condition":{"urlFilter":"||webcam-blokzijl.nl/media/banners2/"},"priority":1},{"id":16174,"action":{"type":"block"},"condition":{"urlFilter":"||webcam-brandaris.nl/media/banners/"},"priority":1},{"id":16221,"action":{"type":"block"},"condition":{"urlFilter":"||webcam-brandaris.nl/media/banners2/"},"priority":1},{"id":16269,"action":{"type":"block"},"condition":{"urlFilter":"||webcam-delfzijl.nl/media/banners/"},"priority":1},{"id":16315,"action":{"type":"block"},"condition":{"urlFilter":"||webcam-delfzijl.nl/media/banners2/"},"priority":1},{"id":16362,"action":{"type":"block"},"condition":{"urlFilter":"||webcam-denhelder.nl/media/banners/"},"priority":1},{"id":16409,"action":{"type":"block"},"condition":{"urlFilter":"||webcam-denhelder.nl/media/banners2/"},"priority":1},{"id":16457,"action":{"type":"block"},"condition":{"urlFilter":"||webcam-denoever.nl/media/banners/"},"priority":1},{"id":16503,"action":{"type":"block"},"condition":{"urlFilter":"||webcam-denoever.nl/media/banners2/"},"priority":1},{"id":16550,"action":{"type":"block"},"condition":{"urlFilter":"||webcam-dokkum.nl/media/banners/"},"priority":1},{"id":16594,"action":{"type":"block"},"condition":{"urlFilter":"||webcam-dokkum.nl/media/banners2/"},"priority":1},{"id":16639,"action":{"type":"block"},"condition":{"urlFilter":"||webcam-dordrecht.nl/media/banners/"},"priority":1},{"id":16686,"action":{"type":"block"},"condition":{"urlFilter":"||webcam-dordrecht.nl/media/banners2/"},"priority":1},{"id":16734,"action":{"type":"block"},"condition":{"urlFilter":"||webcam-enkhuizen.nl/media/banners/"},"priority":1},{"id":16781,"action":{"type":"block"},"condition":{"urlFilter":"||webcam-enkhuizen.nl/media/banners2/"},"priority":1},{"id":16829,"action":{"type":"block"},"condition":{"urlFilter":"||webcam-friesemeren.nl/media/banners/"},"priority":1},{"id":16878,"action":{"type":"block"},"condition":{"urlFilter":"||webcam-friesemeren.nl/media/banners2/"},"priority":1},{"id":16928,"action":{"type":"block"},"condition":{"urlFilter":"||webcam-grou.nl/media/banners/"},"priority":1},{"id":16970,"action":{"type":"block"},"condition":{"urlFilter":"||webcam-grou.nl/media/banners2/"},"priority":1},{"id":17013,"action":{"type":"block"},"condition":{"urlFilter":"||webcam-harlingen.nl/media/banners/"},"priority":1},{"id":17060,"action":{"type":"block"},"condition":{"urlFilter":"||webcam-harlingen.nl/media/banners2/"},"priority":1},{"id":17108,"action":{"type":"block"},"condition":{"urlFilter":"||webcam-havenijmuiden.nl/media/banners/"},"priority":1},{"id":17159,"action":{"type":"block"},"condition":{"urlFilter":"||webcam-havenijmuiden.nl/media/banners2/"},"priority":1},{"id":17211,"action":{"type":"block"},"condition":{"urlFilter":"||webcam-hindeloopen.nl/media/banners/"},"priority":1},{"id":17260,"action":{"type":"block"},"condition":{"urlFilter":"||webcam-hindeloopen.nl/media/banners2/"},"priority":1},{"id":17310,"action":{"type":"block"},"condition":{"urlFilter":"||webcam-hoekvanholland.nl/media/banners/"},"priority":1},{"id":17362,"action":{"type":"block"},"condition":{"urlFilter":"||webcam-hoekvanholland.nl/media/banners2/"},"priority":1},{"id":17415,"action":{"type":"block"},"condition":{"urlFilter":"||webcam-kampen.nl/media/banners/"},"priority":1},{"id":17459,"action":{"type":"block"},"condition":{"urlFilter":"||webcam-kampen.nl/media/banners2/"},"priority":1},{"id":17504,"action":{"type":"block"},"condition":{"urlFilter":"||webcam-lauwersoog.nl/media/banners/"},"priority":1},{"id":17552,"action":{"type":"block"},"condition":{"urlFilter":"||webcam-lauwersoog.nl/media/banners2/"},"priority":1},{"id":17601,"action":{"type":"block"},"condition":{"urlFilter":"||webcam-leeuwarden.nl/media/banners/"},"priority":1},{"id":17649,"action":{"type":"block"},"condition":{"urlFilter":"||webcam-leeuwarden.nl/media/banners2/"},"priority":1},{"id":17698,"action":{"type":"block"},"condition":{"urlFilter":"||webcam-lelystad.nl/media/banners/"},"priority":1},{"id":17744,"action":{"type":"block"},"condition":{"urlFilter":"||webcam-lelystad.nl/media/banners2/"},"priority":1},{"id":17791,"action":{"type":"block"},"condition":{"urlFilter":"||webcam-maassluis.nl/media/banners/"},"priority":1},{"id":17838,"action":{"type":"block"},"condition":{"urlFilter":"||webcam-maassluis.nl/media/banners2/"},"priority":1},{"id":17886,"action":{"type":"block"},"condition":{"urlFilter":"||webcam-maastricht.nl/media/banners/"},"priority":1},{"id":17934,"action":{"type":"block"},"condition":{"urlFilter":"||webcam-maastricht.nl/media/banners2/"},"priority":1},{"id":17983,"action":{"type":"block"},"condition":{"urlFilter":"||webcam-marken.nl/media/banners/"},"priority":1},{"id":18027,"action":{"type":"block"},"condition":{"urlFilter":"||webcam-marken.nl/media/banners2/"},"priority":1},{"id":18072,"action":{"type":"block"},"condition":{"urlFilter":"||webcam-monnickendam.nl/media/banners/"},"priority":1},{"id":18122,"action":{"type":"block"},"condition":{"urlFilter":"||webcam-monnickendam.nl/media/banners2/"},"priority":1},{"id":18173,"action":{"type":"block"},"condition":{"urlFilter":"||webcam-rotterdam.nl/media/banners/"},"priority":1},{"id":18220,"action":{"type":"block"},"condition":{"urlFilter":"||webcam-rotterdam.nl/media/banners2/"},"priority":1},{"id":18268,"action":{"type":"block"},"condition":{"urlFilter":"||webcam-sneek.nl/media/banners/"},"priority":1},{"id":18311,"action":{"type":"block"},"condition":{"urlFilter":"||webcam-sneek.nl/media/banners2/"},"priority":1},{"id":18355,"action":{"type":"block"},"condition":{"urlFilter":"||webcam-terneuzen.nl/media/banners/"},"priority":1},{"id":18402,"action":{"type":"block"},"condition":{"urlFilter":"||webcam-terneuzen.nl/media/banners2/"},"priority":1},{"id":18450,"action":{"type":"block"},"condition":{"urlFilter":"||webcam-vlaardingen.nl/media/banners/"},"priority":1},{"id":18499,"action":{"type":"block"},"condition":{"urlFilter":"||webcam-vlaardingen.nl/media/banners2/"},"priority":1},{"id":18549,"action":{"type":"block"},"condition":{"urlFilter":"||webcam-volendam.nl/media/banners/"},"priority":1},{"id":18595,"action":{"type":"block"},"condition":{"urlFilter":"||webcam-volendam.nl/media/banners2/"},"priority":1},{"id":18642,"action":{"type":"block"},"condition":{"urlFilter":"||webcam-workum.nl//media/banners/"},"priority":1},{"id":18687,"action":{"type":"block"},"condition":{"urlFilter":"||webcam-workum.nl/media/banners2/"},"priority":1},{"id":18732,"action":{"type":"block"},"condition":{"urlFilter":"||webcam-zaanzicht.nl/media/banners/"},"priority":1},{"id":18779,"action":{"type":"block"},"condition":{"urlFilter":"||webcam-zaanzicht.nl/media/banners2/"},"priority":1},{"id":18827,"action":{"type":"block"},"condition":{"urlFilter":"||webcam-zoutkamp.nl/media/banners/"},"priority":1},{"id":18873,"action":{"type":"block"},"condition":{"urlFilter":"||webcam-zoutkamp.nl/media/banners2/"},"priority":1},{"id":18920,"action":{"type":"block"},"condition":{"urlFilter":"||webcam-zwartsluis.nl/media/banners/"},"priority":1},{"id":18968,"action":{"type":"block"},"condition":{"urlFilter":"||webcam-zwartsluis.nl/media/banners2/"},"priority":1},{"id":19017,"action":{"type":"block"},"condition":{"urlFilter":"||webcams-ameland.nl/media/banners/"},"priority":1},{"id":19063,"action":{"type":"block"},"condition":{"urlFilter":"||webcams-ameland.nl/media/banners2/"},"priority":1},{"id":19110,"action":{"type":"block"},"condition":{"urlFilter":"||webcams-scheveningen.nl/media/banners/"},"priority":1},{"id":19161,"action":{"type":"block"},"condition":{"urlFilter":"||webcams-scheveningen.nl/media/banners2/"},"priority":1},{"id":19213,"action":{"type":"block"},"condition":{"urlFilter":"||webcams-texel.nl/media/banners/"},"priority":1},{"id":19257,"action":{"type":"block"},"condition":{"urlFilter":"||webcams-texel.nl/media/banners2/"},"priority":1},{"id":19302,"action":{"type":"block"},"condition":{"urlFilter":"||webcams-vlissingen.nl/media/banners/"},"priority":1},{"id":19351,"action":{"type":"block"},"condition":{"urlFilter":"||webcams-vlissingen.nl/media/banners2/"},"priority":1},{"id":19401,"action":{"type":"block"},"condition":{"urlFilter":"||webcamschiermonnikoog.nl/media/banners/"},"priority":1},{"id":19453,"action":{"type":"block"},"condition":{"urlFilter":"||webcamschiermonnikoog.nl/media/banners2/"},"priority":1},{"id":19506,"action":{"type":"block"},"condition":{"urlFilter":"||webcamvlieland.nl/media/banners/"},"priority":1},{"id":19551,"action":{"type":"block"},"condition":{"urlFilter":"||webcamvlieland.nl/media/banners2/"},"priority":1},{"id":19597,"action":{"type":"block"},"condition":{"urlFilter":"||webstick.nl/images/images-ads/"},"priority":1},{"id":19640,"action":{"type":"block"},"condition":{"urlFilter":"||wereldstopcontacten.nl/wp-content/uploads/*/image-aff-nl.jpg"},"priority":1},{"id":19713,"action":{"type":"block"},"condition":{"urlFilter":"||wieringernieuws.nl/gfx/ads/"},"priority":1},{"id":19753,"action":{"type":"block"},"condition":{"urlFilter":"||wijchensnieuws.nl/uploads/banners/"},"priority":1},{"id":19800,"action":{"type":"block"},"condition":{"urlFilter":"||wildfm.nl/wp-content/uploads/*/thumbnail_image002.png"},"priority":1},{"id":19866,"action":{"type":"block"},"condition":{"urlFilter":"||willem-ii.nl/banner/"},"priority":1},{"id":19899,"action":{"type":"block"},"condition":{"urlFilter":"||wp.com/amsterdamactueel.nl/wp-content/uploads/*/728x60_"},"priority":1},{"id":19967,"action":{"type":"block"},"condition":{"urlFilter":"||wp.com/romagazine.nl/14nwsite/wp-content/uploads/2021/07/amstelveen.jpg"},"priority":1},{"id":20051,"action":{"type":"block"},"condition":{"urlFilter":"||wp.com/romagazine.nl/14nwsite/wp-content/uploads/2021/07/Coordinatoromgevingsvergunningen-Rijksoverheid-"},"priority":1},{"id":20168,"action":{"type":"block"},"condition":{"urlFilter":"||wp.com/romagazine.nl/14nwsite/wp-content/uploads/2021/07/enschede.png"},"priority":1},{"id":20250,"action":{"type":"block"},"condition":{"urlFilter":"||wp.com/romagazine.nl/14nwsite/wp-content/uploads/2021/07/rijksoverheid-"},"priority":1},{"id":20334,"action":{"type":"block"},"condition":{"urlFilter":"||wp.com/romagazine.nl/14nwsite/wp-content/uploads/2021/07/seniorprojectleideralmelo.jpg"},"priority":1},{"id":20433,"action":{"type":"block"},"condition":{"urlFilter":"||wp.com/www.appletips.nl/wp-content/uploads/amacdeals.jpg"},"priority":1},{"id":20502,"action":{"type":"block"},"condition":{"urlFilter":"||wp.com/www.appletips.nl/wp-content/uploads/cnmx.png"},"priority":1},{"id":20566,"action":{"type":"block"},"condition":{"urlFilter":"||wp.com/www.appletips.nl/wp-content/uploads/upgreatest1.png"},"priority":1},{"id":20637,"action":{"type":"block"},"condition":{"urlFilter":"||wp.com/www.regionoordkop.nl/wp-content/uploads/*/banner-"},"priority":1},{"id":20706,"action":{"type":"block"},"condition":{"urlFilter":"||wp.com/www.regionoordkop.nl/wp-content/uploads/*/Bdijknov2016336x280.gif"},"priority":1},{"id":20791,"action":{"type":"block"},"condition":{"urlFilter":"||wp.com/www.regionoordkop.nl/wp-content/uploads/*/Costa.jpg"},"priority":1},{"id":20862,"action":{"type":"block"},"condition":{"urlFilter":"||yachtfocus.com^*/bnr/"},"priority":1},{"id":20896,"action":{"type":"block"},"condition":{"urlFilter":"||zilverengoudkopen.nl/banners/"},"priority":1},{"id":20938,"action":{"type":"block"},"condition":{"urlFilter":"||zoekhulp.nl/img/bnr-"},"priority":1},{"id":20971,"action":{"type":"block"},"condition":{"urlFilter":"||zwartewaterfm.nl/images/SponsorenZwarteWaterFM.jpg"},"priority":1},{"id":21274,"action":{"type":"allow"},"condition":{"urlFilter":"||2mdn.net/instream/html5/ima3.js","initiatorDomains":["autoblog.bbvms.com","omroepbrabant.nl"],"resourceTypes":["script"]},"priority":100251},{"id":21382,"action":{"type":"allow"},"condition":{"urlFilter":"||ads.nextday.media/prebid/jw-video/7.43.0.min.js","initiatorDomains":["vi.nl"]},"priority":100201},{"id":21467,"action":{"type":"allow"},"condition":{"urlFilter":"||ads.viralize.tv/display/?zid=","initiatorDomains":["crime-nieuws.nl"],"resourceTypes":["script"]},"priority":100301},{"id":21553,"action":{"type":"allow"},"condition":{"urlFilter":"||advertising-module.api.dpgmedia.cloud/video/","initiatorDomains":["sportnieuws.nl"],"resourceTypes":["xmlhttprequest"]},"priority":100301},{"id":21653,"action":{"type":"allow"},"condition":{"urlFilter":"||aka.spotxcdn.com/integration/ados/v1/ados.js","initiatorDomains":["radioluisteren.fm"],"resourceTypes":["script"]},"priority":100301},{"id":21756,"action":{"type":"allow"},"condition":{"urlFilter":"||cdn.bluebillywig.com/scripts/prebid/*/bluebillywig_pbjs.js","initiatorDomains":["autoblog.bbvms.com"],"resourceTypes":["script"]},"priority":100301},{"id":21874,"action":{"type":"allow"},"condition":{"urlFilter":"||cdn.spotxcdn.com/integration/easi/v1/easi.js","initiatorDomains":["radioluisteren.fm"],"resourceTypes":["script"]},"priority":100301},{"id":21977,"action":{"type":"allow"},"condition":{"urlFilter":"||files.skoften.net/website/lib/vjs/plugins/ads/videojs.ads.min.js","domainType":"firstParty","resourceTypes":["script"]},"priority":100102},{"id":22078,"action":{"type":"allow"},"condition":{"urlFilter":"||imasdk.googleapis.com/js/sdkloader/ima3.js","initiatorDomains":["crime-nieuws.nl","dailybuzz.nl","goplay.be","skoften.net","sportnieuws.nl","vtm.be","weerplaza.nl"]},"priority":100116},{"id":22238,"action":{"type":"allow"},"condition":{"urlFilter":"||imasdk.googleapis.com/js/sdkloader/ima3_dai.js","initiatorDomains":["goplay.be"]},"priority":100201},{"id":22326,"action":{"type":"allow"},"condition":{"urlFilter":"||improvedigital.com/pbw/headerlift.min.js","initiatorDomains":["spelletjes.nl"]},"priority":100201},{"id":22412,"action":{"type":"allow"},"condition":{"urlFilter":"||js.spotx.tv/ados/v1/106185.js","initiatorDomains":["radioluisteren.fm"],"resourceTypes":["script"]},"priority":100301},{"id":22500,"action":{"type":"allow"},"condition":{"urlFilter":"||massariuscdn.com/pubs/","initiatorDomains":["dailybuzz.nl","radio.nl","welingelichtekringen.nl"],"resourceTypes":["script"]},"priority":100235},{"id":22609,"action":{"type":"allow"},"condition":{"urlFilter":"||mmcdn.nl/tags/vkmag.com/pagina.js","initiatorDomains":["vkmag.com"],"resourceTypes":["script"]},"priority":100301},{"id":22693,"action":{"type":"allow"},"condition":{"urlFilter":"||monetize-static.viralize.tv/viralize_player_content.","initiatorDomains":["crime-nieuws.nl"],"resourceTypes":["script"]},"priority":100301},{"id":22802,"action":{"type":"allow"},"condition":{"urlFilter":"||search.spotxchange.com/js/spotx.js","initiatorDomains":["radioluisteren.fm"],"resourceTypes":["script"]},"priority":100301},{"id":22895,"action":{"type":"allow"},"condition":{"urlFilter":"||sync.search.spotxchange.com/partner?source=easi","initiatorDomains":["radioluisteren.fm"],"resourceTypes":["image"]},"priority":100301},{"id":23001,"action":{"type":"allow"},"condition":{"urlFilter":"||tools.vpscash.nl/datingv3/docs/plug_and_play/","initiatorDomains":["flirtmee.nl"],"resourceTypes":["sub_frame"]},"priority":100301},{"id":23099,"action":{"type":"allow"},"condition":{"urlFilter":"||adserver.hollandcasino.nl^","initiatorDomains":["onlinecasinoground.nl"],"resourceTypes":["main_frame"]},"priority":100201},{"id":23188,"action":{"type":"allow"},"condition":{"urlFilter":"||images.2dehands.com/api/v1/listing-twh-p/images/ad/","initiatorDomains":["2dehands.be"],"resourceTypes":["image"]},"priority":100301},{"id":23292,"action":{"type":"allow"},"condition":{"urlFilter":"||showmodeluitverkoop.nl/upload/advertentie/"},"priority":100001},{"id":23347,"action":{"type":"allow"},"condition":{"urlFilter":"||sliedrecht24.nl/wp-content/uploads/2022/02/Banner-300x250-1.jpg.webp"},"priority":100001},{"id":23428,"action":{"type":"allow"},"condition":{"urlFilter":"||te-les-koop.nl/advertenties.php"},"priority":100001},{"id":23472,"action":{"type":"allow"},"condition":{"urlFilter":"||zilverengoudkopen.nl/banners/header.jpg"},"priority":100001},{"id":23524,"action":{"type":"allow"},"condition":{"urlFilter":"||zilverengoudkopen.nl/banners/onder.jpg"},"priority":100001},{"id":23575,"action":{"type":"allow"},"condition":{"urlFilter":"||vinatera.be/wp-content/uploads/*_300x600.","domainType":"firstParty","resourceTypes":["image"]},"priority":100102},{"id":100786,"action":{"type":"block"},"condition":{"urlFilter":"||proxy.optoutadserving.com^"},"priority":1},{"id":100825,"action":{"type":"block"},"condition":{"urlFilter":"||cryptosplash.care^"},"priority":1},{"id":100856,"action":{"type":"block"},"condition":{"urlFilter":"||cryptobeneluxbanner.care^"},"priority":1},{"id":100894,"action":{"type":"block"},"condition":{"urlFilter":"||cdn.optoutadvertising.com^"},"priority":1},{"id":100933,"action":{"type":"block"},"condition":{"urlFilter":"||pexi.nl^","domainType":"thirdParty"},"priority":2},{"id":100969,"action":{"type":"block"},"condition":{"urlFilter":"||adconfigproxy.azurewebsites.net^","domainType":"thirdParty"},"priority":2},{"id":101029,"action":{"type":"block"},"condition":{"urlFilter":"||x9t7g4m2qk2.azurewebsites.net^"},"priority":1},{"id":101072,"action":{"type":"block"},"condition":{"urlFilter":"||kjdsfjisdfjr23.azurewebsites.net^"},"priority":1},{"id":101118,"action":{"type":"block"},"condition":{"urlFilter":"||content2.nrc.nl^"},"priority":1},{"id":101147,"action":{"type":"block"},"condition":{"urlFilter":"||aa.hwigroup.com^"},"priority":1},{"id":101176,"action":{"type":"block"},"condition":{"urlFilter":"||ab.hwigroup.com^"},"priority":1},{"id":101205,"action":{"type":"block"},"condition":{"urlFilter":"||aa.tweakers.nl^"},"priority":1},{"id":101233,"action":{"type":"block"},"condition":{"urlFilter":"||ab.tweakers.nl^"},"priority":1},{"id":101261,"action":{"type":"allow"},"condition":{"urlFilter":"/ad_pics/*","initiatorDomains":["computerworld.nl","webwereld.nl"],"resourceTypes":["image"]},"priority":100251},{"id":101340,"action":{"type":"allow"},"condition":{"urlFilter":"||tweakers.net/i^","resourceTypes":["image"]},"priority":100101},{"id":101383,"action":{"type":"allow"},"condition":{"urlFilter":"||content.hwigroup.net/images^","initiatorDomains":["hardware.info"]},"priority":100201},{"id":101588,"action":{"type":"allow"},"condition":{"urlFilter":"||assets.prod.webx.talpa.digital/ad/view/","initiatorDomains":["hartvannederland.nl"]},"priority":100201},{"id":101879,"action":{"type":"allow"},"condition":{"urlFilter":"||looopings.nl/*.js","domainType":"firstParty","resourceTypes":["script"]},"priority":100102},{"id":103375,"action":{"type":"allow"},"condition":{"urlFilter":"||aa.tweakers.nl/json","initiatorDomains":["tweakers.net"]},"priority":100201},{"id":103439,"action":{"type":"allow"},"condition":{"urlFilter":"/prebid/ad.gif?user=*&adId=","initiatorDomains":["kijk.nl"]},"priority":100201},{"id":103504,"action":{"type":"allow"},"condition":{"urlFilter":"||ads-talpa.adhese.com/json/","initiatorDomains":["kijk.nl"]},"priority":100201},{"id":103737,"action":{"type":"redirect","redirect":{"extensionPath":"/web-accessible-resources/redirects/googletagservices-gpt.js"}},"condition":{"urlFilter":"||securepubads.g.doubleclick.net/tag/js/gpt.js","initiatorDomains":["goplay.be"],"resourceTypes":["script"]},"priority":1301},{"id":103846,"action":{"type":"allow"},"condition":{"urlFilter":"||pubads.g.doubleclick.net/ondemand/*/content/*/vid/*/streams","initiatorDomains":["goplay.be"]},"priority":100201},{"id":103947,"action":{"type":"block"},"condition":{"urlFilter":"||pubads.g.doubleclick.net/ondemand/*/content/*/vid/*/streams/*/time-events.json","initiatorDomains":["goplay.be"]},"priority":1000201},{"id":104279,"action":{"type":"allow"},"condition":{"urlFilter":"||imasdk.googleapis.com/js/sdkloader/ima3_dai.js","initiatorDomains":["goplay.be"],"resourceTypes":["script"]},"priority":100301},{"id":104376,"action":{"type":"redirect","redirect":{"extensionPath":"/web-accessible-resources/redirects/noopjs.js"}},"condition":{"urlFilter":"||imasdk.googleapis.com/js/sdkloader/ima3.js","initiatorDomains":["goplay.be"],"resourceTypes":["script"]},"priority":1301},{"id":104483,"action":{"type":"block"},"condition":{"urlFilter":"||goplay.be/js/sourcepoint/msg?v="},"priority":1},{"id":104982,"action":{"type":"allow"},"condition":{"urlFilter":"||videoplayer.dpgmedia.net/*/ad_smartads_.js","initiatorDomains":["vtm.be"]},"priority":100201},{"id":105063,"action":{"type":"block"},"condition":{"urlFilter":"||knack.be/js/responsive/rmgAdCheck.js"},"priority":1},{"id":105342,"action":{"type":"allow"},"condition":{"urlFilter":"||indeleiderstrui.nl/media/","resourceTypes":["image"]},"priority":100101},{"id":105395,"action":{"type":"allow"},"condition":{"urlFilter":"||videoplayer.persgroep.be/*/ad_smartads_.js","initiatorDomains":["vtm.be"]},"priority":100201},{"id":105476,"action":{"type":"block"},"condition":{"urlFilter":"||a.medialaancdn.be^"},"priority":1},{"id":105507,"action":{"type":"allow"},"condition":{"urlFilter":"||embed.kijk.nl/talpa-jw-skin/js/adsbygoogle.js","initiatorDomains":["embed.kijk.nl"],"resourceTypes":["script"]},"priority":100301},{"id":105672,"action":{"type":"allow"},"condition":{"urlFilter":"||static.webwereld.nl/javascripts/advert.js"},"priority":100001},{"id":105726,"action":{"type":"allow"},"condition":{"urlFilter":"||v.fwmrm.net/ad/g/1","initiatorDomains":["player.medialaancdn.be","vtm.be"]},"priority":100151},{"id":106129,"action":{"type":"allow"},"condition":{"urlFilter":"||static.buienradar.nl/resources/js/advertisement.js"},"priority":100001},{"id":108196,"action":{"type":"redirect","redirect":{"extensionPath":"/web-accessible-resources/redirects/noopmp4.mp4"}},"condition":{"urlFilter":"||cdn-ster-nl.akamaized.net/STERAD_P_*.mp4^","initiatorDomains":["nos.nl"],"resourceTypes":["media"]},"priority":1301},{"id":108367,"action":{"type":"block"},"condition":{"urlFilter":"||adconfig.ster.nl^","initiatorDomains":["nos.nl"]},"priority":201},{"id":108423,"action":{"type":"block"},"condition":{"urlFilter":"||hfg.iuknyw5evnygw9v.nl/*?*=omroepzeeland&direct="},"priority":1},{"id":108484,"action":{"type":"block"},"condition":{"urlFilter":"||2mdn.net/instream/html5/ima3.js","initiatorDomains":["omroepzeeland.nl"]},"priority":1000201},{"id":109122,"action":{"type":"block"},"condition":{"urlFilter":"||biernet.nl/site/plugins/bja_new/redirect.php"},"priority":1},{"id":109579,"action":{"type":"block"},"condition":{"urlFilter":"||cdn.aa.onstuimig.nl/mega-publishers/nieuwspaal.nl.js"},"priority":1},{"id":114956,"action":{"type":"block"},"condition":{"urlFilter":"||e*.knack.be/rest/dialogues/files/*/Banner_Notificaties_AppInstall"},"priority":1},{"id":115380,"action":{"type":"block"},"condition":{"urlFilter":"||tweakers.net/*/build/banners.*.js"},"priority":1},{"id":115863,"action":{"type":"block"},"condition":{"urlFilter":"||itnijs.frl/wp-content/uploads/2017/10/bannerItNijs"},"priority":1},{"id":116627,"action":{"type":"block"},"condition":{"urlFilter":"||widget.vpnnederland.nl/VPNNederland-widget.js","initiatorDomains":["nzbserver.com"]},"priority":201},{"id":117628,"action":{"type":"block"},"condition":{"urlFilter":"||almere-nieuws.nl/banners_*.html"},"priority":1},{"id":117934,"action":{"type":"block"},"condition":{"urlFilter":"||developers.affiliateprogramma.eu/content-wrapper/general.js","initiatorDomains":["autobahn.eu"]},"priority":201},{"id":118037,"action":{"type":"block"},"condition":{"urlFilter":"||cdn.ster.nl/banners^"},"priority":1},{"id":118962,"action":{"type":"block"},"condition":{"urlFilter":"||handbalstartpunt.nl/*/uploads_filemanager/Banner"},"priority":1},{"id":119194,"action":{"type":"block"},"condition":{"urlFilter":"||gic.nl/uploads/fckconnector/","resourceTypes":["image"]},"priority":101},{"id":119520,"action":{"type":"block"},"condition":{"urlFilter":"||nnieuws.be/sites/default/files/banner-*.gif"},"priority":1},{"id":119576,"action":{"type":"block"},"condition":{"urlFilter":"||nnieuws.be/sites/default/files/*-300x300*.gif"},"priority":1},{"id":119634,"action":{"type":"block"},"condition":{"urlFilter":"||oozo.nl/images/zzpbanner.png"},"priority":1},{"id":120710,"action":{"type":"block"},"condition":{"urlFilter":"||mediareader.omroepwest.nl/gaslicht^"},"priority":1},{"id":120758,"action":{"type":"block"},"condition":{"urlFilter":"||unity.nu/media/*/BANNERS/"},"priority":1},{"id":120796,"action":{"type":"block"},"condition":{"urlFilter":"||topomania.net/sites/topomania.net/images/pacnum-promo.png"},"priority":1},{"id":120928,"action":{"type":"block"},"condition":{"urlFilter":"||pornozot.com/js/compiled/exo-"},"priority":1},{"id":120970,"action":{"type":"block"},"condition":{"urlFilter":"||pornozot.com/js/compiled/custom-vendor.js"},"priority":1},{"id":121473,"action":{"type":"block"},"condition":{"urlFilter":"||iframe.gsminfo.nl/*/populair-beknopt^","initiatorDomains":["allaboutphones.nl"]},"priority":201},{"id":123325,"action":{"type":"block"},"condition":{"urlFilter":"||bs.serving-sys.com/BurstingPipe/adServer.bs","initiatorDomains":["kijk.nl"]},"priority":201},{"id":123408,"action":{"type":"block"},"condition":{"urlFilter":"||cdn.sbsnet.nl/creatives/assets/*.mp4","initiatorDomains":["kijk.nl"]},"priority":201},{"id":123484,"action":{"type":"block"},"condition":{"urlFilter":"||d33t3vvu2t2yu5.cloudfront.net^","initiatorDomains":["nl.express.live"]},"priority":201},{"id":123562,"action":{"type":"block"},"condition":{"urlFilter":"||diomerc.com/baner/"},"priority":1},{"id":123593,"action":{"type":"block"},"condition":{"urlFilter":"||m.telegraaf.nl/static/lib/bva-widget.html?without-raid"},"priority":1},{"id":123660,"action":{"type":"block"},"condition":{"urlFilter":"||pcnltelecom.tdsapi.com/portal/iframe.js"},"priority":1},{"id":123712,"action":{"type":"block"},"condition":{"urlFilter":"||serving-sys.com/*.mp4^","initiatorDomains":["kijk.nl"]},"priority":201},{"id":123774,"action":{"type":"block"},"condition":{"urlFilter":"||totaaltv.nl/upload/Banner-sep-astrasat.gif"},"priority":1},{"id":124088,"action":{"type":"allow"},"condition":{"urlFilter":"||mmcdn.nl/tags/vkmag.com/"},"priority":100001},{"id":124245,"action":{"type":"allow"},"condition":{"urlFilter":"||markup.nieuwsblad.be/extra/assets/advertising/dfp-setup.js"},"priority":100001},{"id":124316,"action":{"type":"allow"},"condition":{"urlFilter":"||markup.nieuwsblad.be/extra/assets/advertising/prebid.js"},"priority":100001},{"id":124384,"action":{"type":"redirect","redirect":{"extensionPath":"/web-accessible-resources/redirects/googletagservices-gpt.js"}},"condition":{"urlFilter":"||securepubads.g.doubleclick.net/tag/js/gpt.js","initiatorDomains":["nieuwsblad.be"],"resourceTypes":["script"]},"priority":1301},{"id":124497,"action":{"type":"allow"},"condition":{"urlFilter":"||securepubads.g.doubleclick.net/gpt/pubads_impl_*.js","initiatorDomains":["standaard.be"]},"priority":100201},{"id":124593,"action":{"type":"allow"},"condition":{"urlFilter":"||securepubads.g.doubleclick.net/tag/js/gpt.js","initiatorDomains":["standaard.be"]},"priority":100201},{"id":124682,"action":{"type":"allow"},"condition":{"urlFilter":"||markup.standaard.be/extra/assets/advertising/dfp-setup.js"},"priority":100001},{"id":124752,"action":{"type":"allow"},"condition":{"urlFilter":"||markup.standaard.be/extra/assets/advertising/prebid.js"},"priority":100001},{"id":124819,"action":{"type":"allow"},"condition":{"urlFilter":"||player.ooyala.com/static/*/ad-plugin/","initiatorDomains":["qmusic.nl"]},"priority":100201},{"id":124898,"action":{"type":"allow"},"condition":{"urlFilter":"||kpn.com^","domainType":"thirdParty"},"priority":100002},{"id":125028,"action":{"type":"allow"},"condition":{"urlFilter":"||media.boomads.com/images^","initiatorDomains":["telegraaf.nl"]},"priority":100201},{"id":125098,"action":{"type":"allow"},"condition":{"urlFilter":"||publiekeomroep.nl^","initiatorDomains":["cinema.nl"],"resourceTypes":["stylesheet","script"]},"priority":100276}]